ISO-10303-21;
HEADER;
FILE_DESCRIPTION(('Open CASCADE Model'),'2;1');
FILE_NAME('Open CASCADE Shape Model','2026-08-29T16:18:11',('Author'),(
    'Open CASCADE'),'Open CASCADE STEP processor 7.7','Open CASCADE 7.7'
  ,'Unknown');
FILE_SCHEMA((
'AP242_MANAGED_MODEL_BASED_3D_ENGINEERING_MIM_LF. {1 0 10303 442 1 1 4 
}'));
ENDSEC;
DATA;
#1 = APPLICATION_PROTOCOL_DEFINITION('international standard',
  'ap242_managed_model_based_3d_engineering',2013,#2);
#2 = APPLICATION_CONTEXT('Managed model based 3d engineering');
#3 = SHAPE_DEFINITION_REPRESENTATION(#4,#10);
#4 = PRODUCT_DEFINITION_SHAPE('','',#5);
#5 = PRODUCT_DEFINITION('design','',#6,#9);
#6 = PRODUCT_DEFINITION_FORMATION('','',#7);
#7 = PRODUCT('ESPConsole front','ESPConsole front','',(#8));
#8 = PRODUCT_CONTEXT('',#2,'mechanical');
#9 = PRODUCT_DEFINITION_CONTEXT('part definition',#2,'design');
#10 = ADVANCED_BREP_SHAPE_REPRESENTATION('',(#11,#15),#3053);
#11 = AXIS2_PLACEMENT_3D('',#12,#13,#14);
#12 = CARTESIAN_POINT('',(0.,0.,0.));
#13 = DIRECTION('',(0.,0.,1.));
#14 = DIRECTION('',(1.,0.,-0.));
#15 = MANIFOLD_SOLID_BREP('',#16);
#16 = CLOSED_SHELL('',(#17,#259,#334,#387,#437,#464,#731,#885,#1125,
    #1265,#1580,#2003,#2035,#2075,#2107,#2147,#2179,#2219,#2251,#2291,
    #2323,#2363,#2391,#2431,#2458,#2505,#2531,#2558,#2584,#2611,#2638,
    #2665,#2672,#2699,#2754,#2809,#2864,#2919,#2974,#3029,#3033,#3037,
    #3041,#3045,#3049));
#17 = ADVANCED_FACE('',(#18,#139),#32,.T.);
#18 = FACE_BOUND('',#19,.T.);
#19 = EDGE_LOOP('',(#20,#55,#84,#112));
#20 = ORIENTED_EDGE('',*,*,#21,.F.);
#21 = EDGE_CURVE('',#22,#24,#26,.T.);
#22 = VERTEX_POINT('',#23);
#23 = CARTESIAN_POINT('',(-51.,39.,8.));
#24 = VERTEX_POINT('',#25);
#25 = CARTESIAN_POINT('',(51.,39.,8.));
#26 = SURFACE_CURVE('',#27,(#31,#43),.PCURVE_S1.);
#27 = LINE('',#28,#29);
#28 = CARTESIAN_POINT('',(-51.,39.,8.));
#29 = VECTOR('',#30,1.);
#30 = DIRECTION('',(1.,0.,0.));
#31 = PCURVE('',#32,#37);
#32 = PLANE('',#33);
#33 = AXIS2_PLACEMENT_3D('',#34,#35,#36);
#34 = CARTESIAN_POINT('',(-51.,-39.,8.));
#35 = DIRECTION('',(0.,0.,1.));
#36 = DIRECTION('',(1.,0.,0.));
#37 = DEFINITIONAL_REPRESENTATION('',(#38),#42);
#38 = LINE('',#39,#40);
#39 = CARTESIAN_POINT('',(0.,78.));
#40 = VECTOR('',#41,1.);
#41 = DIRECTION('',(1.,0.));
#42 = ( GEOMETRIC_REPRESENTATION_CONTEXT(2) 
PARAMETRIC_REPRESENTATION_CONTEXT() REPRESENTATION_CONTEXT('2D SPACE',''
  ) );
#43 = PCURVE('',#44,#49);
#44 = PLANE('',#45);
#45 = AXIS2_PLACEMENT_3D('',#46,#47,#48);
#46 = CARTESIAN_POINT('',(-51.,39.,0.));
#47 = DIRECTION('',(0.,1.,0.));
#48 = DIRECTION('',(0.,0.,1.));
#49 = DEFINITIONAL_REPRESENTATION('',(#50),#54);
#50 = LINE('',#51,#52);
#51 = CARTESIAN_POINT('',(8.,0.));
#52 = VECTOR('',#53,1.);
#53 = DIRECTION('',(0.,1.));
#54 = ( GEOMETRIC_REPRESENTATION_CONTEXT(2) 
PARAMETRIC_REPRESENTATION_CONTEXT() REPRESENTATION_CONTEXT('2D SPACE',''
  ) );
#55 = ORIENTED_EDGE('',*,*,#56,.T.);
#56 = EDGE_CURVE('',#22,#57,#59,.T.);
#57 = VERTEX_POINT('',#58);
#58 = CARTESIAN_POINT('',(-51.,-39.,8.));
#59 = SURFACE_CURVE('',#60,(#65,#72),.PCURVE_S1.);
#60 = CIRCLE('',#61,39.);
#61 = AXIS2_PLACEMENT_3D('',#62,#63,#64);
#62 = CARTESIAN_POINT('',(-51.,0.,8.));
#63 = DIRECTION('',(0.,0.,1.));
#64 = DIRECTION('',(1.,0.,0.));
#65 = PCURVE('',#32,#66);
#66 = DEFINITIONAL_REPRESENTATION('',(#67),#71);
#67 = CIRCLE('',#68,39.);
#68 = AXIS2_PLACEMENT_2D('',#69,#70);
#69 = CARTESIAN_POINT('',(0.,39.));
#70 = DIRECTION('',(1.,0.));
#71 = ( GEOMETRIC_REPRESENTATION_CONTEXT(2) 
PARAMETRIC_REPRESENTATION_CONTEXT() REPRESENTATION_CONTEXT('2D SPACE',''
  ) );
#72 = PCURVE('',#73,#78);
#73 = CYLINDRICAL_SURFACE('',#74,39.);
#74 = AXIS2_PLACEMENT_3D('',#75,#76,#77);
#75 = CARTESIAN_POINT('',(-51.,0.,0.));
#76 = DIRECTION('',(-0.,-0.,-1.));
#77 = DIRECTION('',(1.,0.,0.));
#78 = DEFINITIONAL_REPRESENTATION('',(#79),#83);
#79 = LINE('',#80,#81);
#80 = CARTESIAN_POINT('',(-0.,-8.));
#81 = VECTOR('',#82,1.);
#82 = DIRECTION('',(-1.,0.));
#83 = ( GEOMETRIC_REPRESENTATION_CONTEXT(2) 
PARAMETRIC_REPRESENTATION_CONTEXT() REPRESENTATION_CONTEXT('2D SPACE',''
  ) );
#84 = ORIENTED_EDGE('',*,*,#85,.T.);
#85 = EDGE_CURVE('',#57,#86,#88,.T.);
#86 = VERTEX_POINT('',#87);
#87 = CARTESIAN_POINT('',(51.,-39.,8.));
#88 = SURFACE_CURVE('',#89,(#93,#100),.PCURVE_S1.);
#89 = LINE('',#90,#91);
#90 = CARTESIAN_POINT('',(-51.,-39.,8.));
#91 = VECTOR('',#92,1.);
#92 = DIRECTION('',(1.,0.,0.));
#93 = PCURVE('',#32,#94);
#94 = DEFINITIONAL_REPRESENTATION('',(#95),#99);
#95 = LINE('',#96,#97);
#96 = CARTESIAN_POINT('',(0.,0.));
#97 = VECTOR('',#98,1.);
#98 = DIRECTION('',(1.,0.));
#99 = ( GEOMETRIC_REPRESENTATION_CONTEXT(2) 
PARAMETRIC_REPRESENTATION_CONTEXT() REPRESENTATION_CONTEXT('2D SPACE',''
  ) );
#100 = PCURVE('',#101,#106);
#101 = PLANE('',#102);
#102 = AXIS2_PLACEMENT_3D('',#103,#104,#105);
#103 = CARTESIAN_POINT('',(-51.,-39.,0.));
#104 = DIRECTION('',(0.,1.,0.));
#105 = DIRECTION('',(0.,0.,1.));
#106 = DEFINITIONAL_REPRESENTATION('',(#107),#111);
#107 = LINE('',#108,#109);
#108 = CARTESIAN_POINT('',(8.,0.));
#109 = VECTOR('',#110,1.);
#110 = DIRECTION('',(0.,1.));
#111 = ( GEOMETRIC_REPRESENTATION_CONTEXT(2) 
PARAMETRIC_REPRESENTATION_CONTEXT() REPRESENTATION_CONTEXT('2D SPACE',''
  ) );
#112 = ORIENTED_EDGE('',*,*,#113,.T.);
#113 = EDGE_CURVE('',#86,#24,#114,.T.);
#114 = SURFACE_CURVE('',#115,(#120,#127),.PCURVE_S1.);
#115 = CIRCLE('',#116,39.);
#116 = AXIS2_PLACEMENT_3D('',#117,#118,#119);
#117 = CARTESIAN_POINT('',(51.,0.,8.));
#118 = DIRECTION('',(0.,0.,1.));
#119 = DIRECTION('',(0.,-1.,0.));
#120 = PCURVE('',#32,#121);
#121 = DEFINITIONAL_REPRESENTATION('',(#122),#126);
#122 = CIRCLE('',#123,39.);
#123 = AXIS2_PLACEMENT_2D('',#124,#125);
#124 = CARTESIAN_POINT('',(102.,39.));
#125 = DIRECTION('',(0.,-1.));
#126 = ( GEOMETRIC_REPRESENTATION_CONTEXT(2) 
PARAMETRIC_REPRESENTATION_CONTEXT() REPRESENTATION_CONTEXT('2D SPACE',''
  ) );
#127 = PCURVE('',#128,#133);
#128 = CYLINDRICAL_SURFACE('',#129,39.);
#129 = AXIS2_PLACEMENT_3D('',#130,#131,#132);
#130 = CARTESIAN_POINT('',(51.,0.,0.));
#131 = DIRECTION('',(-0.,-0.,-1.));
#132 = DIRECTION('',(1.,0.,0.));
#133 = DEFINITIONAL_REPRESENTATION('',(#134),#138);
#134 = LINE('',#135,#136);
#135 = CARTESIAN_POINT('',(-4.712388980385,-8.));
#136 = VECTOR('',#137,1.);
#137 = DIRECTION('',(-1.,0.));
#138 = ( GEOMETRIC_REPRESENTATION_CONTEXT(2) 
PARAMETRIC_REPRESENTATION_CONTEXT() REPRESENTATION_CONTEXT('2D SPACE',''
  ) );
#139 = FACE_BOUND('',#140,.T.);
#140 = EDGE_LOOP('',(#141,#169,#202,#228));
#141 = ORIENTED_EDGE('',*,*,#142,.F.);
#142 = EDGE_CURVE('',#143,#145,#147,.T.);
#143 = VERTEX_POINT('',#144);
#144 = CARTESIAN_POINT('',(51.,36.6,8.));
#145 = VERTEX_POINT('',#146);
#146 = CARTESIAN_POINT('',(-51.,36.6,8.));
#147 = SURFACE_CURVE('',#148,(#152,#158),.PCURVE_S1.);
#148 = LINE('',#149,#150);
#149 = CARTESIAN_POINT('',(-51.,36.6,8.));
#150 = VECTOR('',#151,1.);
#151 = DIRECTION('',(-1.,0.,0.));
#152 = PCURVE('',#32,#153);
#153 = DEFINITIONAL_REPRESENTATION('',(#154),#157);
#154 = B_SPLINE_CURVE_WITH_KNOTS('',1,(#155,#156),.UNSPECIFIED.,.F.,.F.,
  (2,2),(-102.,-7.105427357601E-15),.PIECEWISE_BEZIER_KNOTS.);
#155 = CARTESIAN_POINT('',(102.,75.6));
#156 = CARTESIAN_POINT('',(7.105427357601E-15,75.6));
#157 = ( GEOMETRIC_REPRESENTATION_CONTEXT(2) 
PARAMETRIC_REPRESENTATION_CONTEXT() REPRESENTATION_CONTEXT('2D SPACE',''
  ) );
#158 = PCURVE('',#159,#164);
#159 = PLANE('',#160);
#160 = AXIS2_PLACEMENT_3D('',#161,#162,#163);
#161 = CARTESIAN_POINT('',(-51.,36.6,2.4));
#162 = DIRECTION('',(0.,1.,0.));
#163 = DIRECTION('',(0.,0.,1.));
#164 = DEFINITIONAL_REPRESENTATION('',(#165),#168);
#165 = B_SPLINE_CURVE_WITH_KNOTS('',1,(#166,#167),.UNSPECIFIED.,.F.,.F.,
  (2,2),(-102.,-7.105427357601E-15),.PIECEWISE_BEZIER_KNOTS.);
#166 = CARTESIAN_POINT('',(5.6,102.));
#167 = CARTESIAN_POINT('',(5.6,0.));
#168 = ( GEOMETRIC_REPRESENTATION_CONTEXT(2) 
PARAMETRIC_REPRESENTATION_CONTEXT() REPRESENTATION_CONTEXT('2D SPACE',''
  ) );
#169 = ORIENTED_EDGE('',*,*,#170,.T.);
#170 = EDGE_CURVE('',#143,#171,#173,.T.);
#171 = VERTEX_POINT('',#172);
#172 = CARTESIAN_POINT('',(51.,-36.6,8.));
#173 = SURFACE_CURVE('',#174,(#179,#190),.PCURVE_S1.);
#174 = CIRCLE('',#175,36.6);
#175 = AXIS2_PLACEMENT_3D('',#176,#177,#178);
#176 = CARTESIAN_POINT('',(51.,0.,8.));
#177 = DIRECTION('',(0.,0.,-1.));
#178 = DIRECTION('',(1.,0.,0.));
#179 = PCURVE('',#32,#180);
#180 = DEFINITIONAL_REPRESENTATION('',(#181),#189);
#181 = ( BOUNDED_CURVE() B_SPLINE_CURVE(2,(#182,#183,#184,#185,#186,#187
,#188),.UNSPECIFIED.,.T.,.F.) B_SPLINE_CURVE_WITH_KNOTS((1,2,2,2,2,1),(
    -2.094395102393,0.,2.094395102393,4.188790204786,6.28318530718,
8.377580409573),.UNSPECIFIED.) CURVE() GEOMETRIC_REPRESENTATION_ITEM() 
RATIONAL_B_SPLINE_CURVE((1.,0.5,1.,0.5,1.,0.5,1.)) REPRESENTATION_ITEM(
  '') );
#182 = CARTESIAN_POINT('',(138.6,39.));
#183 = CARTESIAN_POINT('',(138.6,-24.39305955702));
#184 = CARTESIAN_POINT('',(83.7,7.30347022149));
#185 = CARTESIAN_POINT('',(28.8,39.));
#186 = CARTESIAN_POINT('',(83.7,70.69652977851));
#187 = CARTESIAN_POINT('',(138.6,102.39305955702));
#188 = CARTESIAN_POINT('',(138.6,39.));
#189 = ( GEOMETRIC_REPRESENTATION_CONTEXT(2) 
PARAMETRIC_REPRESENTATION_CONTEXT() REPRESENTATION_CONTEXT('2D SPACE',''
  ) );
#190 = PCURVE('',#191,#196);
#191 = CYLINDRICAL_SURFACE('',#192,36.6);
#192 = AXIS2_PLACEMENT_3D('',#193,#194,#195);
#193 = CARTESIAN_POINT('',(51.,0.,2.4));
#194 = DIRECTION('',(-0.,-0.,-1.));
#195 = DIRECTION('',(1.,0.,0.));
#196 = DEFINITIONAL_REPRESENTATION('',(#197),#201);
#197 = LINE('',#198,#199);
#198 = CARTESIAN_POINT('',(-12.56637061435,-5.6));
#199 = VECTOR('',#200,1.);
#200 = DIRECTION('',(1.,-0.));
#201 = ( GEOMETRIC_REPRESENTATION_CONTEXT(2) 
PARAMETRIC_REPRESENTATION_CONTEXT() REPRESENTATION_CONTEXT('2D SPACE',''
  ) );
#202 = ORIENTED_EDGE('',*,*,#203,.T.);
#203 = EDGE_CURVE('',#171,#204,#206,.T.);
#204 = VERTEX_POINT('',#205);
#205 = CARTESIAN_POINT('',(-51.,-36.6,8.));
#206 = SURFACE_CURVE('',#207,(#211,#217),.PCURVE_S1.);
#207 = LINE('',#208,#209);
#208 = CARTESIAN_POINT('',(-51.,-36.6,8.));
#209 = VECTOR('',#210,1.);
#210 = DIRECTION('',(-1.,0.,0.));
#211 = PCURVE('',#32,#212);
#212 = DEFINITIONAL_REPRESENTATION('',(#213),#216);
#213 = B_SPLINE_CURVE_WITH_KNOTS('',1,(#214,#215),.UNSPECIFIED.,.F.,.F.,
  (2,2),(-102.,-7.105427357601E-15),.PIECEWISE_BEZIER_KNOTS.);
#214 = CARTESIAN_POINT('',(102.,2.4));
#215 = CARTESIAN_POINT('',(7.105427357601E-15,2.4));
#216 = ( GEOMETRIC_REPRESENTATION_CONTEXT(2) 
PARAMETRIC_REPRESENTATION_CONTEXT() REPRESENTATION_CONTEXT('2D SPACE',''
  ) );
#217 = PCURVE('',#218,#223);
#218 = PLANE('',#219);
#219 = AXIS2_PLACEMENT_3D('',#220,#221,#222);
#220 = CARTESIAN_POINT('',(-51.,-36.6,2.4));
#221 = DIRECTION('',(0.,1.,0.));
#222 = DIRECTION('',(0.,0.,1.));
#223 = DEFINITIONAL_REPRESENTATION('',(#224),#227);
#224 = B_SPLINE_CURVE_WITH_KNOTS('',1,(#225,#226),.UNSPECIFIED.,.F.,.F.,
  (2,2),(-102.,-7.105427357601E-15),.PIECEWISE_BEZIER_KNOTS.);
#225 = CARTESIAN_POINT('',(5.6,102.));
#226 = CARTESIAN_POINT('',(5.6,0.));
#227 = ( GEOMETRIC_REPRESENTATION_CONTEXT(2) 
PARAMETRIC_REPRESENTATION_CONTEXT() REPRESENTATION_CONTEXT('2D SPACE',''
  ) );
#228 = ORIENTED_EDGE('',*,*,#229,.T.);
#229 = EDGE_CURVE('',#204,#145,#230,.T.);
#230 = SURFACE_CURVE('',#231,(#236,#247),.PCURVE_S1.);
#231 = CIRCLE('',#232,36.6);
#232 = AXIS2_PLACEMENT_3D('',#233,#234,#235);
#233 = CARTESIAN_POINT('',(-51.,0.,8.));
#234 = DIRECTION('',(0.,0.,-1.));
#235 = DIRECTION('',(1.,0.,0.));
#236 = PCURVE('',#32,#237);
#237 = DEFINITIONAL_REPRESENTATION('',(#238),#246);
#238 = ( BOUNDED_CURVE() B_SPLINE_CURVE(2,(#239,#240,#241,#242,#243,#244
,#245),.UNSPECIFIED.,.T.,.F.) B_SPLINE_CURVE_WITH_KNOTS((1,2,2,2,2,1),(
    -2.094395102393,0.,2.094395102393,4.188790204786,6.28318530718,
8.377580409573),.UNSPECIFIED.) CURVE() GEOMETRIC_REPRESENTATION_ITEM() 
RATIONAL_B_SPLINE_CURVE((1.,0.5,1.,0.5,1.,0.5,1.)) REPRESENTATION_ITEM(
  '') );
#239 = CARTESIAN_POINT('',(36.6,39.));
#240 = CARTESIAN_POINT('',(36.6,-24.39305955702));
#241 = CARTESIAN_POINT('',(-18.3,7.30347022149));
#242 = CARTESIAN_POINT('',(-73.2,39.));
#243 = CARTESIAN_POINT('',(-18.3,70.69652977851));
#244 = CARTESIAN_POINT('',(36.6,102.39305955702));
#245 = CARTESIAN_POINT('',(36.6,39.));
#246 = ( GEOMETRIC_REPRESENTATION_CONTEXT(2) 
PARAMETRIC_REPRESENTATION_CONTEXT() REPRESENTATION_CONTEXT('2D SPACE',''
  ) );
#247 = PCURVE('',#248,#253);
#248 = CYLINDRICAL_SURFACE('',#249,36.6);
#249 = AXIS2_PLACEMENT_3D('',#250,#251,#252);
#250 = CARTESIAN_POINT('',(-51.,0.,2.4));
#251 = DIRECTION('',(-0.,-0.,-1.));
#252 = DIRECTION('',(1.,0.,0.));
#253 = DEFINITIONAL_REPRESENTATION('',(#254),#258);
#254 = LINE('',#255,#256);
#255 = CARTESIAN_POINT('',(-6.28318530718,-5.6));
#256 = VECTOR('',#257,1.);
#257 = DIRECTION('',(1.,-0.));
#258 = ( GEOMETRIC_REPRESENTATION_CONTEXT(2) 
PARAMETRIC_REPRESENTATION_CONTEXT() REPRESENTATION_CONTEXT('2D SPACE',''
  ) );
#259 = ADVANCED_FACE('',(#260),#44,.T.);
#260 = FACE_BOUND('',#261,.T.);
#261 = EDGE_LOOP('',(#262,#292,#313,#314));
#262 = ORIENTED_EDGE('',*,*,#263,.F.);
#263 = EDGE_CURVE('',#264,#266,#268,.T.);
#264 = VERTEX_POINT('',#265);
#265 = CARTESIAN_POINT('',(-51.,39.,0.));
#266 = VERTEX_POINT('',#267);
#267 = CARTESIAN_POINT('',(51.,39.,0.));
#268 = SURFACE_CURVE('',#269,(#273,#280),.PCURVE_S1.);
#269 = LINE('',#270,#271);
#270 = CARTESIAN_POINT('',(-51.,39.,0.));
#271 = VECTOR('',#272,1.);
#272 = DIRECTION('',(1.,0.,0.));
#273 = PCURVE('',#44,#274);
#274 = DEFINITIONAL_REPRESENTATION('',(#275),#279);
#275 = LINE('',#276,#277);
#276 = CARTESIAN_POINT('',(0.,0.));
#277 = VECTOR('',#278,1.);
#278 = DIRECTION('',(0.,1.));
#279 = ( GEOMETRIC_REPRESENTATION_CONTEXT(2) 
PARAMETRIC_REPRESENTATION_CONTEXT() REPRESENTATION_CONTEXT('2D SPACE',''
  ) );
#280 = PCURVE('',#281,#286);
#281 = PLANE('',#282);
#282 = AXIS2_PLACEMENT_3D('',#283,#284,#285);
#283 = CARTESIAN_POINT('',(-51.,-39.,0.));
#284 = DIRECTION('',(0.,0.,1.));
#285 = DIRECTION('',(1.,0.,0.));
#286 = DEFINITIONAL_REPRESENTATION('',(#287),#291);
#287 = LINE('',#288,#289);
#288 = CARTESIAN_POINT('',(0.,78.));
#289 = VECTOR('',#290,1.);
#290 = DIRECTION('',(1.,0.));
#291 = ( GEOMETRIC_REPRESENTATION_CONTEXT(2) 
PARAMETRIC_REPRESENTATION_CONTEXT() REPRESENTATION_CONTEXT('2D SPACE',''
  ) );
#292 = ORIENTED_EDGE('',*,*,#293,.T.);
#293 = EDGE_CURVE('',#264,#22,#294,.T.);
#294 = SURFACE_CURVE('',#295,(#299,#306),.PCURVE_S1.);
#295 = LINE('',#296,#297);
#296 = CARTESIAN_POINT('',(-51.,39.,0.));
#297 = VECTOR('',#298,1.);
#298 = DIRECTION('',(0.,0.,1.));
#299 = PCURVE('',#44,#300);
#300 = DEFINITIONAL_REPRESENTATION('',(#301),#305);
#301 = LINE('',#302,#303);
#302 = CARTESIAN_POINT('',(0.,0.));
#303 = VECTOR('',#304,1.);
#304 = DIRECTION('',(1.,0.));
#305 = ( GEOMETRIC_REPRESENTATION_CONTEXT(2) 
PARAMETRIC_REPRESENTATION_CONTEXT() REPRESENTATION_CONTEXT('2D SPACE',''
  ) );
#306 = PCURVE('',#73,#307);
#307 = DEFINITIONAL_REPRESENTATION('',(#308),#312);
#308 = LINE('',#309,#310);
#309 = CARTESIAN_POINT('',(-1.570796326795,0.));
#310 = VECTOR('',#311,1.);
#311 = DIRECTION('',(-0.,-1.));
#312 = ( GEOMETRIC_REPRESENTATION_CONTEXT(2) 
PARAMETRIC_REPRESENTATION_CONTEXT() REPRESENTATION_CONTEXT('2D SPACE',''
  ) );
#313 = ORIENTED_EDGE('',*,*,#21,.T.);
#314 = ORIENTED_EDGE('',*,*,#315,.F.);
#315 = EDGE_CURVE('',#266,#24,#316,.T.);
#316 = SURFACE_CURVE('',#317,(#321,#328),.PCURVE_S1.);
#317 = LINE('',#318,#319);
#318 = CARTESIAN_POINT('',(51.,39.,0.));
#319 = VECTOR('',#320,1.);
#320 = DIRECTION('',(0.,0.,1.));
#321 = PCURVE('',#44,#322);
#322 = DEFINITIONAL_REPRESENTATION('',(#323),#327);
#323 = LINE('',#324,#325);
#324 = CARTESIAN_POINT('',(0.,102.));
#325 = VECTOR('',#326,1.);
#326 = DIRECTION('',(1.,0.));
#327 = ( GEOMETRIC_REPRESENTATION_CONTEXT(2) 
PARAMETRIC_REPRESENTATION_CONTEXT() REPRESENTATION_CONTEXT('2D SPACE',''
  ) );
#328 = PCURVE('',#128,#329);
#329 = DEFINITIONAL_REPRESENTATION('',(#330),#333);
#330 = B_SPLINE_CURVE_WITH_KNOTS('',1,(#331,#332),.UNSPECIFIED.,.F.,.F.,
  (2,2),(0.,8.),.PIECEWISE_BEZIER_KNOTS.);
#331 = CARTESIAN_POINT('',(-7.853981633974,0.));
#332 = CARTESIAN_POINT('',(-7.853981633974,-8.));
#333 = ( GEOMETRIC_REPRESENTATION_CONTEXT(2) 
PARAMETRIC_REPRESENTATION_CONTEXT() REPRESENTATION_CONTEXT('2D SPACE',''
  ) );
#334 = ADVANCED_FACE('',(#335),#128,.T.);
#335 = FACE_BOUND('',#336,.F.);
#336 = EDGE_LOOP('',(#337,#365,#385,#386));
#337 = ORIENTED_EDGE('',*,*,#338,.T.);
#338 = EDGE_CURVE('',#266,#339,#341,.T.);
#339 = VERTEX_POINT('',#340);
#340 = CARTESIAN_POINT('',(51.,-39.,0.));
#341 = SURFACE_CURVE('',#342,(#347,#354),.PCURVE_S1.);
#342 = CIRCLE('',#343,39.);
#343 = AXIS2_PLACEMENT_3D('',#344,#345,#346);
#344 = CARTESIAN_POINT('',(51.,0.,0.));
#345 = DIRECTION('',(0.,0.,-1.));
#346 = DIRECTION('',(0.,1.,0.));
#347 = PCURVE('',#128,#348);
#348 = DEFINITIONAL_REPRESENTATION('',(#349),#353);
#349 = LINE('',#350,#351);
#350 = CARTESIAN_POINT('',(-7.853981633974,0.));
#351 = VECTOR('',#352,1.);
#352 = DIRECTION('',(1.,-0.));
#353 = ( GEOMETRIC_REPRESENTATION_CONTEXT(2) 
PARAMETRIC_REPRESENTATION_CONTEXT() REPRESENTATION_CONTEXT('2D SPACE',''
  ) );
#354 = PCURVE('',#281,#355);
#355 = DEFINITIONAL_REPRESENTATION('',(#356),#364);
#356 = ( BOUNDED_CURVE() B_SPLINE_CURVE(2,(#357,#358,#359,#360,#361,#362
,#363),.UNSPECIFIED.,.T.,.F.) B_SPLINE_CURVE_WITH_KNOTS((1,2,2,2,2,1),(
    -2.094395102393,0.,2.094395102393,4.188790204786,6.28318530718,
8.377580409573),.UNSPECIFIED.) CURVE() GEOMETRIC_REPRESENTATION_ITEM() 
RATIONAL_B_SPLINE_CURVE((1.,0.5,1.,0.5,1.,0.5,1.)) REPRESENTATION_ITEM(
  '') );
#357 = CARTESIAN_POINT('',(102.,78.));
#358 = CARTESIAN_POINT('',(169.54998149518,78.));
#359 = CARTESIAN_POINT('',(135.77499074759,19.5));
#360 = CARTESIAN_POINT('',(102.,-39.));
#361 = CARTESIAN_POINT('',(68.225009252407,19.5));
#362 = CARTESIAN_POINT('',(34.450018504814,78.));
#363 = CARTESIAN_POINT('',(102.,78.));
#364 = ( GEOMETRIC_REPRESENTATION_CONTEXT(2) 
PARAMETRIC_REPRESENTATION_CONTEXT() REPRESENTATION_CONTEXT('2D SPACE',''
  ) );
#365 = ORIENTED_EDGE('',*,*,#366,.T.);
#366 = EDGE_CURVE('',#339,#86,#367,.T.);
#367 = SURFACE_CURVE('',#368,(#372,#378),.PCURVE_S1.);
#368 = LINE('',#369,#370);
#369 = CARTESIAN_POINT('',(51.,-39.,0.));
#370 = VECTOR('',#371,1.);
#371 = DIRECTION('',(0.,0.,1.));
#372 = PCURVE('',#128,#373);
#373 = DEFINITIONAL_REPRESENTATION('',(#374),#377);
#374 = B_SPLINE_CURVE_WITH_KNOTS('',1,(#375,#376),.UNSPECIFIED.,.F.,.F.,
  (2,2),(0.,8.),.PIECEWISE_BEZIER_KNOTS.);
#375 = CARTESIAN_POINT('',(-4.712388980385,0.));
#376 = CARTESIAN_POINT('',(-4.712388980385,-8.));
#377 = ( GEOMETRIC_REPRESENTATION_CONTEXT(2) 
PARAMETRIC_REPRESENTATION_CONTEXT() REPRESENTATION_CONTEXT('2D SPACE',''
  ) );
#378 = PCURVE('',#101,#379);
#379 = DEFINITIONAL_REPRESENTATION('',(#380),#384);
#380 = LINE('',#381,#382);
#381 = CARTESIAN_POINT('',(0.,102.));
#382 = VECTOR('',#383,1.);
#383 = DIRECTION('',(1.,0.));
#384 = ( GEOMETRIC_REPRESENTATION_CONTEXT(2) 
PARAMETRIC_REPRESENTATION_CONTEXT() REPRESENTATION_CONTEXT('2D SPACE',''
  ) );
#385 = ORIENTED_EDGE('',*,*,#113,.T.);
#386 = ORIENTED_EDGE('',*,*,#315,.F.);
#387 = ADVANCED_FACE('',(#388),#73,.T.);
#388 = FACE_BOUND('',#389,.F.);
#389 = EDGE_LOOP('',(#390,#414,#415,#416));
#390 = ORIENTED_EDGE('',*,*,#391,.F.);
#391 = EDGE_CURVE('',#264,#392,#394,.T.);
#392 = VERTEX_POINT('',#393);
#393 = CARTESIAN_POINT('',(-51.,-39.,0.));
#394 = SURFACE_CURVE('',#395,(#400,#407),.PCURVE_S1.);
#395 = CIRCLE('',#396,39.);
#396 = AXIS2_PLACEMENT_3D('',#397,#398,#399);
#397 = CARTESIAN_POINT('',(-51.,0.,0.));
#398 = DIRECTION('',(0.,0.,1.));
#399 = DIRECTION('',(1.,0.,0.));
#400 = PCURVE('',#73,#401);
#401 = DEFINITIONAL_REPRESENTATION('',(#402),#406);
#402 = LINE('',#403,#404);
#403 = CARTESIAN_POINT('',(-0.,0.));
#404 = VECTOR('',#405,1.);
#405 = DIRECTION('',(-1.,0.));
#406 = ( GEOMETRIC_REPRESENTATION_CONTEXT(2) 
PARAMETRIC_REPRESENTATION_CONTEXT() REPRESENTATION_CONTEXT('2D SPACE',''
  ) );
#407 = PCURVE('',#281,#408);
#408 = DEFINITIONAL_REPRESENTATION('',(#409),#413);
#409 = CIRCLE('',#410,39.);
#410 = AXIS2_PLACEMENT_2D('',#411,#412);
#411 = CARTESIAN_POINT('',(0.,39.));
#412 = DIRECTION('',(1.,0.));
#413 = ( GEOMETRIC_REPRESENTATION_CONTEXT(2) 
PARAMETRIC_REPRESENTATION_CONTEXT() REPRESENTATION_CONTEXT('2D SPACE',''
  ) );
#414 = ORIENTED_EDGE('',*,*,#293,.T.);
#415 = ORIENTED_EDGE('',*,*,#56,.T.);
#416 = ORIENTED_EDGE('',*,*,#417,.F.);
#417 = EDGE_CURVE('',#392,#57,#418,.T.);
#418 = SURFACE_CURVE('',#419,(#423,#430),.PCURVE_S1.);
#419 = LINE('',#420,#421);
#420 = CARTESIAN_POINT('',(-51.,-39.,0.));
#421 = VECTOR('',#422,1.);
#422 = DIRECTION('',(0.,0.,1.));
#423 = PCURVE('',#73,#424);
#424 = DEFINITIONAL_REPRESENTATION('',(#425),#429);
#425 = LINE('',#426,#427);
#426 = CARTESIAN_POINT('',(-4.712388980385,0.));
#427 = VECTOR('',#428,1.);
#428 = DIRECTION('',(-0.,-1.));
#429 = ( GEOMETRIC_REPRESENTATION_CONTEXT(2) 
PARAMETRIC_REPRESENTATION_CONTEXT() REPRESENTATION_CONTEXT('2D SPACE',''
  ) );
#430 = PCURVE('',#101,#431);
#431 = DEFINITIONAL_REPRESENTATION('',(#432),#436);
#432 = LINE('',#433,#434);
#433 = CARTESIAN_POINT('',(0.,0.));
#434 = VECTOR('',#435,1.);
#435 = DIRECTION('',(1.,0.));
#436 = ( GEOMETRIC_REPRESENTATION_CONTEXT(2) 
PARAMETRIC_REPRESENTATION_CONTEXT() REPRESENTATION_CONTEXT('2D SPACE',''
  ) );
#437 = ADVANCED_FACE('',(#438),#101,.F.);
#438 = FACE_BOUND('',#439,.F.);
#439 = EDGE_LOOP('',(#440,#461,#462,#463));
#440 = ORIENTED_EDGE('',*,*,#441,.F.);
#441 = EDGE_CURVE('',#392,#339,#442,.T.);
#442 = SURFACE_CURVE('',#443,(#447,#454),.PCURVE_S1.);
#443 = LINE('',#444,#445);
#444 = CARTESIAN_POINT('',(-51.,-39.,0.));
#445 = VECTOR('',#446,1.);
#446 = DIRECTION('',(1.,0.,0.));
#447 = PCURVE('',#101,#448);
#448 = DEFINITIONAL_REPRESENTATION('',(#449),#453);
#449 = LINE('',#450,#451);
#450 = CARTESIAN_POINT('',(0.,0.));
#451 = VECTOR('',#452,1.);
#452 = DIRECTION('',(0.,1.));
#453 = ( GEOMETRIC_REPRESENTATION_CONTEXT(2) 
PARAMETRIC_REPRESENTATION_CONTEXT() REPRESENTATION_CONTEXT('2D SPACE',''
  ) );
#454 = PCURVE('',#281,#455);
#455 = DEFINITIONAL_REPRESENTATION('',(#456),#460);
#456 = LINE('',#457,#458);
#457 = CARTESIAN_POINT('',(0.,0.));
#458 = VECTOR('',#459,1.);
#459 = DIRECTION('',(1.,0.));
#460 = ( GEOMETRIC_REPRESENTATION_CONTEXT(2) 
PARAMETRIC_REPRESENTATION_CONTEXT() REPRESENTATION_CONTEXT('2D SPACE',''
  ) );
#461 = ORIENTED_EDGE('',*,*,#417,.T.);
#462 = ORIENTED_EDGE('',*,*,#85,.T.);
#463 = ORIENTED_EDGE('',*,*,#366,.F.);
#464 = ADVANCED_FACE('',(#465),#159,.F.);
#465 = FACE_BOUND('',#466,.F.);
#466 = EDGE_LOOP('',(#467,#489,#517,#543,#569,#590,#613,#639,#665,#686,
    #709,#730));
#467 = ORIENTED_EDGE('',*,*,#468,.F.);
#468 = EDGE_CURVE('',#469,#143,#471,.T.);
#469 = VERTEX_POINT('',#470);
#470 = CARTESIAN_POINT('',(51.,36.6,2.4));
#471 = SURFACE_CURVE('',#472,(#476,#483),.PCURVE_S1.);
#472 = LINE('',#473,#474);
#473 = CARTESIAN_POINT('',(51.,36.6,2.4));
#474 = VECTOR('',#475,1.);
#475 = DIRECTION('',(0.,0.,1.));
#476 = PCURVE('',#159,#477);
#477 = DEFINITIONAL_REPRESENTATION('',(#478),#482);
#478 = LINE('',#479,#480);
#479 = CARTESIAN_POINT('',(0.,102.));
#480 = VECTOR('',#481,1.);
#481 = DIRECTION('',(1.,0.));
#482 = ( GEOMETRIC_REPRESENTATION_CONTEXT(2) 
PARAMETRIC_REPRESENTATION_CONTEXT() REPRESENTATION_CONTEXT('2D SPACE',''
  ) );
#483 = PCURVE('',#191,#484);
#484 = DEFINITIONAL_REPRESENTATION('',(#485),#488);
#485 = B_SPLINE_CURVE_WITH_KNOTS('',1,(#486,#487),.UNSPECIFIED.,.F.,.F.,
  (2,2),(0.,5.8),.PIECEWISE_BEZIER_KNOTS.);
#486 = CARTESIAN_POINT('',(-7.853981633974,0.));
#487 = CARTESIAN_POINT('',(-7.853981633974,-5.8));
#488 = ( GEOMETRIC_REPRESENTATION_CONTEXT(2) 
PARAMETRIC_REPRESENTATION_CONTEXT() REPRESENTATION_CONTEXT('2D SPACE',''
  ) );
#489 = ORIENTED_EDGE('',*,*,#490,.F.);
#490 = EDGE_CURVE('',#491,#469,#493,.T.);
#491 = VERTEX_POINT('',#492);
#492 = CARTESIAN_POINT('',(48.05,36.6,2.4));
#493 = SURFACE_CURVE('',#494,(#498,#505),.PCURVE_S1.);
#494 = LINE('',#495,#496);
#495 = CARTESIAN_POINT('',(-51.,36.6,2.4));
#496 = VECTOR('',#497,1.);
#497 = DIRECTION('',(1.,0.,0.));
#498 = PCURVE('',#159,#499);
#499 = DEFINITIONAL_REPRESENTATION('',(#500),#504);
#500 = LINE('',#501,#502);
#501 = CARTESIAN_POINT('',(0.,0.));
#502 = VECTOR('',#503,1.);
#503 = DIRECTION('',(0.,1.));
#504 = ( GEOMETRIC_REPRESENTATION_CONTEXT(2) 
PARAMETRIC_REPRESENTATION_CONTEXT() REPRESENTATION_CONTEXT('2D SPACE',''
  ) );
#505 = PCURVE('',#506,#511);
#506 = PLANE('',#507);
#507 = AXIS2_PLACEMENT_3D('',#508,#509,#510);
#508 = CARTESIAN_POINT('',(-51.,-36.6,2.4));
#509 = DIRECTION('',(0.,0.,1.));
#510 = DIRECTION('',(1.,0.,0.));
#511 = DEFINITIONAL_REPRESENTATION('',(#512),#516);
#512 = LINE('',#513,#514);
#513 = CARTESIAN_POINT('',(0.,73.2));
#514 = VECTOR('',#515,1.);
#515 = DIRECTION('',(1.,0.));
#516 = ( GEOMETRIC_REPRESENTATION_CONTEXT(2) 
PARAMETRIC_REPRESENTATION_CONTEXT() REPRESENTATION_CONTEXT('2D SPACE',''
  ) );
#517 = ORIENTED_EDGE('',*,*,#518,.F.);
#518 = EDGE_CURVE('',#519,#491,#521,.T.);
#519 = VERTEX_POINT('',#520);
#520 = CARTESIAN_POINT('',(48.05,36.6,7.7));
#521 = SURFACE_CURVE('',#522,(#526,#532),.PCURVE_S1.);
#522 = LINE('',#523,#524);
#523 = CARTESIAN_POINT('',(48.05,36.6,2.4));
#524 = VECTOR('',#525,1.);
#525 = DIRECTION('',(-0.,-0.,-1.));
#526 = PCURVE('',#159,#527);
#527 = DEFINITIONAL_REPRESENTATION('',(#528),#531);
#528 = B_SPLINE_CURVE_WITH_KNOTS('',1,(#529,#530),.UNSPECIFIED.,.F.,.F.,
  (2,2),(-5.3000006,5.999999999062E-07),.PIECEWISE_BEZIER_KNOTS.);
#529 = CARTESIAN_POINT('',(5.3000006,99.05));
#530 = CARTESIAN_POINT('',(-5.999999999062E-07,99.05));
#531 = ( GEOMETRIC_REPRESENTATION_CONTEXT(2) 
PARAMETRIC_REPRESENTATION_CONTEXT() REPRESENTATION_CONTEXT('2D SPACE',''
  ) );
#532 = PCURVE('',#533,#538);
#533 = CYLINDRICAL_SURFACE('',#534,3.75);
#534 = AXIS2_PLACEMENT_3D('',#535,#536,#537);
#535 = CARTESIAN_POINT('',(47.,33.,2.4));
#536 = DIRECTION('',(-0.,-0.,-1.));
#537 = DIRECTION('',(1.,0.,0.));
#538 = DEFINITIONAL_REPRESENTATION('',(#539),#542);
#539 = B_SPLINE_CURVE_WITH_KNOTS('',1,(#540,#541),.UNSPECIFIED.,.F.,.F.,
  (2,2),(-5.3,0.),.PIECEWISE_BEZIER_KNOTS.);
#540 = CARTESIAN_POINT('',(-7.570187524766,-5.3));
#541 = CARTESIAN_POINT('',(-7.570187524766,0.));
#542 = ( GEOMETRIC_REPRESENTATION_CONTEXT(2) 
PARAMETRIC_REPRESENTATION_CONTEXT() REPRESENTATION_CONTEXT('2D SPACE',''
  ) );
#543 = ORIENTED_EDGE('',*,*,#544,.F.);
#544 = EDGE_CURVE('',#545,#519,#547,.T.);
#545 = VERTEX_POINT('',#546);
#546 = CARTESIAN_POINT('',(45.95,36.6,7.7));
#547 = SURFACE_CURVE('',#548,(#552,#558),.PCURVE_S1.);
#548 = LINE('',#549,#550);
#549 = CARTESIAN_POINT('',(-67.5,36.6,7.7));
#550 = VECTOR('',#551,1.);
#551 = DIRECTION('',(1.,0.,0.));
#552 = PCURVE('',#159,#553);
#553 = DEFINITIONAL_REPRESENTATION('',(#554),#557);
#554 = B_SPLINE_CURVE_WITH_KNOTS('',1,(#555,#556),.UNSPECIFIED.,.F.,.F.,
  (2,2),(110.75,118.25),.PIECEWISE_BEZIER_KNOTS.);
#555 = CARTESIAN_POINT('',(5.3,94.25));
#556 = CARTESIAN_POINT('',(5.3,101.75));
#557 = ( GEOMETRIC_REPRESENTATION_CONTEXT(2) 
PARAMETRIC_REPRESENTATION_CONTEXT() REPRESENTATION_CONTEXT('2D SPACE',''
  ) );
#558 = PCURVE('',#559,#564);
#559 = PLANE('',#560);
#560 = AXIS2_PLACEMENT_3D('',#561,#562,#563);
#561 = CARTESIAN_POINT('',(-84.,2.115698521171E-16,7.7));
#562 = DIRECTION('',(0.,0.,1.));
#563 = DIRECTION('',(1.,0.,-0.));
#564 = DEFINITIONAL_REPRESENTATION('',(#565),#568);
#565 = B_SPLINE_CURVE_WITH_KNOTS('',1,(#566,#567),.UNSPECIFIED.,.F.,.F.,
  (2,2),(110.75,118.25),.PIECEWISE_BEZIER_KNOTS.);
#566 = CARTESIAN_POINT('',(127.25,36.6));
#567 = CARTESIAN_POINT('',(134.75,36.6));
#568 = ( GEOMETRIC_REPRESENTATION_CONTEXT(2) 
PARAMETRIC_REPRESENTATION_CONTEXT() REPRESENTATION_CONTEXT('2D SPACE',''
  ) );
#569 = ORIENTED_EDGE('',*,*,#570,.T.);
#570 = EDGE_CURVE('',#545,#571,#573,.T.);
#571 = VERTEX_POINT('',#572);
#572 = CARTESIAN_POINT('',(45.95,36.6,2.4));
#573 = SURFACE_CURVE('',#574,(#578,#584),.PCURVE_S1.);
#574 = LINE('',#575,#576);
#575 = CARTESIAN_POINT('',(45.95,36.6,2.4));
#576 = VECTOR('',#577,1.);
#577 = DIRECTION('',(-0.,-0.,-1.));
#578 = PCURVE('',#159,#579);
#579 = DEFINITIONAL_REPRESENTATION('',(#580),#583);
#580 = B_SPLINE_CURVE_WITH_KNOTS('',1,(#581,#582),.UNSPECIFIED.,.F.,.F.,
  (2,2),(-5.3000006,5.999999999062E-07),.PIECEWISE_BEZIER_KNOTS.);
#581 = CARTESIAN_POINT('',(5.3000006,96.95));
#582 = CARTESIAN_POINT('',(-5.999999999062E-07,96.95));
#583 = ( GEOMETRIC_REPRESENTATION_CONTEXT(2) 
PARAMETRIC_REPRESENTATION_CONTEXT() REPRESENTATION_CONTEXT('2D SPACE',''
  ) );
#584 = PCURVE('',#533,#585);
#585 = DEFINITIONAL_REPRESENTATION('',(#586),#589);
#586 = B_SPLINE_CURVE_WITH_KNOTS('',1,(#587,#588),.UNSPECIFIED.,.F.,.F.,
  (2,2),(-5.3,0.),.PIECEWISE_BEZIER_KNOTS.);
#587 = CARTESIAN_POINT('',(-1.854590436003,-5.3));
#588 = CARTESIAN_POINT('',(-1.854590436003,0.));
#589 = ( GEOMETRIC_REPRESENTATION_CONTEXT(2) 
PARAMETRIC_REPRESENTATION_CONTEXT() REPRESENTATION_CONTEXT('2D SPACE',''
  ) );
#590 = ORIENTED_EDGE('',*,*,#591,.F.);
#591 = EDGE_CURVE('',#592,#571,#594,.T.);
#592 = VERTEX_POINT('',#593);
#593 = CARTESIAN_POINT('',(-45.95,36.6,2.4));
#594 = SURFACE_CURVE('',#595,(#599,#606),.PCURVE_S1.);
#595 = LINE('',#596,#597);
#596 = CARTESIAN_POINT('',(-51.,36.6,2.4));
#597 = VECTOR('',#598,1.);
#598 = DIRECTION('',(1.,0.,0.));
#599 = PCURVE('',#159,#600);
#600 = DEFINITIONAL_REPRESENTATION('',(#601),#605);
#601 = LINE('',#602,#603);
#602 = CARTESIAN_POINT('',(0.,0.));
#603 = VECTOR('',#604,1.);
#604 = DIRECTION('',(0.,1.));
#605 = ( GEOMETRIC_REPRESENTATION_CONTEXT(2) 
PARAMETRIC_REPRESENTATION_CONTEXT() REPRESENTATION_CONTEXT('2D SPACE',''
  ) );
#606 = PCURVE('',#506,#607);
#607 = DEFINITIONAL_REPRESENTATION('',(#608),#612);
#608 = LINE('',#609,#610);
#609 = CARTESIAN_POINT('',(0.,73.2));
#610 = VECTOR('',#611,1.);
#611 = DIRECTION('',(1.,0.));
#612 = ( GEOMETRIC_REPRESENTATION_CONTEXT(2) 
PARAMETRIC_REPRESENTATION_CONTEXT() REPRESENTATION_CONTEXT('2D SPACE',''
  ) );
#613 = ORIENTED_EDGE('',*,*,#614,.F.);
#614 = EDGE_CURVE('',#615,#592,#617,.T.);
#615 = VERTEX_POINT('',#616);
#616 = CARTESIAN_POINT('',(-45.95,36.6,7.7));
#617 = SURFACE_CURVE('',#618,(#622,#628),.PCURVE_S1.);
#618 = LINE('',#619,#620);
#619 = CARTESIAN_POINT('',(-45.95,36.6,2.4));
#620 = VECTOR('',#621,1.);
#621 = DIRECTION('',(-0.,-0.,-1.));
#622 = PCURVE('',#159,#623);
#623 = DEFINITIONAL_REPRESENTATION('',(#624),#627);
#624 = B_SPLINE_CURVE_WITH_KNOTS('',1,(#625,#626),.UNSPECIFIED.,.F.,.F.,
  (2,2),(-5.3000006,5.999999999062E-07),.PIECEWISE_BEZIER_KNOTS.);
#625 = CARTESIAN_POINT('',(5.3000006,5.05));
#626 = CARTESIAN_POINT('',(-5.999999999062E-07,5.05));
#627 = ( GEOMETRIC_REPRESENTATION_CONTEXT(2) 
PARAMETRIC_REPRESENTATION_CONTEXT() REPRESENTATION_CONTEXT('2D SPACE',''
  ) );
#628 = PCURVE('',#629,#634);
#629 = CYLINDRICAL_SURFACE('',#630,3.75);
#630 = AXIS2_PLACEMENT_3D('',#631,#632,#633);
#631 = CARTESIAN_POINT('',(-47.,33.,2.4));
#632 = DIRECTION('',(-0.,-0.,-1.));
#633 = DIRECTION('',(1.,0.,0.));
#634 = DEFINITIONAL_REPRESENTATION('',(#635),#638);
#635 = B_SPLINE_CURVE_WITH_KNOTS('',1,(#636,#637),.UNSPECIFIED.,.F.,.F.,
  (2,2),(-5.3,0.),.PIECEWISE_BEZIER_KNOTS.);
#636 = CARTESIAN_POINT('',(-7.570187524766,-5.3));
#637 = CARTESIAN_POINT('',(-7.570187524766,0.));
#638 = ( GEOMETRIC_REPRESENTATION_CONTEXT(2) 
PARAMETRIC_REPRESENTATION_CONTEXT() REPRESENTATION_CONTEXT('2D SPACE',''
  ) );
#639 = ORIENTED_EDGE('',*,*,#640,.F.);
#640 = EDGE_CURVE('',#641,#615,#643,.T.);
#641 = VERTEX_POINT('',#642);
#642 = CARTESIAN_POINT('',(-48.05,36.6,7.7));
#643 = SURFACE_CURVE('',#644,(#648,#654),.PCURVE_S1.);
#644 = LINE('',#645,#646);
#645 = CARTESIAN_POINT('',(-67.5,36.6,7.7));
#646 = VECTOR('',#647,1.);
#647 = DIRECTION('',(1.,0.,0.));
#648 = PCURVE('',#159,#649);
#649 = DEFINITIONAL_REPRESENTATION('',(#650),#653);
#650 = B_SPLINE_CURVE_WITH_KNOTS('',1,(#651,#652),.UNSPECIFIED.,.F.,.F.,
  (2,2),(16.75,24.25),.PIECEWISE_BEZIER_KNOTS.);
#651 = CARTESIAN_POINT('',(5.3,0.25));
#652 = CARTESIAN_POINT('',(5.3,7.75));
#653 = ( GEOMETRIC_REPRESENTATION_CONTEXT(2) 
PARAMETRIC_REPRESENTATION_CONTEXT() REPRESENTATION_CONTEXT('2D SPACE',''
  ) );
#654 = PCURVE('',#655,#660);
#655 = PLANE('',#656);
#656 = AXIS2_PLACEMENT_3D('',#657,#658,#659);
#657 = CARTESIAN_POINT('',(-84.,2.115698521171E-16,7.7));
#658 = DIRECTION('',(0.,0.,1.));
#659 = DIRECTION('',(1.,0.,-0.));
#660 = DEFINITIONAL_REPRESENTATION('',(#661),#664);
#661 = B_SPLINE_CURVE_WITH_KNOTS('',1,(#662,#663),.UNSPECIFIED.,.F.,.F.,
  (2,2),(16.75,24.25),.PIECEWISE_BEZIER_KNOTS.);
#662 = CARTESIAN_POINT('',(33.25,36.6));
#663 = CARTESIAN_POINT('',(40.75,36.6));
#664 = ( GEOMETRIC_REPRESENTATION_CONTEXT(2) 
PARAMETRIC_REPRESENTATION_CONTEXT() REPRESENTATION_CONTEXT('2D SPACE',''
  ) );
#665 = ORIENTED_EDGE('',*,*,#666,.T.);
#666 = EDGE_CURVE('',#641,#667,#669,.T.);
#667 = VERTEX_POINT('',#668);
#668 = CARTESIAN_POINT('',(-48.05,36.6,2.4));
#669 = SURFACE_CURVE('',#670,(#674,#680),.PCURVE_S1.);
#670 = LINE('',#671,#672);
#671 = CARTESIAN_POINT('',(-48.05,36.6,2.4));
#672 = VECTOR('',#673,1.);
#673 = DIRECTION('',(-0.,-0.,-1.));
#674 = PCURVE('',#159,#675);
#675 = DEFINITIONAL_REPRESENTATION('',(#676),#679);
#676 = B_SPLINE_CURVE_WITH_KNOTS('',1,(#677,#678),.UNSPECIFIED.,.F.,.F.,
  (2,2),(-5.3000006,5.999999999062E-07),.PIECEWISE_BEZIER_KNOTS.);
#677 = CARTESIAN_POINT('',(5.3000006,2.95));
#678 = CARTESIAN_POINT('',(-5.999999999062E-07,2.95));
#679 = ( GEOMETRIC_REPRESENTATION_CONTEXT(2) 
PARAMETRIC_REPRESENTATION_CONTEXT() REPRESENTATION_CONTEXT('2D SPACE',''
  ) );
#680 = PCURVE('',#629,#681);
#681 = DEFINITIONAL_REPRESENTATION('',(#682),#685);
#682 = B_SPLINE_CURVE_WITH_KNOTS('',1,(#683,#684),.UNSPECIFIED.,.F.,.F.,
  (2,2),(-5.3,0.),.PIECEWISE_BEZIER_KNOTS.);
#683 = CARTESIAN_POINT('',(-1.854590436003,-5.3));
#684 = CARTESIAN_POINT('',(-1.854590436003,0.));
#685 = ( GEOMETRIC_REPRESENTATION_CONTEXT(2) 
PARAMETRIC_REPRESENTATION_CONTEXT() REPRESENTATION_CONTEXT('2D SPACE',''
  ) );
#686 = ORIENTED_EDGE('',*,*,#687,.F.);
#687 = EDGE_CURVE('',#688,#667,#690,.T.);
#688 = VERTEX_POINT('',#689);
#689 = CARTESIAN_POINT('',(-51.,36.6,2.4));
#690 = SURFACE_CURVE('',#691,(#695,#702),.PCURVE_S1.);
#691 = LINE('',#692,#693);
#692 = CARTESIAN_POINT('',(-51.,36.6,2.4));
#693 = VECTOR('',#694,1.);
#694 = DIRECTION('',(1.,0.,0.));
#695 = PCURVE('',#159,#696);
#696 = DEFINITIONAL_REPRESENTATION('',(#697),#701);
#697 = LINE('',#698,#699);
#698 = CARTESIAN_POINT('',(0.,0.));
#699 = VECTOR('',#700,1.);
#700 = DIRECTION('',(0.,1.));
#701 = ( GEOMETRIC_REPRESENTATION_CONTEXT(2) 
PARAMETRIC_REPRESENTATION_CONTEXT() REPRESENTATION_CONTEXT('2D SPACE',''
  ) );
#702 = PCURVE('',#506,#703);
#703 = DEFINITIONAL_REPRESENTATION('',(#704),#708);
#704 = LINE('',#705,#706);
#705 = CARTESIAN_POINT('',(0.,73.2));
#706 = VECTOR('',#707,1.);
#707 = DIRECTION('',(1.,0.));
#708 = ( GEOMETRIC_REPRESENTATION_CONTEXT(2) 
PARAMETRIC_REPRESENTATION_CONTEXT() REPRESENTATION_CONTEXT('2D SPACE',''
  ) );
#709 = ORIENTED_EDGE('',*,*,#710,.T.);
#710 = EDGE_CURVE('',#688,#145,#711,.T.);
#711 = SURFACE_CURVE('',#712,(#716,#723),.PCURVE_S1.);
#712 = LINE('',#713,#714);
#713 = CARTESIAN_POINT('',(-51.,36.6,2.4));
#714 = VECTOR('',#715,1.);
#715 = DIRECTION('',(0.,0.,1.));
#716 = PCURVE('',#159,#717);
#717 = DEFINITIONAL_REPRESENTATION('',(#718),#722);
#718 = LINE('',#719,#720);
#719 = CARTESIAN_POINT('',(0.,0.));
#720 = VECTOR('',#721,1.);
#721 = DIRECTION('',(1.,0.));
#722 = ( GEOMETRIC_REPRESENTATION_CONTEXT(2) 
PARAMETRIC_REPRESENTATION_CONTEXT() REPRESENTATION_CONTEXT('2D SPACE',''
  ) );
#723 = PCURVE('',#248,#724);
#724 = DEFINITIONAL_REPRESENTATION('',(#725),#729);
#725 = LINE('',#726,#727);
#726 = CARTESIAN_POINT('',(-1.570796326795,0.));
#727 = VECTOR('',#728,1.);
#728 = DIRECTION('',(-0.,-1.));
#729 = ( GEOMETRIC_REPRESENTATION_CONTEXT(2) 
PARAMETRIC_REPRESENTATION_CONTEXT() REPRESENTATION_CONTEXT('2D SPACE',''
  ) );
#730 = ORIENTED_EDGE('',*,*,#142,.F.);
#731 = ADVANCED_FACE('',(#732),#248,.F.);
#732 = FACE_BOUND('',#733,.T.);
#733 = EDGE_LOOP('',(#734,#758,#759,#760,#783,#807,#833,#866));
#734 = ORIENTED_EDGE('',*,*,#735,.F.);
#735 = EDGE_CURVE('',#688,#736,#738,.T.);
#736 = VERTEX_POINT('',#737);
#737 = CARTESIAN_POINT('',(-87.58329545454,1.105664363825,2.4));
#738 = SURFACE_CURVE('',#739,(#744,#751),.PCURVE_S1.);
#739 = CIRCLE('',#740,36.6);
#740 = AXIS2_PLACEMENT_3D('',#741,#742,#743);
#741 = CARTESIAN_POINT('',(-51.,0.,2.4));
#742 = DIRECTION('',(0.,0.,1.));
#743 = DIRECTION('',(1.,0.,0.));
#744 = PCURVE('',#248,#745);
#745 = DEFINITIONAL_REPRESENTATION('',(#746),#750);
#746 = LINE('',#747,#748);
#747 = CARTESIAN_POINT('',(-0.,0.));
#748 = VECTOR('',#749,1.);
#749 = DIRECTION('',(-1.,0.));
#750 = ( GEOMETRIC_REPRESENTATION_CONTEXT(2) 
PARAMETRIC_REPRESENTATION_CONTEXT() REPRESENTATION_CONTEXT('2D SPACE',''
  ) );
#751 = PCURVE('',#506,#752);
#752 = DEFINITIONAL_REPRESENTATION('',(#753),#757);
#753 = CIRCLE('',#754,36.6);
#754 = AXIS2_PLACEMENT_2D('',#755,#756);
#755 = CARTESIAN_POINT('',(0.,36.6));
#756 = DIRECTION('',(1.,0.));
#757 = ( GEOMETRIC_REPRESENTATION_CONTEXT(2) 
PARAMETRIC_REPRESENTATION_CONTEXT() REPRESENTATION_CONTEXT('2D SPACE',''
  ) );
#758 = ORIENTED_EDGE('',*,*,#710,.T.);
#759 = ORIENTED_EDGE('',*,*,#229,.F.);
#760 = ORIENTED_EDGE('',*,*,#761,.F.);
#761 = EDGE_CURVE('',#762,#204,#764,.T.);
#762 = VERTEX_POINT('',#763);
#763 = CARTESIAN_POINT('',(-51.,-36.6,2.4));
#764 = SURFACE_CURVE('',#765,(#769,#776),.PCURVE_S1.);
#765 = LINE('',#766,#767);
#766 = CARTESIAN_POINT('',(-51.,-36.6,2.4));
#767 = VECTOR('',#768,1.);
#768 = DIRECTION('',(0.,0.,1.));
#769 = PCURVE('',#248,#770);
#770 = DEFINITIONAL_REPRESENTATION('',(#771),#775);
#771 = LINE('',#772,#773);
#772 = CARTESIAN_POINT('',(-4.712388980385,0.));
#773 = VECTOR('',#774,1.);
#774 = DIRECTION('',(-0.,-1.));
#775 = ( GEOMETRIC_REPRESENTATION_CONTEXT(2) 
PARAMETRIC_REPRESENTATION_CONTEXT() REPRESENTATION_CONTEXT('2D SPACE',''
  ) );
#776 = PCURVE('',#218,#777);
#777 = DEFINITIONAL_REPRESENTATION('',(#778),#782);
#778 = LINE('',#779,#780);
#779 = CARTESIAN_POINT('',(0.,0.));
#780 = VECTOR('',#781,1.);
#781 = DIRECTION('',(1.,0.));
#782 = ( GEOMETRIC_REPRESENTATION_CONTEXT(2) 
PARAMETRIC_REPRESENTATION_CONTEXT() REPRESENTATION_CONTEXT('2D SPACE',''
  ) );
#783 = ORIENTED_EDGE('',*,*,#784,.F.);
#784 = EDGE_CURVE('',#785,#762,#787,.T.);
#785 = VERTEX_POINT('',#786);
#786 = CARTESIAN_POINT('',(-87.58329545454,-1.105664363825,2.4));
#787 = SURFACE_CURVE('',#788,(#793,#800),.PCURVE_S1.);
#788 = CIRCLE('',#789,36.6);
#789 = AXIS2_PLACEMENT_3D('',#790,#791,#792);
#790 = CARTESIAN_POINT('',(-51.,0.,2.4));
#791 = DIRECTION('',(0.,0.,1.));
#792 = DIRECTION('',(1.,0.,0.));
#793 = PCURVE('',#248,#794);
#794 = DEFINITIONAL_REPRESENTATION('',(#795),#799);
#795 = LINE('',#796,#797);
#796 = CARTESIAN_POINT('',(-0.,0.));
#797 = VECTOR('',#798,1.);
#798 = DIRECTION('',(-1.,0.));
#799 = ( GEOMETRIC_REPRESENTATION_CONTEXT(2) 
PARAMETRIC_REPRESENTATION_CONTEXT() REPRESENTATION_CONTEXT('2D SPACE',''
  ) );
#800 = PCURVE('',#506,#801);
#801 = DEFINITIONAL_REPRESENTATION('',(#802),#806);
#802 = CIRCLE('',#803,36.6);
#803 = AXIS2_PLACEMENT_2D('',#804,#805);
#804 = CARTESIAN_POINT('',(0.,36.6));
#805 = DIRECTION('',(1.,0.));
#806 = ( GEOMETRIC_REPRESENTATION_CONTEXT(2) 
PARAMETRIC_REPRESENTATION_CONTEXT() REPRESENTATION_CONTEXT('2D SPACE',''
  ) );
#807 = ORIENTED_EDGE('',*,*,#808,.F.);
#808 = EDGE_CURVE('',#809,#785,#811,.T.);
#809 = VERTEX_POINT('',#810);
#810 = CARTESIAN_POINT('',(-87.58329545454,-1.105664363826,7.7));
#811 = SURFACE_CURVE('',#812,(#816,#822),.PCURVE_S1.);
#812 = LINE('',#813,#814);
#813 = CARTESIAN_POINT('',(-87.58329545454,-1.105664363826,2.4));
#814 = VECTOR('',#815,1.);
#815 = DIRECTION('',(-0.,-0.,-1.));
#816 = PCURVE('',#248,#817);
#817 = DEFINITIONAL_REPRESENTATION('',(#818),#821);
#818 = B_SPLINE_CURVE_WITH_KNOTS('',1,(#819,#820),.UNSPECIFIED.,.F.,.F.,
  (2,2),(-5.3000006,5.999999999062E-07),.PIECEWISE_BEZIER_KNOTS.);
#819 = CARTESIAN_POINT('',(-3.171806659219,-5.3000006));
#820 = CARTESIAN_POINT('',(-3.171806659219,5.999999999062E-07));
#821 = ( GEOMETRIC_REPRESENTATION_CONTEXT(2) 
PARAMETRIC_REPRESENTATION_CONTEXT() REPRESENTATION_CONTEXT('2D SPACE',''
  ) );
#822 = PCURVE('',#823,#828);
#823 = CYLINDRICAL_SURFACE('',#824,3.75);
#824 = AXIS2_PLACEMENT_3D('',#825,#826,#827);
#825 = CARTESIAN_POINT('',(-84.,0.,2.4));
#826 = DIRECTION('',(-0.,-0.,-1.));
#827 = DIRECTION('',(1.,0.,0.));
#828 = DEFINITIONAL_REPRESENTATION('',(#829),#832);
#829 = B_SPLINE_CURVE_WITH_KNOTS('',1,(#830,#831),.UNSPECIFIED.,.F.,.F.,
  (2,2),(-5.3,0.),.PIECEWISE_BEZIER_KNOTS.);
#830 = CARTESIAN_POINT('',(-3.440884733059,-5.3));
#831 = CARTESIAN_POINT('',(-3.440884733059,0.));
#832 = ( GEOMETRIC_REPRESENTATION_CONTEXT(2) 
PARAMETRIC_REPRESENTATION_CONTEXT() REPRESENTATION_CONTEXT('2D SPACE',''
  ) );
#833 = ORIENTED_EDGE('',*,*,#834,.T.);
#834 = EDGE_CURVE('',#809,#835,#837,.T.);
#835 = VERTEX_POINT('',#836);
#836 = CARTESIAN_POINT('',(-87.58329545454,1.105664363826,7.7));
#837 = SURFACE_CURVE('',#838,(#843,#850),.PCURVE_S1.);
#838 = CIRCLE('',#839,36.6);
#839 = AXIS2_PLACEMENT_3D('',#840,#841,#842);
#840 = CARTESIAN_POINT('',(-51.,0.,7.7));
#841 = DIRECTION('',(0.,0.,-1.));
#842 = DIRECTION('',(1.,0.,0.));
#843 = PCURVE('',#248,#844);
#844 = DEFINITIONAL_REPRESENTATION('',(#845),#849);
#845 = LINE('',#846,#847);
#846 = CARTESIAN_POINT('',(-6.28318530718,-5.3));
#847 = VECTOR('',#848,1.);
#848 = DIRECTION('',(1.,-0.));
#849 = ( GEOMETRIC_REPRESENTATION_CONTEXT(2) 
PARAMETRIC_REPRESENTATION_CONTEXT() REPRESENTATION_CONTEXT('2D SPACE',''
  ) );
#850 = PCURVE('',#851,#856);
#851 = PLANE('',#852);
#852 = AXIS2_PLACEMENT_3D('',#853,#854,#855);
#853 = CARTESIAN_POINT('',(-84.,2.115698521171E-16,7.7));
#854 = DIRECTION('',(0.,0.,1.));
#855 = DIRECTION('',(1.,0.,-0.));
#856 = DEFINITIONAL_REPRESENTATION('',(#857),#865);
#857 = ( BOUNDED_CURVE() B_SPLINE_CURVE(2,(#858,#859,#860,#861,#862,#863
,#864),.UNSPECIFIED.,.T.,.F.) B_SPLINE_CURVE_WITH_KNOTS((1,2,2,2,2,1),(
    -2.094395102393,0.,2.094395102393,4.188790204786,6.28318530718,
8.377580409573),.UNSPECIFIED.) CURVE() GEOMETRIC_REPRESENTATION_ITEM() 
RATIONAL_B_SPLINE_CURVE((1.,0.5,1.,0.5,1.,0.5,1.)) REPRESENTATION_ITEM(
  '') );
#858 = CARTESIAN_POINT('',(69.6,-2.115698521171E-16));
#859 = CARTESIAN_POINT('',(69.6,-63.39305955702));
#860 = CARTESIAN_POINT('',(14.7,-31.69652977851));
#861 = CARTESIAN_POINT('',(-40.2,-9.175984421876E-15));
#862 = CARTESIAN_POINT('',(14.7,31.69652977851));
#863 = CARTESIAN_POINT('',(69.6,63.393059557021));
#864 = CARTESIAN_POINT('',(69.6,-2.115698521171E-16));
#865 = ( GEOMETRIC_REPRESENTATION_CONTEXT(2) 
PARAMETRIC_REPRESENTATION_CONTEXT() REPRESENTATION_CONTEXT('2D SPACE',''
  ) );
#866 = ORIENTED_EDGE('',*,*,#867,.T.);
#867 = EDGE_CURVE('',#835,#736,#868,.T.);
#868 = SURFACE_CURVE('',#869,(#873,#879),.PCURVE_S1.);
#869 = LINE('',#870,#871);
#870 = CARTESIAN_POINT('',(-87.58329545454,1.105664363826,2.4));
#871 = VECTOR('',#872,1.);
#872 = DIRECTION('',(-0.,-0.,-1.));
#873 = PCURVE('',#248,#874);
#874 = DEFINITIONAL_REPRESENTATION('',(#875),#878);
#875 = B_SPLINE_CURVE_WITH_KNOTS('',1,(#876,#877),.UNSPECIFIED.,.F.,.F.,
  (2,2),(-5.3000006,5.999999999062E-07),.PIECEWISE_BEZIER_KNOTS.);
#876 = CARTESIAN_POINT('',(-3.111378647961,-5.3000006));
#877 = CARTESIAN_POINT('',(-3.111378647961,5.999999999062E-07));
#878 = ( GEOMETRIC_REPRESENTATION_CONTEXT(2) 
PARAMETRIC_REPRESENTATION_CONTEXT() REPRESENTATION_CONTEXT('2D SPACE',''
  ) );
#879 = PCURVE('',#823,#880);
#880 = DEFINITIONAL_REPRESENTATION('',(#881),#884);
#881 = B_SPLINE_CURVE_WITH_KNOTS('',1,(#882,#883),.UNSPECIFIED.,.F.,.F.,
  (2,2),(-5.3,0.),.PIECEWISE_BEZIER_KNOTS.);
#882 = CARTESIAN_POINT('',(-9.1254858813,-5.3));
#883 = CARTESIAN_POINT('',(-9.1254858813,0.));
#884 = ( GEOMETRIC_REPRESENTATION_CONTEXT(2) 
PARAMETRIC_REPRESENTATION_CONTEXT() REPRESENTATION_CONTEXT('2D SPACE',''
  ) );
#885 = ADVANCED_FACE('',(#886),#218,.T.);
#886 = FACE_BOUND('',#887,.T.);
#887 = EDGE_LOOP('',(#888,#910,#933,#959,#985,#1006,#1029,#1055,#1081,
    #1102,#1123,#1124));
#888 = ORIENTED_EDGE('',*,*,#889,.F.);
#889 = EDGE_CURVE('',#890,#171,#892,.T.);
#890 = VERTEX_POINT('',#891);
#891 = CARTESIAN_POINT('',(51.,-36.6,2.4));
#892 = SURFACE_CURVE('',#893,(#897,#904),.PCURVE_S1.);
#893 = LINE('',#894,#895);
#894 = CARTESIAN_POINT('',(51.,-36.6,2.4));
#895 = VECTOR('',#896,1.);
#896 = DIRECTION('',(0.,0.,1.));
#897 = PCURVE('',#218,#898);
#898 = DEFINITIONAL_REPRESENTATION('',(#899),#903);
#899 = LINE('',#900,#901);
#900 = CARTESIAN_POINT('',(0.,102.));
#901 = VECTOR('',#902,1.);
#902 = DIRECTION('',(1.,0.));
#903 = ( GEOMETRIC_REPRESENTATION_CONTEXT(2) 
PARAMETRIC_REPRESENTATION_CONTEXT() REPRESENTATION_CONTEXT('2D SPACE',''
  ) );
#904 = PCURVE('',#191,#905);
#905 = DEFINITIONAL_REPRESENTATION('',(#906),#909);
#906 = B_SPLINE_CURVE_WITH_KNOTS('',1,(#907,#908),.UNSPECIFIED.,.F.,.F.,
  (2,2),(0.,5.8),.PIECEWISE_BEZIER_KNOTS.);
#907 = CARTESIAN_POINT('',(-4.712388980385,0.));
#908 = CARTESIAN_POINT('',(-4.712388980385,-5.8));
#909 = ( GEOMETRIC_REPRESENTATION_CONTEXT(2) 
PARAMETRIC_REPRESENTATION_CONTEXT() REPRESENTATION_CONTEXT('2D SPACE',''
  ) );
#910 = ORIENTED_EDGE('',*,*,#911,.F.);
#911 = EDGE_CURVE('',#912,#890,#914,.T.);
#912 = VERTEX_POINT('',#913);
#913 = CARTESIAN_POINT('',(48.05,-36.6,2.4));
#914 = SURFACE_CURVE('',#915,(#919,#926),.PCURVE_S1.);
#915 = LINE('',#916,#917);
#916 = CARTESIAN_POINT('',(-51.,-36.6,2.4));
#917 = VECTOR('',#918,1.);
#918 = DIRECTION('',(1.,0.,0.));
#919 = PCURVE('',#218,#920);
#920 = DEFINITIONAL_REPRESENTATION('',(#921),#925);
#921 = LINE('',#922,#923);
#922 = CARTESIAN_POINT('',(0.,0.));
#923 = VECTOR('',#924,1.);
#924 = DIRECTION('',(0.,1.));
#925 = ( GEOMETRIC_REPRESENTATION_CONTEXT(2) 
PARAMETRIC_REPRESENTATION_CONTEXT() REPRESENTATION_CONTEXT('2D SPACE',''
  ) );
#926 = PCURVE('',#506,#927);
#927 = DEFINITIONAL_REPRESENTATION('',(#928),#932);
#928 = LINE('',#929,#930);
#929 = CARTESIAN_POINT('',(0.,0.));
#930 = VECTOR('',#931,1.);
#931 = DIRECTION('',(1.,0.));
#932 = ( GEOMETRIC_REPRESENTATION_CONTEXT(2) 
PARAMETRIC_REPRESENTATION_CONTEXT() REPRESENTATION_CONTEXT('2D SPACE',''
  ) );
#933 = ORIENTED_EDGE('',*,*,#934,.F.);
#934 = EDGE_CURVE('',#935,#912,#937,.T.);
#935 = VERTEX_POINT('',#936);
#936 = CARTESIAN_POINT('',(48.05,-36.6,7.7));
#937 = SURFACE_CURVE('',#938,(#942,#948),.PCURVE_S1.);
#938 = LINE('',#939,#940);
#939 = CARTESIAN_POINT('',(48.05,-36.6,2.4));
#940 = VECTOR('',#941,1.);
#941 = DIRECTION('',(-0.,-0.,-1.));
#942 = PCURVE('',#218,#943);
#943 = DEFINITIONAL_REPRESENTATION('',(#944),#947);
#944 = B_SPLINE_CURVE_WITH_KNOTS('',1,(#945,#946),.UNSPECIFIED.,.F.,.F.,
  (2,2),(-5.3000006,5.999999999062E-07),.PIECEWISE_BEZIER_KNOTS.);
#945 = CARTESIAN_POINT('',(5.3000006,99.05));
#946 = CARTESIAN_POINT('',(-5.999999999062E-07,99.05));
#947 = ( GEOMETRIC_REPRESENTATION_CONTEXT(2) 
PARAMETRIC_REPRESENTATION_CONTEXT() REPRESENTATION_CONTEXT('2D SPACE',''
  ) );
#948 = PCURVE('',#949,#954);
#949 = CYLINDRICAL_SURFACE('',#950,3.75);
#950 = AXIS2_PLACEMENT_3D('',#951,#952,#953);
#951 = CARTESIAN_POINT('',(47.,-33.,2.4));
#952 = DIRECTION('',(-0.,-0.,-1.));
#953 = DIRECTION('',(1.,0.,0.));
#954 = DEFINITIONAL_REPRESENTATION('',(#955),#958);
#955 = B_SPLINE_CURVE_WITH_KNOTS('',1,(#956,#957),.UNSPECIFIED.,.F.,.F.,
  (2,2),(-5.3,-0.),.PIECEWISE_BEZIER_KNOTS.);
#956 = CARTESIAN_POINT('',(-4.996183089593,-5.3));
#957 = CARTESIAN_POINT('',(-4.996183089593,0.));
#958 = ( GEOMETRIC_REPRESENTATION_CONTEXT(2) 
PARAMETRIC_REPRESENTATION_CONTEXT() REPRESENTATION_CONTEXT('2D SPACE',''
  ) );
#959 = ORIENTED_EDGE('',*,*,#960,.F.);
#960 = EDGE_CURVE('',#961,#935,#963,.T.);
#961 = VERTEX_POINT('',#962);
#962 = CARTESIAN_POINT('',(45.95,-36.6,7.7));
#963 = SURFACE_CURVE('',#964,(#968,#974),.PCURVE_S1.);
#964 = LINE('',#965,#966);
#965 = CARTESIAN_POINT('',(-67.5,-36.6,7.7));
#966 = VECTOR('',#967,1.);
#967 = DIRECTION('',(1.,0.,0.));
#968 = PCURVE('',#218,#969);
#969 = DEFINITIONAL_REPRESENTATION('',(#970),#973);
#970 = B_SPLINE_CURVE_WITH_KNOTS('',1,(#971,#972),.UNSPECIFIED.,.F.,.F.,
  (2,2),(110.75,118.25),.PIECEWISE_BEZIER_KNOTS.);
#971 = CARTESIAN_POINT('',(5.3,94.25));
#972 = CARTESIAN_POINT('',(5.3,101.75));
#973 = ( GEOMETRIC_REPRESENTATION_CONTEXT(2) 
PARAMETRIC_REPRESENTATION_CONTEXT() REPRESENTATION_CONTEXT('2D SPACE',''
  ) );
#974 = PCURVE('',#975,#980);
#975 = PLANE('',#976);
#976 = AXIS2_PLACEMENT_3D('',#977,#978,#979);
#977 = CARTESIAN_POINT('',(-84.,2.115698521171E-16,7.7));
#978 = DIRECTION('',(0.,0.,1.));
#979 = DIRECTION('',(1.,0.,-0.));
#980 = DEFINITIONAL_REPRESENTATION('',(#981),#984);
#981 = B_SPLINE_CURVE_WITH_KNOTS('',1,(#982,#983),.UNSPECIFIED.,.F.,.F.,
  (2,2),(110.75,118.25),.PIECEWISE_BEZIER_KNOTS.);
#982 = CARTESIAN_POINT('',(127.25,-36.6));
#983 = CARTESIAN_POINT('',(134.75,-36.6));
#984 = ( GEOMETRIC_REPRESENTATION_CONTEXT(2) 
PARAMETRIC_REPRESENTATION_CONTEXT() REPRESENTATION_CONTEXT('2D SPACE',''
  ) );
#985 = ORIENTED_EDGE('',*,*,#986,.T.);
#986 = EDGE_CURVE('',#961,#987,#989,.T.);
#987 = VERTEX_POINT('',#988);
#988 = CARTESIAN_POINT('',(45.95,-36.6,2.4));
#989 = SURFACE_CURVE('',#990,(#994,#1000),.PCURVE_S1.);
#990 = LINE('',#991,#992);
#991 = CARTESIAN_POINT('',(45.95,-36.6,2.4));
#992 = VECTOR('',#993,1.);
#993 = DIRECTION('',(-0.,-0.,-1.));
#994 = PCURVE('',#218,#995);
#995 = DEFINITIONAL_REPRESENTATION('',(#996),#999);
#996 = B_SPLINE_CURVE_WITH_KNOTS('',1,(#997,#998),.UNSPECIFIED.,.F.,.F.,
  (2,2),(-5.3000006,5.999999999062E-07),.PIECEWISE_BEZIER_KNOTS.);
#997 = CARTESIAN_POINT('',(5.3000006,96.95));
#998 = CARTESIAN_POINT('',(-5.999999999062E-07,96.95));
#999 = ( GEOMETRIC_REPRESENTATION_CONTEXT(2) 
PARAMETRIC_REPRESENTATION_CONTEXT() REPRESENTATION_CONTEXT('2D SPACE',''
  ) );
#1000 = PCURVE('',#949,#1001);
#1001 = DEFINITIONAL_REPRESENTATION('',(#1002),#1005);
#1002 = B_SPLINE_CURVE_WITH_KNOTS('',1,(#1003,#1004),.UNSPECIFIED.,.F.,
  .F.,(2,2),(-5.3,0.),.PIECEWISE_BEZIER_KNOTS.);
#1003 = CARTESIAN_POINT('',(-10.71178017835,-5.3));
#1004 = CARTESIAN_POINT('',(-10.71178017835,0.));
#1005 = ( GEOMETRIC_REPRESENTATION_CONTEXT(2) 
PARAMETRIC_REPRESENTATION_CONTEXT() REPRESENTATION_CONTEXT('2D SPACE',''
  ) );
#1006 = ORIENTED_EDGE('',*,*,#1007,.F.);
#1007 = EDGE_CURVE('',#1008,#987,#1010,.T.);
#1008 = VERTEX_POINT('',#1009);
#1009 = CARTESIAN_POINT('',(-45.95,-36.6,2.4));
#1010 = SURFACE_CURVE('',#1011,(#1015,#1022),.PCURVE_S1.);
#1011 = LINE('',#1012,#1013);
#1012 = CARTESIAN_POINT('',(-51.,-36.6,2.4));
#1013 = VECTOR('',#1014,1.);
#1014 = DIRECTION('',(1.,0.,0.));
#1015 = PCURVE('',#218,#1016);
#1016 = DEFINITIONAL_REPRESENTATION('',(#1017),#1021);
#1017 = LINE('',#1018,#1019);
#1018 = CARTESIAN_POINT('',(0.,0.));
#1019 = VECTOR('',#1020,1.);
#1020 = DIRECTION('',(0.,1.));
#1021 = ( GEOMETRIC_REPRESENTATION_CONTEXT(2) 
PARAMETRIC_REPRESENTATION_CONTEXT() REPRESENTATION_CONTEXT('2D SPACE',''
  ) );
#1022 = PCURVE('',#506,#1023);
#1023 = DEFINITIONAL_REPRESENTATION('',(#1024),#1028);
#1024 = LINE('',#1025,#1026);
#1025 = CARTESIAN_POINT('',(0.,0.));
#1026 = VECTOR('',#1027,1.);
#1027 = DIRECTION('',(1.,0.));
#1028 = ( GEOMETRIC_REPRESENTATION_CONTEXT(2) 
PARAMETRIC_REPRESENTATION_CONTEXT() REPRESENTATION_CONTEXT('2D SPACE',''
  ) );
#1029 = ORIENTED_EDGE('',*,*,#1030,.F.);
#1030 = EDGE_CURVE('',#1031,#1008,#1033,.T.);
#1031 = VERTEX_POINT('',#1032);
#1032 = CARTESIAN_POINT('',(-45.95,-36.6,7.7));
#1033 = SURFACE_CURVE('',#1034,(#1038,#1044),.PCURVE_S1.);
#1034 = LINE('',#1035,#1036);
#1035 = CARTESIAN_POINT('',(-45.95,-36.6,2.4));
#1036 = VECTOR('',#1037,1.);
#1037 = DIRECTION('',(-0.,-0.,-1.));
#1038 = PCURVE('',#218,#1039);
#1039 = DEFINITIONAL_REPRESENTATION('',(#1040),#1043);
#1040 = B_SPLINE_CURVE_WITH_KNOTS('',1,(#1041,#1042),.UNSPECIFIED.,.F.,
  .F.,(2,2),(-5.3000006,5.999999999062E-07),.PIECEWISE_BEZIER_KNOTS.);
#1041 = CARTESIAN_POINT('',(5.3000006,5.05));
#1042 = CARTESIAN_POINT('',(-5.999999999062E-07,5.05));
#1043 = ( GEOMETRIC_REPRESENTATION_CONTEXT(2) 
PARAMETRIC_REPRESENTATION_CONTEXT() REPRESENTATION_CONTEXT('2D SPACE',''
  ) );
#1044 = PCURVE('',#1045,#1050);
#1045 = CYLINDRICAL_SURFACE('',#1046,3.75);
#1046 = AXIS2_PLACEMENT_3D('',#1047,#1048,#1049);
#1047 = CARTESIAN_POINT('',(-47.,-33.,2.4));
#1048 = DIRECTION('',(-0.,-0.,-1.));
#1049 = DIRECTION('',(1.,0.,0.));
#1050 = DEFINITIONAL_REPRESENTATION('',(#1051),#1054);
#1051 = B_SPLINE_CURVE_WITH_KNOTS('',1,(#1052,#1053),.UNSPECIFIED.,.F.,
  .F.,(2,2),(-5.3,-0.),.PIECEWISE_BEZIER_KNOTS.);
#1052 = CARTESIAN_POINT('',(-4.996183089593,-5.3));
#1053 = CARTESIAN_POINT('',(-4.996183089593,0.));
#1054 = ( GEOMETRIC_REPRESENTATION_CONTEXT(2) 
PARAMETRIC_REPRESENTATION_CONTEXT() REPRESENTATION_CONTEXT('2D SPACE',''
  ) );
#1055 = ORIENTED_EDGE('',*,*,#1056,.F.);
#1056 = EDGE_CURVE('',#1057,#1031,#1059,.T.);
#1057 = VERTEX_POINT('',#1058);
#1058 = CARTESIAN_POINT('',(-48.05,-36.6,7.7));
#1059 = SURFACE_CURVE('',#1060,(#1064,#1070),.PCURVE_S1.);
#1060 = LINE('',#1061,#1062);
#1061 = CARTESIAN_POINT('',(-67.5,-36.6,7.7));
#1062 = VECTOR('',#1063,1.);
#1063 = DIRECTION('',(1.,0.,0.));
#1064 = PCURVE('',#218,#1065);
#1065 = DEFINITIONAL_REPRESENTATION('',(#1066),#1069);
#1066 = B_SPLINE_CURVE_WITH_KNOTS('',1,(#1067,#1068),.UNSPECIFIED.,.F.,
  .F.,(2,2),(16.75,24.25),.PIECEWISE_BEZIER_KNOTS.);
#1067 = CARTESIAN_POINT('',(5.3,0.25));
#1068 = CARTESIAN_POINT('',(5.3,7.75));
#1069 = ( GEOMETRIC_REPRESENTATION_CONTEXT(2) 
PARAMETRIC_REPRESENTATION_CONTEXT() REPRESENTATION_CONTEXT('2D SPACE',''
  ) );
#1070 = PCURVE('',#1071,#1076);
#1071 = PLANE('',#1072);
#1072 = AXIS2_PLACEMENT_3D('',#1073,#1074,#1075);
#1073 = CARTESIAN_POINT('',(-84.,2.115698521171E-16,7.7));
#1074 = DIRECTION('',(0.,0.,1.));
#1075 = DIRECTION('',(1.,0.,-0.));
#1076 = DEFINITIONAL_REPRESENTATION('',(#1077),#1080);
#1077 = B_SPLINE_CURVE_WITH_KNOTS('',1,(#1078,#1079),.UNSPECIFIED.,.F.,
  .F.,(2,2),(16.75,24.25),.PIECEWISE_BEZIER_KNOTS.);
#1078 = CARTESIAN_POINT('',(33.25,-36.6));
#1079 = CARTESIAN_POINT('',(40.75,-36.6));
#1080 = ( GEOMETRIC_REPRESENTATION_CONTEXT(2) 
PARAMETRIC_REPRESENTATION_CONTEXT() REPRESENTATION_CONTEXT('2D SPACE',''
  ) );
#1081 = ORIENTED_EDGE('',*,*,#1082,.T.);
#1082 = EDGE_CURVE('',#1057,#1083,#1085,.T.);
#1083 = VERTEX_POINT('',#1084);
#1084 = CARTESIAN_POINT('',(-48.05,-36.6,2.4));
#1085 = SURFACE_CURVE('',#1086,(#1090,#1096),.PCURVE_S1.);
#1086 = LINE('',#1087,#1088);
#1087 = CARTESIAN_POINT('',(-48.05,-36.6,2.4));
#1088 = VECTOR('',#1089,1.);
#1089 = DIRECTION('',(-0.,-0.,-1.));
#1090 = PCURVE('',#218,#1091);
#1091 = DEFINITIONAL_REPRESENTATION('',(#1092),#1095);
#1092 = B_SPLINE_CURVE_WITH_KNOTS('',1,(#1093,#1094),.UNSPECIFIED.,.F.,
  .F.,(2,2),(-5.3000006,5.999999999062E-07),.PIECEWISE_BEZIER_KNOTS.);
#1093 = CARTESIAN_POINT('',(5.3000006,2.95));
#1094 = CARTESIAN_POINT('',(-5.999999999062E-07,2.95));
#1095 = ( GEOMETRIC_REPRESENTATION_CONTEXT(2) 
PARAMETRIC_REPRESENTATION_CONTEXT() REPRESENTATION_CONTEXT('2D SPACE',''
  ) );
#1096 = PCURVE('',#1045,#1097);
#1097 = DEFINITIONAL_REPRESENTATION('',(#1098),#1101);
#1098 = B_SPLINE_CURVE_WITH_KNOTS('',1,(#1099,#1100),.UNSPECIFIED.,.F.,
  .F.,(2,2),(-5.3,0.),.PIECEWISE_BEZIER_KNOTS.);
#1099 = CARTESIAN_POINT('',(-10.71178017835,-5.3));
#1100 = CARTESIAN_POINT('',(-10.71178017835,0.));
#1101 = ( GEOMETRIC_REPRESENTATION_CONTEXT(2) 
PARAMETRIC_REPRESENTATION_CONTEXT() REPRESENTATION_CONTEXT('2D SPACE',''
  ) );
#1102 = ORIENTED_EDGE('',*,*,#1103,.F.);
#1103 = EDGE_CURVE('',#762,#1083,#1104,.T.);
#1104 = SURFACE_CURVE('',#1105,(#1109,#1116),.PCURVE_S1.);
#1105 = LINE('',#1106,#1107);
#1106 = CARTESIAN_POINT('',(-51.,-36.6,2.4));
#1107 = VECTOR('',#1108,1.);
#1108 = DIRECTION('',(1.,0.,0.));
#1109 = PCURVE('',#218,#1110);
#1110 = DEFINITIONAL_REPRESENTATION('',(#1111),#1115);
#1111 = LINE('',#1112,#1113);
#1112 = CARTESIAN_POINT('',(0.,0.));
#1113 = VECTOR('',#1114,1.);
#1114 = DIRECTION('',(0.,1.));
#1115 = ( GEOMETRIC_REPRESENTATION_CONTEXT(2) 
PARAMETRIC_REPRESENTATION_CONTEXT() REPRESENTATION_CONTEXT('2D SPACE',''
  ) );
#1116 = PCURVE('',#506,#1117);
#1117 = DEFINITIONAL_REPRESENTATION('',(#1118),#1122);
#1118 = LINE('',#1119,#1120);
#1119 = CARTESIAN_POINT('',(0.,0.));
#1120 = VECTOR('',#1121,1.);
#1121 = DIRECTION('',(1.,0.));
#1122 = ( GEOMETRIC_REPRESENTATION_CONTEXT(2) 
PARAMETRIC_REPRESENTATION_CONTEXT() REPRESENTATION_CONTEXT('2D SPACE',''
  ) );
#1123 = ORIENTED_EDGE('',*,*,#761,.T.);
#1124 = ORIENTED_EDGE('',*,*,#203,.F.);
#1125 = ADVANCED_FACE('',(#1126),#191,.F.);
#1126 = FACE_BOUND('',#1127,.T.);
#1127 = EDGE_LOOP('',(#1128,#1129,#1157,#1183,#1216,#1237,#1263,#1264));
#1128 = ORIENTED_EDGE('',*,*,#468,.F.);
#1129 = ORIENTED_EDGE('',*,*,#1130,.T.);
#1130 = EDGE_CURVE('',#469,#1131,#1133,.T.);
#1131 = VERTEX_POINT('',#1132);
#1132 = CARTESIAN_POINT('',(87.583295454545,1.105664363826,2.4));
#1133 = SURFACE_CURVE('',#1134,(#1139,#1146),.PCURVE_S1.);
#1134 = CIRCLE('',#1135,36.6);
#1135 = AXIS2_PLACEMENT_3D('',#1136,#1137,#1138);
#1136 = CARTESIAN_POINT('',(51.,0.,2.4));
#1137 = DIRECTION('',(0.,0.,-1.));
#1138 = DIRECTION('',(0.,1.,0.));
#1139 = PCURVE('',#191,#1140);
#1140 = DEFINITIONAL_REPRESENTATION('',(#1141),#1145);
#1141 = LINE('',#1142,#1143);
#1142 = CARTESIAN_POINT('',(-7.853981633974,0.));
#1143 = VECTOR('',#1144,1.);
#1144 = DIRECTION('',(1.,-0.));
#1145 = ( GEOMETRIC_REPRESENTATION_CONTEXT(2) 
PARAMETRIC_REPRESENTATION_CONTEXT() REPRESENTATION_CONTEXT('2D SPACE',''
  ) );
#1146 = PCURVE('',#506,#1147);
#1147 = DEFINITIONAL_REPRESENTATION('',(#1148),#1156);
#1148 = ( BOUNDED_CURVE() B_SPLINE_CURVE(2,(#1149,#1150,#1151,#1152,
#1153,#1154,#1155),.UNSPECIFIED.,.T.,.F.) B_SPLINE_CURVE_WITH_KNOTS((1,2
    ,2,2,2,1),(-2.094395102393,0.,2.094395102393,4.188790204786,
6.28318530718,8.377580409573),.UNSPECIFIED.) CURVE() 
GEOMETRIC_REPRESENTATION_ITEM() RATIONAL_B_SPLINE_CURVE((1.,0.5,1.,0.5,
1.,0.5,1.)) REPRESENTATION_ITEM('') );
#1149 = CARTESIAN_POINT('',(102.,73.2));
#1150 = CARTESIAN_POINT('',(165.39305955702,73.2));
#1151 = CARTESIAN_POINT('',(133.69652977851,18.3));
#1152 = CARTESIAN_POINT('',(102.,-36.6));
#1153 = CARTESIAN_POINT('',(70.30347022149,18.3));
#1154 = CARTESIAN_POINT('',(38.606940442979,73.2));
#1155 = CARTESIAN_POINT('',(102.,73.2));
#1156 = ( GEOMETRIC_REPRESENTATION_CONTEXT(2) 
PARAMETRIC_REPRESENTATION_CONTEXT() REPRESENTATION_CONTEXT('2D SPACE',''
  ) );
#1157 = ORIENTED_EDGE('',*,*,#1158,.F.);
#1158 = EDGE_CURVE('',#1159,#1131,#1161,.T.);
#1159 = VERTEX_POINT('',#1160);
#1160 = CARTESIAN_POINT('',(87.583295454545,1.105664363826,7.7));
#1161 = SURFACE_CURVE('',#1162,(#1166,#1172),.PCURVE_S1.);
#1162 = LINE('',#1163,#1164);
#1163 = CARTESIAN_POINT('',(87.583295454545,1.105664363826,2.4));
#1164 = VECTOR('',#1165,1.);
#1165 = DIRECTION('',(-0.,-0.,-1.));
#1166 = PCURVE('',#191,#1167);
#1167 = DEFINITIONAL_REPRESENTATION('',(#1168),#1171);
#1168 = B_SPLINE_CURVE_WITH_KNOTS('',1,(#1169,#1170),.UNSPECIFIED.,.F.,
  .F.,(2,2),(-5.3000006,5.999999999062E-07),.PIECEWISE_BEZIER_KNOTS.);
#1169 = CARTESIAN_POINT('',(-6.313399312809,-5.3000006));
#1170 = CARTESIAN_POINT('',(-6.313399312809,5.999999999062E-07));
#1171 = ( GEOMETRIC_REPRESENTATION_CONTEXT(2) 
PARAMETRIC_REPRESENTATION_CONTEXT() REPRESENTATION_CONTEXT('2D SPACE',''
  ) );
#1172 = PCURVE('',#1173,#1178);
#1173 = CYLINDRICAL_SURFACE('',#1174,3.75);
#1174 = AXIS2_PLACEMENT_3D('',#1175,#1176,#1177);
#1175 = CARTESIAN_POINT('',(84.,0.,2.4));
#1176 = DIRECTION('',(-0.,-0.,-1.));
#1177 = DIRECTION('',(1.,0.,0.));
#1178 = DEFINITIONAL_REPRESENTATION('',(#1179),#1182);
#1179 = B_SPLINE_CURVE_WITH_KNOTS('',1,(#1180,#1181),.UNSPECIFIED.,.F.,
  .F.,(2,2),(-5.3000006,5.999999999062E-07),.PIECEWISE_BEZIER_KNOTS.);
#1180 = CARTESIAN_POINT('',(-0.29929207947,-5.3000006));
#1181 = CARTESIAN_POINT('',(-0.29929207947,5.999999999062E-07));
#1182 = ( GEOMETRIC_REPRESENTATION_CONTEXT(2) 
PARAMETRIC_REPRESENTATION_CONTEXT() REPRESENTATION_CONTEXT('2D SPACE',''
  ) );
#1183 = ORIENTED_EDGE('',*,*,#1184,.T.);
#1184 = EDGE_CURVE('',#1159,#1185,#1187,.T.);
#1185 = VERTEX_POINT('',#1186);
#1186 = CARTESIAN_POINT('',(87.583295454545,-1.105664363826,7.7));
#1187 = SURFACE_CURVE('',#1188,(#1193,#1200),.PCURVE_S1.);
#1188 = CIRCLE('',#1189,36.6);
#1189 = AXIS2_PLACEMENT_3D('',#1190,#1191,#1192);
#1190 = CARTESIAN_POINT('',(51.,0.,7.7));
#1191 = DIRECTION('',(0.,0.,-1.));
#1192 = DIRECTION('',(1.,0.,0.));
#1193 = PCURVE('',#191,#1194);
#1194 = DEFINITIONAL_REPRESENTATION('',(#1195),#1199);
#1195 = LINE('',#1196,#1197);
#1196 = CARTESIAN_POINT('',(-12.56637061435,-5.3));
#1197 = VECTOR('',#1198,1.);
#1198 = DIRECTION('',(1.,-0.));
#1199 = ( GEOMETRIC_REPRESENTATION_CONTEXT(2) 
PARAMETRIC_REPRESENTATION_CONTEXT() REPRESENTATION_CONTEXT('2D SPACE',''
  ) );
#1200 = PCURVE('',#1201,#1206);
#1201 = PLANE('',#1202);
#1202 = AXIS2_PLACEMENT_3D('',#1203,#1204,#1205);
#1203 = CARTESIAN_POINT('',(-84.,2.115698521171E-16,7.7));
#1204 = DIRECTION('',(0.,0.,1.));
#1205 = DIRECTION('',(1.,0.,-0.));
#1206 = DEFINITIONAL_REPRESENTATION('',(#1207),#1215);
#1207 = ( BOUNDED_CURVE() B_SPLINE_CURVE(2,(#1208,#1209,#1210,#1211,
#1212,#1213,#1214),.UNSPECIFIED.,.T.,.F.) B_SPLINE_CURVE_WITH_KNOTS((1,2
    ,2,2,2,1),(-2.094395102393,0.,2.094395102393,4.188790204786,
6.28318530718,8.377580409573),.UNSPECIFIED.) CURVE() 
GEOMETRIC_REPRESENTATION_ITEM() RATIONAL_B_SPLINE_CURVE((1.,0.5,1.,0.5,
1.,0.5,1.)) REPRESENTATION_ITEM('') );
#1208 = CARTESIAN_POINT('',(171.6,-2.115698521171E-16));
#1209 = CARTESIAN_POINT('',(171.6,-63.39305955702));
#1210 = CARTESIAN_POINT('',(116.7,-31.69652977851));
#1211 = CARTESIAN_POINT('',(61.8,-9.175984421876E-15));
#1212 = CARTESIAN_POINT('',(116.7,31.69652977851));
#1213 = CARTESIAN_POINT('',(171.6,63.393059557021));
#1214 = CARTESIAN_POINT('',(171.6,-2.115698521171E-16));
#1215 = ( GEOMETRIC_REPRESENTATION_CONTEXT(2) 
PARAMETRIC_REPRESENTATION_CONTEXT() REPRESENTATION_CONTEXT('2D SPACE',''
  ) );
#1216 = ORIENTED_EDGE('',*,*,#1217,.T.);
#1217 = EDGE_CURVE('',#1185,#1218,#1220,.T.);
#1218 = VERTEX_POINT('',#1219);
#1219 = CARTESIAN_POINT('',(87.583295454545,-1.105664363826,2.4));
#1220 = SURFACE_CURVE('',#1221,(#1225,#1231),.PCURVE_S1.);
#1221 = LINE('',#1222,#1223);
#1222 = CARTESIAN_POINT('',(87.583295454545,-1.105664363826,2.4));
#1223 = VECTOR('',#1224,1.);
#1224 = DIRECTION('',(-0.,-0.,-1.));
#1225 = PCURVE('',#191,#1226);
#1226 = DEFINITIONAL_REPRESENTATION('',(#1227),#1230);
#1227 = B_SPLINE_CURVE_WITH_KNOTS('',1,(#1228,#1229),.UNSPECIFIED.,.F.,
  .F.,(2,2),(-5.3000006,5.999999999062E-07),.PIECEWISE_BEZIER_KNOTS.);
#1228 = CARTESIAN_POINT('',(-6.252971301551,-5.3000006));
#1229 = CARTESIAN_POINT('',(-6.252971301551,5.999999999062E-07));
#1230 = ( GEOMETRIC_REPRESENTATION_CONTEXT(2) 
PARAMETRIC_REPRESENTATION_CONTEXT() REPRESENTATION_CONTEXT('2D SPACE',''
  ) );
#1231 = PCURVE('',#1173,#1232);
#1232 = DEFINITIONAL_REPRESENTATION('',(#1233),#1236);
#1233 = B_SPLINE_CURVE_WITH_KNOTS('',1,(#1234,#1235),.UNSPECIFIED.,.F.,
  .F.,(2,2),(-5.3000006,5.999999999062E-07),.PIECEWISE_BEZIER_KNOTS.);
#1234 = CARTESIAN_POINT('',(-5.98389322771,-5.3000006));
#1235 = CARTESIAN_POINT('',(-5.98389322771,5.999999999062E-07));
#1236 = ( GEOMETRIC_REPRESENTATION_CONTEXT(2) 
PARAMETRIC_REPRESENTATION_CONTEXT() REPRESENTATION_CONTEXT('2D SPACE',''
  ) );
#1237 = ORIENTED_EDGE('',*,*,#1238,.T.);
#1238 = EDGE_CURVE('',#1218,#890,#1239,.T.);
#1239 = SURFACE_CURVE('',#1240,(#1245,#1252),.PCURVE_S1.);
#1240 = CIRCLE('',#1241,36.6);
#1241 = AXIS2_PLACEMENT_3D('',#1242,#1243,#1244);
#1242 = CARTESIAN_POINT('',(51.,0.,2.4));
#1243 = DIRECTION('',(0.,0.,-1.));
#1244 = DIRECTION('',(0.,1.,0.));
#1245 = PCURVE('',#191,#1246);
#1246 = DEFINITIONAL_REPRESENTATION('',(#1247),#1251);
#1247 = LINE('',#1248,#1249);
#1248 = CARTESIAN_POINT('',(-7.853981633974,0.));
#1249 = VECTOR('',#1250,1.);
#1250 = DIRECTION('',(1.,-0.));
#1251 = ( GEOMETRIC_REPRESENTATION_CONTEXT(2) 
PARAMETRIC_REPRESENTATION_CONTEXT() REPRESENTATION_CONTEXT('2D SPACE',''
  ) );
#1252 = PCURVE('',#506,#1253);
#1253 = DEFINITIONAL_REPRESENTATION('',(#1254),#1262);
#1254 = ( BOUNDED_CURVE() B_SPLINE_CURVE(2,(#1255,#1256,#1257,#1258,
#1259,#1260,#1261),.UNSPECIFIED.,.T.,.F.) B_SPLINE_CURVE_WITH_KNOTS((1,2
    ,2,2,2,1),(-2.094395102393,0.,2.094395102393,4.188790204786,
6.28318530718,8.377580409573),.UNSPECIFIED.) CURVE() 
GEOMETRIC_REPRESENTATION_ITEM() RATIONAL_B_SPLINE_CURVE((1.,0.5,1.,0.5,
1.,0.5,1.)) REPRESENTATION_ITEM('') );
#1255 = CARTESIAN_POINT('',(102.,73.2));
#1256 = CARTESIAN_POINT('',(165.39305955702,73.2));
#1257 = CARTESIAN_POINT('',(133.69652977851,18.3));
#1258 = CARTESIAN_POINT('',(102.,-36.6));
#1259 = CARTESIAN_POINT('',(70.30347022149,18.3));
#1260 = CARTESIAN_POINT('',(38.606940442979,73.2));
#1261 = CARTESIAN_POINT('',(102.,73.2));
#1262 = ( GEOMETRIC_REPRESENTATION_CONTEXT(2) 
PARAMETRIC_REPRESENTATION_CONTEXT() REPRESENTATION_CONTEXT('2D SPACE',''
  ) );
#1263 = ORIENTED_EDGE('',*,*,#889,.T.);
#1264 = ORIENTED_EDGE('',*,*,#170,.F.);
#1265 = ADVANCED_FACE('',(#1266,#1272,#1307,#1545),#281,.F.);
#1266 = FACE_BOUND('',#1267,.F.);
#1267 = EDGE_LOOP('',(#1268,#1269,#1270,#1271));
#1268 = ORIENTED_EDGE('',*,*,#263,.F.);
#1269 = ORIENTED_EDGE('',*,*,#391,.T.);
#1270 = ORIENTED_EDGE('',*,*,#441,.T.);
#1271 = ORIENTED_EDGE('',*,*,#338,.F.);
#1272 = FACE_BOUND('',#1273,.F.);
#1273 = EDGE_LOOP('',(#1274));
#1274 = ORIENTED_EDGE('',*,*,#1275,.T.);
#1275 = EDGE_CURVE('',#1276,#1276,#1278,.T.);
#1276 = VERTEX_POINT('',#1277);
#1277 = CARTESIAN_POINT('',(-50.,0.,0.));
#1278 = SURFACE_CURVE('',#1279,(#1284,#1295),.PCURVE_S1.);
#1279 = CIRCLE('',#1280,15.);
#1280 = AXIS2_PLACEMENT_3D('',#1281,#1282,#1283);
#1281 = CARTESIAN_POINT('',(-65.,0.,0.));
#1282 = DIRECTION('',(0.,0.,-1.));
#1283 = DIRECTION('',(1.,0.,0.));
#1284 = PCURVE('',#281,#1285);
#1285 = DEFINITIONAL_REPRESENTATION('',(#1286),#1294);
#1286 = ( BOUNDED_CURVE() B_SPLINE_CURVE(2,(#1287,#1288,#1289,#1290,
#1291,#1292,#1293),.UNSPECIFIED.,.T.,.F.) B_SPLINE_CURVE_WITH_KNOTS((1,2
    ,2,2,2,1),(-2.094395102393,0.,2.094395102393,4.188790204786,
6.28318530718,8.377580409573),.UNSPECIFIED.) CURVE() 
GEOMETRIC_REPRESENTATION_ITEM() RATIONAL_B_SPLINE_CURVE((1.,0.5,1.,0.5,
1.,0.5,1.)) REPRESENTATION_ITEM('') );
#1287 = CARTESIAN_POINT('',(1.,39.));
#1288 = CARTESIAN_POINT('',(1.,13.019237886467));
#1289 = CARTESIAN_POINT('',(-21.5,26.009618943233));
#1290 = CARTESIAN_POINT('',(-44.,39.));
#1291 = CARTESIAN_POINT('',(-21.5,51.990381056767));
#1292 = CARTESIAN_POINT('',(1.,64.980762113533));
#1293 = CARTESIAN_POINT('',(1.,39.));
#1294 = ( GEOMETRIC_REPRESENTATION_CONTEXT(2) 
PARAMETRIC_REPRESENTATION_CONTEXT() REPRESENTATION_CONTEXT('2D SPACE',''
  ) );
#1295 = PCURVE('',#1296,#1301);
#1296 = CYLINDRICAL_SURFACE('',#1297,15.);
#1297 = AXIS2_PLACEMENT_3D('',#1298,#1299,#1300);
#1298 = CARTESIAN_POINT('',(-65.,0.,-0.2));
#1299 = DIRECTION('',(-0.,-0.,-1.));
#1300 = DIRECTION('',(1.,0.,0.));
#1301 = DEFINITIONAL_REPRESENTATION('',(#1302),#1306);
#1302 = LINE('',#1303,#1304);
#1303 = CARTESIAN_POINT('',(-6.28318530718,-0.2));
#1304 = VECTOR('',#1305,1.);
#1305 = DIRECTION('',(1.,-0.));
#1306 = ( GEOMETRIC_REPRESENTATION_CONTEXT(2) 
PARAMETRIC_REPRESENTATION_CONTEXT() REPRESENTATION_CONTEXT('2D SPACE',''
  ) );
#1307 = FACE_BOUND('',#1308,.F.);
#1308 = EDGE_LOOP('',(#1309,#1337,#1370,#1396,#1429,#1455,#1488,#1514));
#1309 = ORIENTED_EDGE('',*,*,#1310,.T.);
#1310 = EDGE_CURVE('',#1311,#1313,#1315,.T.);
#1311 = VERTEX_POINT('',#1312);
#1312 = CARTESIAN_POINT('',(34.5,-23.,0.));
#1313 = VERTEX_POINT('',#1314);
#1314 = CARTESIAN_POINT('',(-34.5,-23.,0.));
#1315 = SURFACE_CURVE('',#1316,(#1320,#1326),.PCURVE_S1.);
#1316 = LINE('',#1317,#1318);
#1317 = CARTESIAN_POINT('',(-42.75,-23.,0.));
#1318 = VECTOR('',#1319,1.);
#1319 = DIRECTION('',(-1.,0.,0.));
#1320 = PCURVE('',#281,#1321);
#1321 = DEFINITIONAL_REPRESENTATION('',(#1322),#1325);
#1322 = B_SPLINE_CURVE_WITH_KNOTS('',1,(#1323,#1324),.UNSPECIFIED.,.F.,
  .F.,(2,2),(-77.25,-8.25),.PIECEWISE_BEZIER_KNOTS.);
#1323 = CARTESIAN_POINT('',(85.5,16.));
#1324 = CARTESIAN_POINT('',(16.5,16.));
#1325 = ( GEOMETRIC_REPRESENTATION_CONTEXT(2) 
PARAMETRIC_REPRESENTATION_CONTEXT() REPRESENTATION_CONTEXT('2D SPACE',''
  ) );
#1326 = PCURVE('',#1327,#1332);
#1327 = PLANE('',#1328);
#1328 = AXIS2_PLACEMENT_3D('',#1329,#1330,#1331);
#1329 = CARTESIAN_POINT('',(-34.5,-23.,-0.2));
#1330 = DIRECTION('',(0.,1.,0.));
#1331 = DIRECTION('',(0.,0.,1.));
#1332 = DEFINITIONAL_REPRESENTATION('',(#1333),#1336);
#1333 = B_SPLINE_CURVE_WITH_KNOTS('',1,(#1334,#1335),.UNSPECIFIED.,.F.,
  .F.,(2,2),(-77.25,-8.25),.PIECEWISE_BEZIER_KNOTS.);
#1334 = CARTESIAN_POINT('',(0.2,69.));
#1335 = CARTESIAN_POINT('',(0.2,0.));
#1336 = ( GEOMETRIC_REPRESENTATION_CONTEXT(2) 
PARAMETRIC_REPRESENTATION_CONTEXT() REPRESENTATION_CONTEXT('2D SPACE',''
  ) );
#1337 = ORIENTED_EDGE('',*,*,#1338,.T.);
#1338 = EDGE_CURVE('',#1313,#1339,#1341,.T.);
#1339 = VERTEX_POINT('',#1340);
#1340 = CARTESIAN_POINT('',(-37.,-20.5,0.));
#1341 = SURFACE_CURVE('',#1342,(#1347,#1358),.PCURVE_S1.);
#1342 = CIRCLE('',#1343,2.5);
#1343 = AXIS2_PLACEMENT_3D('',#1344,#1345,#1346);
#1344 = CARTESIAN_POINT('',(-34.5,-20.5,0.));
#1345 = DIRECTION('',(0.,0.,-1.));
#1346 = DIRECTION('',(1.,0.,0.));
#1347 = PCURVE('',#281,#1348);
#1348 = DEFINITIONAL_REPRESENTATION('',(#1349),#1357);
#1349 = ( BOUNDED_CURVE() B_SPLINE_CURVE(2,(#1350,#1351,#1352,#1353,
#1354,#1355,#1356),.UNSPECIFIED.,.T.,.F.) B_SPLINE_CURVE_WITH_KNOTS((1,2
    ,2,2,2,1),(-2.094395102393,0.,2.094395102393,4.188790204786,
6.28318530718,8.377580409573),.UNSPECIFIED.) CURVE() 
GEOMETRIC_REPRESENTATION_ITEM() RATIONAL_B_SPLINE_CURVE((1.,0.5,1.,0.5,
1.,0.5,1.)) REPRESENTATION_ITEM('') );
#1350 = CARTESIAN_POINT('',(19.,18.5));
#1351 = CARTESIAN_POINT('',(19.,14.169872981078));
#1352 = CARTESIAN_POINT('',(15.25,16.334936490539));
#1353 = CARTESIAN_POINT('',(11.5,18.5));
#1354 = CARTESIAN_POINT('',(15.25,20.665063509461));
#1355 = CARTESIAN_POINT('',(19.,22.830127018922));
#1356 = CARTESIAN_POINT('',(19.,18.5));
#1357 = ( GEOMETRIC_REPRESENTATION_CONTEXT(2) 
PARAMETRIC_REPRESENTATION_CONTEXT() REPRESENTATION_CONTEXT('2D SPACE',''
  ) );
#1358 = PCURVE('',#1359,#1364);
#1359 = CYLINDRICAL_SURFACE('',#1360,2.5);
#1360 = AXIS2_PLACEMENT_3D('',#1361,#1362,#1363);
#1361 = CARTESIAN_POINT('',(-34.5,-20.5,-0.2));
#1362 = DIRECTION('',(-0.,-0.,-1.));
#1363 = DIRECTION('',(1.,0.,0.));
#1364 = DEFINITIONAL_REPRESENTATION('',(#1365),#1369);
#1365 = LINE('',#1366,#1367);
#1366 = CARTESIAN_POINT('',(-6.28318530718,-0.2));
#1367 = VECTOR('',#1368,1.);
#1368 = DIRECTION('',(1.,-0.));
#1369 = ( GEOMETRIC_REPRESENTATION_CONTEXT(2) 
PARAMETRIC_REPRESENTATION_CONTEXT() REPRESENTATION_CONTEXT('2D SPACE',''
  ) );
#1370 = ORIENTED_EDGE('',*,*,#1371,.T.);
#1371 = EDGE_CURVE('',#1339,#1372,#1374,.T.);
#1372 = VERTEX_POINT('',#1373);
#1373 = CARTESIAN_POINT('',(-37.,20.5,0.));
#1374 = SURFACE_CURVE('',#1375,(#1379,#1385),.PCURVE_S1.);
#1375 = LINE('',#1376,#1377);
#1376 = CARTESIAN_POINT('',(-37.,-29.75,0.));
#1377 = VECTOR('',#1378,1.);
#1378 = DIRECTION('',(0.,1.,0.));
#1379 = PCURVE('',#281,#1380);
#1380 = DEFINITIONAL_REPRESENTATION('',(#1381),#1384);
#1381 = B_SPLINE_CURVE_WITH_KNOTS('',1,(#1382,#1383),.UNSPECIFIED.,.F.,
  .F.,(2,2),(9.25,50.25),.PIECEWISE_BEZIER_KNOTS.);
#1382 = CARTESIAN_POINT('',(14.,18.5));
#1383 = CARTESIAN_POINT('',(14.,59.5));
#1384 = ( GEOMETRIC_REPRESENTATION_CONTEXT(2) 
PARAMETRIC_REPRESENTATION_CONTEXT() REPRESENTATION_CONTEXT('2D SPACE',''
  ) );
#1385 = PCURVE('',#1386,#1391);
#1386 = PLANE('',#1387);
#1387 = AXIS2_PLACEMENT_3D('',#1388,#1389,#1390);
#1388 = CARTESIAN_POINT('',(-37.,-20.5,-0.2));
#1389 = DIRECTION('',(1.,0.,0.));
#1390 = DIRECTION('',(0.,0.,1.));
#1391 = DEFINITIONAL_REPRESENTATION('',(#1392),#1395);
#1392 = B_SPLINE_CURVE_WITH_KNOTS('',1,(#1393,#1394),.UNSPECIFIED.,.F.,
  .F.,(2,2),(9.25,50.25),.PIECEWISE_BEZIER_KNOTS.);
#1393 = CARTESIAN_POINT('',(0.2,0.));
#1394 = CARTESIAN_POINT('',(0.2,-41.));
#1395 = ( GEOMETRIC_REPRESENTATION_CONTEXT(2) 
PARAMETRIC_REPRESENTATION_CONTEXT() REPRESENTATION_CONTEXT('2D SPACE',''
  ) );
#1396 = ORIENTED_EDGE('',*,*,#1397,.T.);
#1397 = EDGE_CURVE('',#1372,#1398,#1400,.T.);
#1398 = VERTEX_POINT('',#1399);
#1399 = CARTESIAN_POINT('',(-34.5,23.,0.));
#1400 = SURFACE_CURVE('',#1401,(#1406,#1417),.PCURVE_S1.);
#1401 = CIRCLE('',#1402,2.5);
#1402 = AXIS2_PLACEMENT_3D('',#1403,#1404,#1405);
#1403 = CARTESIAN_POINT('',(-34.5,20.5,0.));
#1404 = DIRECTION('',(0.,0.,-1.));
#1405 = DIRECTION('',(1.,0.,0.));
#1406 = PCURVE('',#281,#1407);
#1407 = DEFINITIONAL_REPRESENTATION('',(#1408),#1416);
#1408 = ( BOUNDED_CURVE() B_SPLINE_CURVE(2,(#1409,#1410,#1411,#1412,
#1413,#1414,#1415),.UNSPECIFIED.,.T.,.F.) B_SPLINE_CURVE_WITH_KNOTS((1,2
    ,2,2,2,1),(-2.094395102393,0.,2.094395102393,4.188790204786,
6.28318530718,8.377580409573),.UNSPECIFIED.) CURVE() 
GEOMETRIC_REPRESENTATION_ITEM() RATIONAL_B_SPLINE_CURVE((1.,0.5,1.,0.5,
1.,0.5,1.)) REPRESENTATION_ITEM('') );
#1409 = CARTESIAN_POINT('',(19.,59.5));
#1410 = CARTESIAN_POINT('',(19.,55.169872981078));
#1411 = CARTESIAN_POINT('',(15.25,57.334936490539));
#1412 = CARTESIAN_POINT('',(11.5,59.5));
#1413 = CARTESIAN_POINT('',(15.25,61.665063509461));
#1414 = CARTESIAN_POINT('',(19.,63.830127018922));
#1415 = CARTESIAN_POINT('',(19.,59.5));
#1416 = ( GEOMETRIC_REPRESENTATION_CONTEXT(2) 
PARAMETRIC_REPRESENTATION_CONTEXT() REPRESENTATION_CONTEXT('2D SPACE',''
  ) );
#1417 = PCURVE('',#1418,#1423);
#1418 = CYLINDRICAL_SURFACE('',#1419,2.5);
#1419 = AXIS2_PLACEMENT_3D('',#1420,#1421,#1422);
#1420 = CARTESIAN_POINT('',(-34.5,20.5,-0.2));
#1421 = DIRECTION('',(-0.,-0.,-1.));
#1422 = DIRECTION('',(1.,0.,0.));
#1423 = DEFINITIONAL_REPRESENTATION('',(#1424),#1428);
#1424 = LINE('',#1425,#1426);
#1425 = CARTESIAN_POINT('',(-6.28318530718,-0.2));
#1426 = VECTOR('',#1427,1.);
#1427 = DIRECTION('',(1.,-0.));
#1428 = ( GEOMETRIC_REPRESENTATION_CONTEXT(2) 
PARAMETRIC_REPRESENTATION_CONTEXT() REPRESENTATION_CONTEXT('2D SPACE',''
  ) );
#1429 = ORIENTED_EDGE('',*,*,#1430,.F.);
#1430 = EDGE_CURVE('',#1431,#1398,#1433,.T.);
#1431 = VERTEX_POINT('',#1432);
#1432 = CARTESIAN_POINT('',(34.5,23.,0.));
#1433 = SURFACE_CURVE('',#1434,(#1438,#1444),.PCURVE_S1.);
#1434 = LINE('',#1435,#1436);
#1435 = CARTESIAN_POINT('',(-42.75,23.,0.));
#1436 = VECTOR('',#1437,1.);
#1437 = DIRECTION('',(-1.,0.,0.));
#1438 = PCURVE('',#281,#1439);
#1439 = DEFINITIONAL_REPRESENTATION('',(#1440),#1443);
#1440 = B_SPLINE_CURVE_WITH_KNOTS('',1,(#1441,#1442),.UNSPECIFIED.,.F.,
  .F.,(2,2),(-77.25,-8.25),.PIECEWISE_BEZIER_KNOTS.);
#1441 = CARTESIAN_POINT('',(85.5,62.));
#1442 = CARTESIAN_POINT('',(16.5,62.));
#1443 = ( GEOMETRIC_REPRESENTATION_CONTEXT(2) 
PARAMETRIC_REPRESENTATION_CONTEXT() REPRESENTATION_CONTEXT('2D SPACE',''
  ) );
#1444 = PCURVE('',#1445,#1450);
#1445 = PLANE('',#1446);
#1446 = AXIS2_PLACEMENT_3D('',#1447,#1448,#1449);
#1447 = CARTESIAN_POINT('',(-34.5,23.,-0.2));
#1448 = DIRECTION('',(0.,1.,0.));
#1449 = DIRECTION('',(0.,0.,1.));
#1450 = DEFINITIONAL_REPRESENTATION('',(#1451),#1454);
#1451 = B_SPLINE_CURVE_WITH_KNOTS('',1,(#1452,#1453),.UNSPECIFIED.,.F.,
  .F.,(2,2),(-77.25,-8.25),.PIECEWISE_BEZIER_KNOTS.);
#1452 = CARTESIAN_POINT('',(0.2,69.));
#1453 = CARTESIAN_POINT('',(0.2,0.));
#1454 = ( GEOMETRIC_REPRESENTATION_CONTEXT(2) 
PARAMETRIC_REPRESENTATION_CONTEXT() REPRESENTATION_CONTEXT('2D SPACE',''
  ) );
#1455 = ORIENTED_EDGE('',*,*,#1456,.T.);
#1456 = EDGE_CURVE('',#1431,#1457,#1459,.T.);
#1457 = VERTEX_POINT('',#1458);
#1458 = CARTESIAN_POINT('',(37.,20.5,0.));
#1459 = SURFACE_CURVE('',#1460,(#1465,#1476),.PCURVE_S1.);
#1460 = CIRCLE('',#1461,2.5);
#1461 = AXIS2_PLACEMENT_3D('',#1462,#1463,#1464);
#1462 = CARTESIAN_POINT('',(34.5,20.5,0.));
#1463 = DIRECTION('',(0.,0.,-1.));
#1464 = DIRECTION('',(1.,0.,0.));
#1465 = PCURVE('',#281,#1466);
#1466 = DEFINITIONAL_REPRESENTATION('',(#1467),#1475);
#1467 = ( BOUNDED_CURVE() B_SPLINE_CURVE(2,(#1468,#1469,#1470,#1471,
#1472,#1473,#1474),.UNSPECIFIED.,.T.,.F.) B_SPLINE_CURVE_WITH_KNOTS((1,2
    ,2,2,2,1),(-2.094395102393,0.,2.094395102393,4.188790204786,
6.28318530718,8.377580409573),.UNSPECIFIED.) CURVE() 
GEOMETRIC_REPRESENTATION_ITEM() RATIONAL_B_SPLINE_CURVE((1.,0.5,1.,0.5,
1.,0.5,1.)) REPRESENTATION_ITEM('') );
#1468 = CARTESIAN_POINT('',(88.,59.5));
#1469 = CARTESIAN_POINT('',(88.,55.169872981078));
#1470 = CARTESIAN_POINT('',(84.25,57.334936490539));
#1471 = CARTESIAN_POINT('',(80.5,59.5));
#1472 = CARTESIAN_POINT('',(84.25,61.665063509461));
#1473 = CARTESIAN_POINT('',(88.,63.830127018922));
#1474 = CARTESIAN_POINT('',(88.,59.5));
#1475 = ( GEOMETRIC_REPRESENTATION_CONTEXT(2) 
PARAMETRIC_REPRESENTATION_CONTEXT() REPRESENTATION_CONTEXT('2D SPACE',''
  ) );
#1476 = PCURVE('',#1477,#1482);
#1477 = CYLINDRICAL_SURFACE('',#1478,2.5);
#1478 = AXIS2_PLACEMENT_3D('',#1479,#1480,#1481);
#1479 = CARTESIAN_POINT('',(34.5,20.5,-0.2));
#1480 = DIRECTION('',(-0.,-0.,-1.));
#1481 = DIRECTION('',(1.,0.,0.));
#1482 = DEFINITIONAL_REPRESENTATION('',(#1483),#1487);
#1483 = LINE('',#1484,#1485);
#1484 = CARTESIAN_POINT('',(-6.28318530718,-0.2));
#1485 = VECTOR('',#1486,1.);
#1486 = DIRECTION('',(1.,-0.));
#1487 = ( GEOMETRIC_REPRESENTATION_CONTEXT(2) 
PARAMETRIC_REPRESENTATION_CONTEXT() REPRESENTATION_CONTEXT('2D SPACE',''
  ) );
#1488 = ORIENTED_EDGE('',*,*,#1489,.F.);
#1489 = EDGE_CURVE('',#1490,#1457,#1492,.T.);
#1490 = VERTEX_POINT('',#1491);
#1491 = CARTESIAN_POINT('',(37.,-20.5,0.));
#1492 = SURFACE_CURVE('',#1493,(#1497,#1503),.PCURVE_S1.);
#1493 = LINE('',#1494,#1495);
#1494 = CARTESIAN_POINT('',(37.,-29.75,0.));
#1495 = VECTOR('',#1496,1.);
#1496 = DIRECTION('',(0.,1.,0.));
#1497 = PCURVE('',#281,#1498);
#1498 = DEFINITIONAL_REPRESENTATION('',(#1499),#1502);
#1499 = B_SPLINE_CURVE_WITH_KNOTS('',1,(#1500,#1501),.UNSPECIFIED.,.F.,
  .F.,(2,2),(9.25,50.25),.PIECEWISE_BEZIER_KNOTS.);
#1500 = CARTESIAN_POINT('',(88.,18.5));
#1501 = CARTESIAN_POINT('',(88.,59.5));
#1502 = ( GEOMETRIC_REPRESENTATION_CONTEXT(2) 
PARAMETRIC_REPRESENTATION_CONTEXT() REPRESENTATION_CONTEXT('2D SPACE',''
  ) );
#1503 = PCURVE('',#1504,#1509);
#1504 = PLANE('',#1505);
#1505 = AXIS2_PLACEMENT_3D('',#1506,#1507,#1508);
#1506 = CARTESIAN_POINT('',(37.,-20.5,-0.2));
#1507 = DIRECTION('',(1.,0.,0.));
#1508 = DIRECTION('',(0.,0.,1.));
#1509 = DEFINITIONAL_REPRESENTATION('',(#1510),#1513);
#1510 = B_SPLINE_CURVE_WITH_KNOTS('',1,(#1511,#1512),.UNSPECIFIED.,.F.,
  .F.,(2,2),(9.25,50.25),.PIECEWISE_BEZIER_KNOTS.);
#1511 = CARTESIAN_POINT('',(0.2,0.));
#1512 = CARTESIAN_POINT('',(0.2,-41.));
#1513 = ( GEOMETRIC_REPRESENTATION_CONTEXT(2) 
PARAMETRIC_REPRESENTATION_CONTEXT() REPRESENTATION_CONTEXT('2D SPACE',''
  ) );
#1514 = ORIENTED_EDGE('',*,*,#1515,.T.);
#1515 = EDGE_CURVE('',#1490,#1311,#1516,.T.);
#1516 = SURFACE_CURVE('',#1517,(#1522,#1533),.PCURVE_S1.);
#1517 = CIRCLE('',#1518,2.5);
#1518 = AXIS2_PLACEMENT_3D('',#1519,#1520,#1521);
#1519 = CARTESIAN_POINT('',(34.5,-20.5,0.));
#1520 = DIRECTION('',(0.,0.,-1.));
#1521 = DIRECTION('',(1.,0.,0.));
#1522 = PCURVE('',#281,#1523);
#1523 = DEFINITIONAL_REPRESENTATION('',(#1524),#1532);
#1524 = ( BOUNDED_CURVE() B_SPLINE_CURVE(2,(#1525,#1526,#1527,#1528,
#1529,#1530,#1531),.UNSPECIFIED.,.T.,.F.) B_SPLINE_CURVE_WITH_KNOTS((1,2
    ,2,2,2,1),(-2.094395102393,0.,2.094395102393,4.188790204786,
6.28318530718,8.377580409573),.UNSPECIFIED.) CURVE() 
GEOMETRIC_REPRESENTATION_ITEM() RATIONAL_B_SPLINE_CURVE((1.,0.5,1.,0.5,
1.,0.5,1.)) REPRESENTATION_ITEM('') );
#1525 = CARTESIAN_POINT('',(88.,18.5));
#1526 = CARTESIAN_POINT('',(88.,14.169872981078));
#1527 = CARTESIAN_POINT('',(84.25,16.334936490539));
#1528 = CARTESIAN_POINT('',(80.5,18.5));
#1529 = CARTESIAN_POINT('',(84.25,20.665063509461));
#1530 = CARTESIAN_POINT('',(88.,22.830127018922));
#1531 = CARTESIAN_POINT('',(88.,18.5));
#1532 = ( GEOMETRIC_REPRESENTATION_CONTEXT(2) 
PARAMETRIC_REPRESENTATION_CONTEXT() REPRESENTATION_CONTEXT('2D SPACE',''
  ) );
#1533 = PCURVE('',#1534,#1539);
#1534 = CYLINDRICAL_SURFACE('',#1535,2.5);
#1535 = AXIS2_PLACEMENT_3D('',#1536,#1537,#1538);
#1536 = CARTESIAN_POINT('',(34.5,-20.5,-0.2));
#1537 = DIRECTION('',(-0.,-0.,-1.));
#1538 = DIRECTION('',(1.,0.,0.));
#1539 = DEFINITIONAL_REPRESENTATION('',(#1540),#1544);
#1540 = LINE('',#1541,#1542);
#1541 = CARTESIAN_POINT('',(-6.28318530718,-0.2));
#1542 = VECTOR('',#1543,1.);
#1543 = DIRECTION('',(1.,-0.));
#1544 = ( GEOMETRIC_REPRESENTATION_CONTEXT(2) 
PARAMETRIC_REPRESENTATION_CONTEXT() REPRESENTATION_CONTEXT('2D SPACE',''
  ) );
#1545 = FACE_BOUND('',#1546,.F.);
#1546 = EDGE_LOOP('',(#1547));
#1547 = ORIENTED_EDGE('',*,*,#1548,.T.);
#1548 = EDGE_CURVE('',#1549,#1549,#1551,.T.);
#1549 = VERTEX_POINT('',#1550);
#1550 = CARTESIAN_POINT('',(80.,0.,0.));
#1551 = SURFACE_CURVE('',#1552,(#1557,#1568),.PCURVE_S1.);
#1552 = CIRCLE('',#1553,15.);
#1553 = AXIS2_PLACEMENT_3D('',#1554,#1555,#1556);
#1554 = CARTESIAN_POINT('',(65.,0.,0.));
#1555 = DIRECTION('',(0.,0.,-1.));
#1556 = DIRECTION('',(1.,0.,0.));
#1557 = PCURVE('',#281,#1558);
#1558 = DEFINITIONAL_REPRESENTATION('',(#1559),#1567);
#1559 = ( BOUNDED_CURVE() B_SPLINE_CURVE(2,(#1560,#1561,#1562,#1563,
#1564,#1565,#1566),.UNSPECIFIED.,.T.,.F.) B_SPLINE_CURVE_WITH_KNOTS((1,2
    ,2,2,2,1),(-2.094395102393,0.,2.094395102393,4.188790204786,
6.28318530718,8.377580409573),.UNSPECIFIED.) CURVE() 
GEOMETRIC_REPRESENTATION_ITEM() RATIONAL_B_SPLINE_CURVE((1.,0.5,1.,0.5,
1.,0.5,1.)) REPRESENTATION_ITEM('') );
#1560 = CARTESIAN_POINT('',(131.,39.));
#1561 = CARTESIAN_POINT('',(131.,13.019237886467));
#1562 = CARTESIAN_POINT('',(108.5,26.009618943233));
#1563 = CARTESIAN_POINT('',(86.,39.));
#1564 = CARTESIAN_POINT('',(108.5,51.990381056767));
#1565 = CARTESIAN_POINT('',(131.,64.980762113533));
#1566 = CARTESIAN_POINT('',(131.,39.));
#1567 = ( GEOMETRIC_REPRESENTATION_CONTEXT(2) 
PARAMETRIC_REPRESENTATION_CONTEXT() REPRESENTATION_CONTEXT('2D SPACE',''
  ) );
#1568 = PCURVE('',#1569,#1574);
#1569 = CYLINDRICAL_SURFACE('',#1570,15.);
#1570 = AXIS2_PLACEMENT_3D('',#1571,#1572,#1573);
#1571 = CARTESIAN_POINT('',(65.,0.,-0.2));
#1572 = DIRECTION('',(-0.,-0.,-1.));
#1573 = DIRECTION('',(1.,0.,0.));
#1574 = DEFINITIONAL_REPRESENTATION('',(#1575),#1579);
#1575 = LINE('',#1576,#1577);
#1576 = CARTESIAN_POINT('',(-6.28318530718,-0.2));
#1577 = VECTOR('',#1578,1.);
#1578 = DIRECTION('',(1.,-0.));
#1579 = ( GEOMETRIC_REPRESENTATION_CONTEXT(2) 
PARAMETRIC_REPRESENTATION_CONTEXT() REPRESENTATION_CONTEXT('2D SPACE',''
  ) );
#1580 = ADVANCED_FACE('',(#1581,#1745,#1775,#1973),#506,.T.);
#1581 = FACE_BOUND('',#1582,.T.);
#1582 = EDGE_LOOP('',(#1583,#1584,#1585,#1611,#1612,#1613,#1639,#1640,
    #1666,#1667,#1668,#1690,#1691,#1692,#1718,#1719));
#1583 = ORIENTED_EDGE('',*,*,#687,.F.);
#1584 = ORIENTED_EDGE('',*,*,#735,.T.);
#1585 = ORIENTED_EDGE('',*,*,#1586,.T.);
#1586 = EDGE_CURVE('',#736,#785,#1587,.T.);
#1587 = SURFACE_CURVE('',#1588,(#1593,#1604),.PCURVE_S1.);
#1588 = CIRCLE('',#1589,3.75);
#1589 = AXIS2_PLACEMENT_3D('',#1590,#1591,#1592);
#1590 = CARTESIAN_POINT('',(-84.,0.,2.4));
#1591 = DIRECTION('',(0.,0.,-1.));
#1592 = DIRECTION('',(-0.955545454545,0.294843830353,0.));
#1593 = PCURVE('',#506,#1594);
#1594 = DEFINITIONAL_REPRESENTATION('',(#1595),#1603);
#1595 = ( BOUNDED_CURVE() B_SPLINE_CURVE(2,(#1596,#1597,#1598,#1599,
#1600,#1601,#1602),.UNSPECIFIED.,.T.,.F.) B_SPLINE_CURVE_WITH_KNOTS((1,2
    ,2,2,2,1),(-2.094395102393,0.,2.094395102393,4.188790204786,
6.28318530718,8.377580409573),.UNSPECIFIED.) CURVE() 
GEOMETRIC_REPRESENTATION_ITEM() RATIONAL_B_SPLINE_CURVE((1.,0.5,1.,0.5,
1.,0.5,1.)) REPRESENTATION_ITEM('') );
#1596 = CARTESIAN_POINT('',(-36.58329545454,37.705664363825));
#1597 = CARTESIAN_POINT('',(-34.66822860028,43.912114149629));
#1598 = CARTESIAN_POINT('',(-30.25081884559,39.150392710989));
#1599 = CARTESIAN_POINT('',(-25.8334090909,34.388671272349));
#1600 = CARTESIAN_POINT('',(-32.16588569985,32.943942925186));
#1601 = CARTESIAN_POINT('',(-38.49836230881,31.499214578022));
#1602 = CARTESIAN_POINT('',(-36.58329545454,37.705664363825));
#1603 = ( GEOMETRIC_REPRESENTATION_CONTEXT(2) 
PARAMETRIC_REPRESENTATION_CONTEXT() REPRESENTATION_CONTEXT('2D SPACE',''
  ) );
#1604 = PCURVE('',#823,#1605);
#1605 = DEFINITIONAL_REPRESENTATION('',(#1606),#1610);
#1606 = LINE('',#1607,#1608);
#1607 = CARTESIAN_POINT('',(-9.1254858813,0.));
#1608 = VECTOR('',#1609,1.);
#1609 = DIRECTION('',(1.,-0.));
#1610 = ( GEOMETRIC_REPRESENTATION_CONTEXT(2) 
PARAMETRIC_REPRESENTATION_CONTEXT() REPRESENTATION_CONTEXT('2D SPACE',''
  ) );
#1611 = ORIENTED_EDGE('',*,*,#784,.T.);
#1612 = ORIENTED_EDGE('',*,*,#1103,.T.);
#1613 = ORIENTED_EDGE('',*,*,#1614,.T.);
#1614 = EDGE_CURVE('',#1083,#1008,#1615,.T.);
#1615 = SURFACE_CURVE('',#1616,(#1621,#1632),.PCURVE_S1.);
#1616 = CIRCLE('',#1617,3.75);
#1617 = AXIS2_PLACEMENT_3D('',#1618,#1619,#1620);
#1618 = CARTESIAN_POINT('',(-47.,-33.,2.4));
#1619 = DIRECTION('',(-0.,0.,-1.));
#1620 = DIRECTION('',(-0.28,-0.96,0.));
#1621 = PCURVE('',#506,#1622);
#1622 = DEFINITIONAL_REPRESENTATION('',(#1623),#1631);
#1623 = ( BOUNDED_CURVE() B_SPLINE_CURVE(2,(#1624,#1625,#1626,#1627,
#1628,#1629,#1630),.UNSPECIFIED.,.T.,.F.) B_SPLINE_CURVE_WITH_KNOTS((1,2
    ,2,2,2,1),(-2.094395102393,0.,2.094395102393,4.188790204786,
6.28318530718,8.377580409573),.UNSPECIFIED.) CURVE() 
GEOMETRIC_REPRESENTATION_ITEM() RATIONAL_B_SPLINE_CURVE((1.,0.5,1.,0.5,
1.,0.5,1.)) REPRESENTATION_ITEM('') );
#1624 = CARTESIAN_POINT('',(2.95,4.884981308351E-14));
#1625 = CARTESIAN_POINT('',(-3.285382907248,1.818653347948));
#1626 = CARTESIAN_POINT('',(1.407308546376,6.309326673974));
#1627 = CARTESIAN_POINT('',(6.1,10.8));
#1628 = CARTESIAN_POINT('',(7.642691453624,4.490673326026));
#1629 = CARTESIAN_POINT('',(9.185382907248,-1.818653347948));
#1630 = CARTESIAN_POINT('',(2.95,4.884981308351E-14));
#1631 = ( GEOMETRIC_REPRESENTATION_CONTEXT(2) 
PARAMETRIC_REPRESENTATION_CONTEXT() REPRESENTATION_CONTEXT('2D SPACE',''
  ) );
#1632 = PCURVE('',#1045,#1633);
#1633 = DEFINITIONAL_REPRESENTATION('',(#1634),#1638);
#1634 = LINE('',#1635,#1636);
#1635 = CARTESIAN_POINT('',(-10.71178017835,0.));
#1636 = VECTOR('',#1637,1.);
#1637 = DIRECTION('',(1.,-0.));
#1638 = ( GEOMETRIC_REPRESENTATION_CONTEXT(2) 
PARAMETRIC_REPRESENTATION_CONTEXT() REPRESENTATION_CONTEXT('2D SPACE',''
  ) );
#1639 = ORIENTED_EDGE('',*,*,#1007,.T.);
#1640 = ORIENTED_EDGE('',*,*,#1641,.T.);
#1641 = EDGE_CURVE('',#987,#912,#1642,.T.);
#1642 = SURFACE_CURVE('',#1643,(#1648,#1659),.PCURVE_S1.);
#1643 = CIRCLE('',#1644,3.75);
#1644 = AXIS2_PLACEMENT_3D('',#1645,#1646,#1647);
#1645 = CARTESIAN_POINT('',(47.,-33.,2.4));
#1646 = DIRECTION('',(-0.,0.,-1.));
#1647 = DIRECTION('',(-0.28,-0.96,0.));
#1648 = PCURVE('',#506,#1649);
#1649 = DEFINITIONAL_REPRESENTATION('',(#1650),#1658);
#1650 = ( BOUNDED_CURVE() B_SPLINE_CURVE(2,(#1651,#1652,#1653,#1654,
#1655,#1656,#1657),.UNSPECIFIED.,.T.,.F.) B_SPLINE_CURVE_WITH_KNOTS((1,2
    ,2,2,2,1),(-2.094395102393,0.,2.094395102393,4.188790204786,
6.28318530718,8.377580409573),.UNSPECIFIED.) CURVE() 
GEOMETRIC_REPRESENTATION_ITEM() RATIONAL_B_SPLINE_CURVE((1.,0.5,1.,0.5,
1.,0.5,1.)) REPRESENTATION_ITEM('') );
#1651 = CARTESIAN_POINT('',(96.95,4.884981308351E-14));
#1652 = CARTESIAN_POINT('',(90.714617092752,1.818653347948));
#1653 = CARTESIAN_POINT('',(95.407308546376,6.309326673974));
#1654 = CARTESIAN_POINT('',(100.1,10.8));
#1655 = CARTESIAN_POINT('',(101.64269145362,4.490673326026));
#1656 = CARTESIAN_POINT('',(103.18538290724,-1.818653347948));
#1657 = CARTESIAN_POINT('',(96.95,4.884981308351E-14));
#1658 = ( GEOMETRIC_REPRESENTATION_CONTEXT(2) 
PARAMETRIC_REPRESENTATION_CONTEXT() REPRESENTATION_CONTEXT('2D SPACE',''
  ) );
#1659 = PCURVE('',#949,#1660);
#1660 = DEFINITIONAL_REPRESENTATION('',(#1661),#1665);
#1661 = LINE('',#1662,#1663);
#1662 = CARTESIAN_POINT('',(-10.71178017835,0.));
#1663 = VECTOR('',#1664,1.);
#1664 = DIRECTION('',(1.,-0.));
#1665 = ( GEOMETRIC_REPRESENTATION_CONTEXT(2) 
PARAMETRIC_REPRESENTATION_CONTEXT() REPRESENTATION_CONTEXT('2D SPACE',''
  ) );
#1666 = ORIENTED_EDGE('',*,*,#911,.T.);
#1667 = ORIENTED_EDGE('',*,*,#1238,.F.);
#1668 = ORIENTED_EDGE('',*,*,#1669,.F.);
#1669 = EDGE_CURVE('',#1131,#1218,#1670,.T.);
#1670 = SURFACE_CURVE('',#1671,(#1676,#1683),.PCURVE_S1.);
#1671 = CIRCLE('',#1672,3.75);
#1672 = AXIS2_PLACEMENT_3D('',#1673,#1674,#1675);
#1673 = CARTESIAN_POINT('',(84.,0.,2.4));
#1674 = DIRECTION('',(0.,0.,1.));
#1675 = DIRECTION('',(1.,0.,0.));
#1676 = PCURVE('',#506,#1677);
#1677 = DEFINITIONAL_REPRESENTATION('',(#1678),#1682);
#1678 = CIRCLE('',#1679,3.75);
#1679 = AXIS2_PLACEMENT_2D('',#1680,#1681);
#1680 = CARTESIAN_POINT('',(135.,36.6));
#1681 = DIRECTION('',(1.,0.));
#1682 = ( GEOMETRIC_REPRESENTATION_CONTEXT(2) 
PARAMETRIC_REPRESENTATION_CONTEXT() REPRESENTATION_CONTEXT('2D SPACE',''
  ) );
#1683 = PCURVE('',#1173,#1684);
#1684 = DEFINITIONAL_REPRESENTATION('',(#1685),#1689);
#1685 = LINE('',#1686,#1687);
#1686 = CARTESIAN_POINT('',(-0.,0.));
#1687 = VECTOR('',#1688,1.);
#1688 = DIRECTION('',(-1.,0.));
#1689 = ( GEOMETRIC_REPRESENTATION_CONTEXT(2) 
PARAMETRIC_REPRESENTATION_CONTEXT() REPRESENTATION_CONTEXT('2D SPACE',''
  ) );
#1690 = ORIENTED_EDGE('',*,*,#1130,.F.);
#1691 = ORIENTED_EDGE('',*,*,#490,.F.);
#1692 = ORIENTED_EDGE('',*,*,#1693,.T.);
#1693 = EDGE_CURVE('',#491,#571,#1694,.T.);
#1694 = SURFACE_CURVE('',#1695,(#1700,#1711),.PCURVE_S1.);
#1695 = CIRCLE('',#1696,3.75);
#1696 = AXIS2_PLACEMENT_3D('',#1697,#1698,#1699);
#1697 = CARTESIAN_POINT('',(47.,33.,2.4));
#1698 = DIRECTION('',(0.,0.,-1.));
#1699 = DIRECTION('',(0.28,0.96,0.));
#1700 = PCURVE('',#506,#1701);
#1701 = DEFINITIONAL_REPRESENTATION('',(#1702),#1710);
#1702 = ( BOUNDED_CURVE() B_SPLINE_CURVE(2,(#1703,#1704,#1705,#1706,
#1707,#1708,#1709),.UNSPECIFIED.,.T.,.F.) B_SPLINE_CURVE_WITH_KNOTS((1,2
    ,2,2,2,1),(-2.094395102393,0.,2.094395102393,4.188790204786,
6.28318530718,8.377580409573),.UNSPECIFIED.) CURVE() 
GEOMETRIC_REPRESENTATION_ITEM() RATIONAL_B_SPLINE_CURVE((1.,0.5,1.,0.5,
1.,0.5,1.)) REPRESENTATION_ITEM('') );
#1703 = CARTESIAN_POINT('',(99.05,73.2));
#1704 = CARTESIAN_POINT('',(105.28538290724,71.381346652052));
#1705 = CARTESIAN_POINT('',(100.59269145362,66.890673326026));
#1706 = CARTESIAN_POINT('',(95.9,62.4));
#1707 = CARTESIAN_POINT('',(94.357308546376,68.709326673974));
#1708 = CARTESIAN_POINT('',(92.814617092752,75.018653347948));
#1709 = CARTESIAN_POINT('',(99.05,73.2));
#1710 = ( GEOMETRIC_REPRESENTATION_CONTEXT(2) 
PARAMETRIC_REPRESENTATION_CONTEXT() REPRESENTATION_CONTEXT('2D SPACE',''
  ) );
#1711 = PCURVE('',#533,#1712);
#1712 = DEFINITIONAL_REPRESENTATION('',(#1713),#1717);
#1713 = LINE('',#1714,#1715);
#1714 = CARTESIAN_POINT('',(-7.570187524766,0.));
#1715 = VECTOR('',#1716,1.);
#1716 = DIRECTION('',(1.,-0.));
#1717 = ( GEOMETRIC_REPRESENTATION_CONTEXT(2) 
PARAMETRIC_REPRESENTATION_CONTEXT() REPRESENTATION_CONTEXT('2D SPACE',''
  ) );
#1718 = ORIENTED_EDGE('',*,*,#591,.F.);
#1719 = ORIENTED_EDGE('',*,*,#1720,.T.);
#1720 = EDGE_CURVE('',#592,#667,#1721,.T.);
#1721 = SURFACE_CURVE('',#1722,(#1727,#1738),.PCURVE_S1.);
#1722 = CIRCLE('',#1723,3.75);
#1723 = AXIS2_PLACEMENT_3D('',#1724,#1725,#1726);
#1724 = CARTESIAN_POINT('',(-47.,33.,2.4));
#1725 = DIRECTION('',(0.,0.,-1.));
#1726 = DIRECTION('',(0.28,0.96,0.));
#1727 = PCURVE('',#506,#1728);
#1728 = DEFINITIONAL_REPRESENTATION('',(#1729),#1737);
#1729 = ( BOUNDED_CURVE() B_SPLINE_CURVE(2,(#1730,#1731,#1732,#1733,
#1734,#1735,#1736),.UNSPECIFIED.,.T.,.F.) B_SPLINE_CURVE_WITH_KNOTS((1,2
    ,2,2,2,1),(-2.094395102393,0.,2.094395102393,4.188790204786,
6.28318530718,8.377580409573),.UNSPECIFIED.) CURVE() 
GEOMETRIC_REPRESENTATION_ITEM() RATIONAL_B_SPLINE_CURVE((1.,0.5,1.,0.5,
1.,0.5,1.)) REPRESENTATION_ITEM('') );
#1730 = CARTESIAN_POINT('',(5.05,73.2));
#1731 = CARTESIAN_POINT('',(11.285382907248,71.381346652052));
#1732 = CARTESIAN_POINT('',(6.592691453624,66.890673326026));
#1733 = CARTESIAN_POINT('',(1.9,62.4));
#1734 = CARTESIAN_POINT('',(0.357308546376,68.709326673974));
#1735 = CARTESIAN_POINT('',(-1.185382907248,75.018653347948));
#1736 = CARTESIAN_POINT('',(5.05,73.2));
#1737 = ( GEOMETRIC_REPRESENTATION_CONTEXT(2) 
PARAMETRIC_REPRESENTATION_CONTEXT() REPRESENTATION_CONTEXT('2D SPACE',''
  ) );
#1738 = PCURVE('',#629,#1739);
#1739 = DEFINITIONAL_REPRESENTATION('',(#1740),#1744);
#1740 = LINE('',#1741,#1742);
#1741 = CARTESIAN_POINT('',(-7.570187524766,0.));
#1742 = VECTOR('',#1743,1.);
#1743 = DIRECTION('',(1.,-0.));
#1744 = ( GEOMETRIC_REPRESENTATION_CONTEXT(2) 
PARAMETRIC_REPRESENTATION_CONTEXT() REPRESENTATION_CONTEXT('2D SPACE',''
  ) );
#1745 = FACE_BOUND('',#1746,.T.);
#1746 = EDGE_LOOP('',(#1747));
#1747 = ORIENTED_EDGE('',*,*,#1748,.T.);
#1748 = EDGE_CURVE('',#1749,#1749,#1751,.T.);
#1749 = VERTEX_POINT('',#1750);
#1750 = CARTESIAN_POINT('',(-50.,0.,2.4));
#1751 = SURFACE_CURVE('',#1752,(#1757,#1768),.PCURVE_S1.);
#1752 = CIRCLE('',#1753,15.);
#1753 = AXIS2_PLACEMENT_3D('',#1754,#1755,#1756);
#1754 = CARTESIAN_POINT('',(-65.,0.,2.4));
#1755 = DIRECTION('',(0.,0.,-1.));
#1756 = DIRECTION('',(1.,0.,0.));
#1757 = PCURVE('',#506,#1758);
#1758 = DEFINITIONAL_REPRESENTATION('',(#1759),#1767);
#1759 = ( BOUNDED_CURVE() B_SPLINE_CURVE(2,(#1760,#1761,#1762,#1763,
#1764,#1765,#1766),.UNSPECIFIED.,.T.,.F.) B_SPLINE_CURVE_WITH_KNOTS((1,2
    ,2,2,2,1),(-2.094395102393,0.,2.094395102393,4.188790204786,
6.28318530718,8.377580409573),.UNSPECIFIED.) CURVE() 
GEOMETRIC_REPRESENTATION_ITEM() RATIONAL_B_SPLINE_CURVE((1.,0.5,1.,0.5,
1.,0.5,1.)) REPRESENTATION_ITEM('') );
#1760 = CARTESIAN_POINT('',(1.,36.6));
#1761 = CARTESIAN_POINT('',(1.,10.619237886467));
#1762 = CARTESIAN_POINT('',(-21.5,23.609618943233));
#1763 = CARTESIAN_POINT('',(-44.,36.6));
#1764 = CARTESIAN_POINT('',(-21.5,49.590381056767));
#1765 = CARTESIAN_POINT('',(1.,62.580762113533));
#1766 = CARTESIAN_POINT('',(1.,36.6));
#1767 = ( GEOMETRIC_REPRESENTATION_CONTEXT(2) 
PARAMETRIC_REPRESENTATION_CONTEXT() REPRESENTATION_CONTEXT('2D SPACE',''
  ) );
#1768 = PCURVE('',#1296,#1769);
#1769 = DEFINITIONAL_REPRESENTATION('',(#1770),#1774);
#1770 = LINE('',#1771,#1772);
#1771 = CARTESIAN_POINT('',(-6.28318530718,-2.6));
#1772 = VECTOR('',#1773,1.);
#1773 = DIRECTION('',(1.,-0.));
#1774 = ( GEOMETRIC_REPRESENTATION_CONTEXT(2) 
PARAMETRIC_REPRESENTATION_CONTEXT() REPRESENTATION_CONTEXT('2D SPACE',''
  ) );
#1775 = FACE_BOUND('',#1776,.T.);
#1776 = EDGE_LOOP('',(#1777,#1800,#1828,#1849,#1877,#1898,#1926,#1947));
#1777 = ORIENTED_EDGE('',*,*,#1778,.T.);
#1778 = EDGE_CURVE('',#1779,#1781,#1783,.T.);
#1779 = VERTEX_POINT('',#1780);
#1780 = CARTESIAN_POINT('',(34.5,-23.,2.4));
#1781 = VERTEX_POINT('',#1782);
#1782 = CARTESIAN_POINT('',(-34.5,-23.,2.4));
#1783 = SURFACE_CURVE('',#1784,(#1788,#1794),.PCURVE_S1.);
#1784 = LINE('',#1785,#1786);
#1785 = CARTESIAN_POINT('',(-42.75,-23.,2.4));
#1786 = VECTOR('',#1787,1.);
#1787 = DIRECTION('',(-1.,0.,0.));
#1788 = PCURVE('',#506,#1789);
#1789 = DEFINITIONAL_REPRESENTATION('',(#1790),#1793);
#1790 = B_SPLINE_CURVE_WITH_KNOTS('',1,(#1791,#1792),.UNSPECIFIED.,.F.,
  .F.,(2,2),(-77.25,-8.25),.PIECEWISE_BEZIER_KNOTS.);
#1791 = CARTESIAN_POINT('',(85.5,13.6));
#1792 = CARTESIAN_POINT('',(16.5,13.6));
#1793 = ( GEOMETRIC_REPRESENTATION_CONTEXT(2) 
PARAMETRIC_REPRESENTATION_CONTEXT() REPRESENTATION_CONTEXT('2D SPACE',''
  ) );
#1794 = PCURVE('',#1327,#1795);
#1795 = DEFINITIONAL_REPRESENTATION('',(#1796),#1799);
#1796 = B_SPLINE_CURVE_WITH_KNOTS('',1,(#1797,#1798),.UNSPECIFIED.,.F.,
  .F.,(2,2),(-77.25,-8.25),.PIECEWISE_BEZIER_KNOTS.);
#1797 = CARTESIAN_POINT('',(2.6,69.));
#1798 = CARTESIAN_POINT('',(2.6,0.));
#1799 = ( GEOMETRIC_REPRESENTATION_CONTEXT(2) 
PARAMETRIC_REPRESENTATION_CONTEXT() REPRESENTATION_CONTEXT('2D SPACE',''
  ) );
#1800 = ORIENTED_EDGE('',*,*,#1801,.T.);
#1801 = EDGE_CURVE('',#1781,#1802,#1804,.T.);
#1802 = VERTEX_POINT('',#1803);
#1803 = CARTESIAN_POINT('',(-37.,-20.5,2.4));
#1804 = SURFACE_CURVE('',#1805,(#1810,#1821),.PCURVE_S1.);
#1805 = CIRCLE('',#1806,2.5);
#1806 = AXIS2_PLACEMENT_3D('',#1807,#1808,#1809);
#1807 = CARTESIAN_POINT('',(-34.5,-20.5,2.4));
#1808 = DIRECTION('',(0.,0.,-1.));
#1809 = DIRECTION('',(1.,0.,0.));
#1810 = PCURVE('',#506,#1811);
#1811 = DEFINITIONAL_REPRESENTATION('',(#1812),#1820);
#1812 = ( BOUNDED_CURVE() B_SPLINE_CURVE(2,(#1813,#1814,#1815,#1816,
#1817,#1818,#1819),.UNSPECIFIED.,.T.,.F.) B_SPLINE_CURVE_WITH_KNOTS((1,2
    ,2,2,2,1),(-2.094395102393,0.,2.094395102393,4.188790204786,
6.28318530718,8.377580409573),.UNSPECIFIED.) CURVE() 
GEOMETRIC_REPRESENTATION_ITEM() RATIONAL_B_SPLINE_CURVE((1.,0.5,1.,0.5,
1.,0.5,1.)) REPRESENTATION_ITEM('') );
#1813 = CARTESIAN_POINT('',(19.,16.1));
#1814 = CARTESIAN_POINT('',(19.,11.769872981078));
#1815 = CARTESIAN_POINT('',(15.25,13.934936490539));
#1816 = CARTESIAN_POINT('',(11.5,16.1));
#1817 = CARTESIAN_POINT('',(15.25,18.265063509461));
#1818 = CARTESIAN_POINT('',(19.,20.430127018922));
#1819 = CARTESIAN_POINT('',(19.,16.1));
#1820 = ( GEOMETRIC_REPRESENTATION_CONTEXT(2) 
PARAMETRIC_REPRESENTATION_CONTEXT() REPRESENTATION_CONTEXT('2D SPACE',''
  ) );
#1821 = PCURVE('',#1359,#1822);
#1822 = DEFINITIONAL_REPRESENTATION('',(#1823),#1827);
#1823 = LINE('',#1824,#1825);
#1824 = CARTESIAN_POINT('',(-6.28318530718,-2.6));
#1825 = VECTOR('',#1826,1.);
#1826 = DIRECTION('',(1.,-0.));
#1827 = ( GEOMETRIC_REPRESENTATION_CONTEXT(2) 
PARAMETRIC_REPRESENTATION_CONTEXT() REPRESENTATION_CONTEXT('2D SPACE',''
  ) );
#1828 = ORIENTED_EDGE('',*,*,#1829,.T.);
#1829 = EDGE_CURVE('',#1802,#1830,#1832,.T.);
#1830 = VERTEX_POINT('',#1831);
#1831 = CARTESIAN_POINT('',(-37.,20.5,2.4));
#1832 = SURFACE_CURVE('',#1833,(#1837,#1843),.PCURVE_S1.);
#1833 = LINE('',#1834,#1835);
#1834 = CARTESIAN_POINT('',(-37.,-28.55,2.4));
#1835 = VECTOR('',#1836,1.);
#1836 = DIRECTION('',(0.,1.,0.));
#1837 = PCURVE('',#506,#1838);
#1838 = DEFINITIONAL_REPRESENTATION('',(#1839),#1842);
#1839 = B_SPLINE_CURVE_WITH_KNOTS('',1,(#1840,#1841),.UNSPECIFIED.,.F.,
  .F.,(2,2),(8.05,49.05),.PIECEWISE_BEZIER_KNOTS.);
#1840 = CARTESIAN_POINT('',(14.,16.1));
#1841 = CARTESIAN_POINT('',(14.,57.1));
#1842 = ( GEOMETRIC_REPRESENTATION_CONTEXT(2) 
PARAMETRIC_REPRESENTATION_CONTEXT() REPRESENTATION_CONTEXT('2D SPACE',''
  ) );
#1843 = PCURVE('',#1386,#1844);
#1844 = DEFINITIONAL_REPRESENTATION('',(#1845),#1848);
#1845 = B_SPLINE_CURVE_WITH_KNOTS('',1,(#1846,#1847),.UNSPECIFIED.,.F.,
  .F.,(2,2),(8.05,49.05),.PIECEWISE_BEZIER_KNOTS.);
#1846 = CARTESIAN_POINT('',(2.6,0.));
#1847 = CARTESIAN_POINT('',(2.6,-41.));
#1848 = ( GEOMETRIC_REPRESENTATION_CONTEXT(2) 
PARAMETRIC_REPRESENTATION_CONTEXT() REPRESENTATION_CONTEXT('2D SPACE',''
  ) );
#1849 = ORIENTED_EDGE('',*,*,#1850,.T.);
#1850 = EDGE_CURVE('',#1830,#1851,#1853,.T.);
#1851 = VERTEX_POINT('',#1852);
#1852 = CARTESIAN_POINT('',(-34.5,23.,2.4));
#1853 = SURFACE_CURVE('',#1854,(#1859,#1870),.PCURVE_S1.);
#1854 = CIRCLE('',#1855,2.5);
#1855 = AXIS2_PLACEMENT_3D('',#1856,#1857,#1858);
#1856 = CARTESIAN_POINT('',(-34.5,20.5,2.4));
#1857 = DIRECTION('',(0.,0.,-1.));
#1858 = DIRECTION('',(1.,0.,0.));
#1859 = PCURVE('',#506,#1860);
#1860 = DEFINITIONAL_REPRESENTATION('',(#1861),#1869);
#1861 = ( BOUNDED_CURVE() B_SPLINE_CURVE(2,(#1862,#1863,#1864,#1865,
#1866,#1867,#1868),.UNSPECIFIED.,.T.,.F.) B_SPLINE_CURVE_WITH_KNOTS((1,2
    ,2,2,2,1),(-2.094395102393,0.,2.094395102393,4.188790204786,
6.28318530718,8.377580409573),.UNSPECIFIED.) CURVE() 
GEOMETRIC_REPRESENTATION_ITEM() RATIONAL_B_SPLINE_CURVE((1.,0.5,1.,0.5,
1.,0.5,1.)) REPRESENTATION_ITEM('') );
#1862 = CARTESIAN_POINT('',(19.,57.1));
#1863 = CARTESIAN_POINT('',(19.,52.769872981078));
#1864 = CARTESIAN_POINT('',(15.25,54.934936490539));
#1865 = CARTESIAN_POINT('',(11.5,57.1));
#1866 = CARTESIAN_POINT('',(15.25,59.265063509461));
#1867 = CARTESIAN_POINT('',(19.,61.430127018922));
#1868 = CARTESIAN_POINT('',(19.,57.1));
#1869 = ( GEOMETRIC_REPRESENTATION_CONTEXT(2) 
PARAMETRIC_REPRESENTATION_CONTEXT() REPRESENTATION_CONTEXT('2D SPACE',''
  ) );
#1870 = PCURVE('',#1418,#1871);
#1871 = DEFINITIONAL_REPRESENTATION('',(#1872),#1876);
#1872 = LINE('',#1873,#1874);
#1873 = CARTESIAN_POINT('',(-6.28318530718,-2.6));
#1874 = VECTOR('',#1875,1.);
#1875 = DIRECTION('',(1.,-0.));
#1876 = ( GEOMETRIC_REPRESENTATION_CONTEXT(2) 
PARAMETRIC_REPRESENTATION_CONTEXT() REPRESENTATION_CONTEXT('2D SPACE',''
  ) );
#1877 = ORIENTED_EDGE('',*,*,#1878,.F.);
#1878 = EDGE_CURVE('',#1879,#1851,#1881,.T.);
#1879 = VERTEX_POINT('',#1880);
#1880 = CARTESIAN_POINT('',(34.5,23.,2.4));
#1881 = SURFACE_CURVE('',#1882,(#1886,#1892),.PCURVE_S1.);
#1882 = LINE('',#1883,#1884);
#1883 = CARTESIAN_POINT('',(-42.75,23.,2.4));
#1884 = VECTOR('',#1885,1.);
#1885 = DIRECTION('',(-1.,0.,0.));
#1886 = PCURVE('',#506,#1887);
#1887 = DEFINITIONAL_REPRESENTATION('',(#1888),#1891);
#1888 = B_SPLINE_CURVE_WITH_KNOTS('',1,(#1889,#1890),.UNSPECIFIED.,.F.,
  .F.,(2,2),(-77.25,-8.25),.PIECEWISE_BEZIER_KNOTS.);
#1889 = CARTESIAN_POINT('',(85.5,59.6));
#1890 = CARTESIAN_POINT('',(16.5,59.6));
#1891 = ( GEOMETRIC_REPRESENTATION_CONTEXT(2) 
PARAMETRIC_REPRESENTATION_CONTEXT() REPRESENTATION_CONTEXT('2D SPACE',''
  ) );
#1892 = PCURVE('',#1445,#1893);
#1893 = DEFINITIONAL_REPRESENTATION('',(#1894),#1897);
#1894 = B_SPLINE_CURVE_WITH_KNOTS('',1,(#1895,#1896),.UNSPECIFIED.,.F.,
  .F.,(2,2),(-77.25,-8.25),.PIECEWISE_BEZIER_KNOTS.);
#1895 = CARTESIAN_POINT('',(2.6,69.));
#1896 = CARTESIAN_POINT('',(2.6,0.));
#1897 = ( GEOMETRIC_REPRESENTATION_CONTEXT(2) 
PARAMETRIC_REPRESENTATION_CONTEXT() REPRESENTATION_CONTEXT('2D SPACE',''
  ) );
#1898 = ORIENTED_EDGE('',*,*,#1899,.T.);
#1899 = EDGE_CURVE('',#1879,#1900,#1902,.T.);
#1900 = VERTEX_POINT('',#1901);
#1901 = CARTESIAN_POINT('',(37.,20.5,2.4));
#1902 = SURFACE_CURVE('',#1903,(#1908,#1919),.PCURVE_S1.);
#1903 = CIRCLE('',#1904,2.5);
#1904 = AXIS2_PLACEMENT_3D('',#1905,#1906,#1907);
#1905 = CARTESIAN_POINT('',(34.5,20.5,2.4));
#1906 = DIRECTION('',(0.,0.,-1.));
#1907 = DIRECTION('',(1.,0.,0.));
#1908 = PCURVE('',#506,#1909);
#1909 = DEFINITIONAL_REPRESENTATION('',(#1910),#1918);
#1910 = ( BOUNDED_CURVE() B_SPLINE_CURVE(2,(#1911,#1912,#1913,#1914,
#1915,#1916,#1917),.UNSPECIFIED.,.T.,.F.) B_SPLINE_CURVE_WITH_KNOTS((1,2
    ,2,2,2,1),(-2.094395102393,0.,2.094395102393,4.188790204786,
6.28318530718,8.377580409573),.UNSPECIFIED.) CURVE() 
GEOMETRIC_REPRESENTATION_ITEM() RATIONAL_B_SPLINE_CURVE((1.,0.5,1.,0.5,
1.,0.5,1.)) REPRESENTATION_ITEM('') );
#1911 = CARTESIAN_POINT('',(88.,57.1));
#1912 = CARTESIAN_POINT('',(88.,52.769872981078));
#1913 = CARTESIAN_POINT('',(84.25,54.934936490539));
#1914 = CARTESIAN_POINT('',(80.5,57.1));
#1915 = CARTESIAN_POINT('',(84.25,59.265063509461));
#1916 = CARTESIAN_POINT('',(88.,61.430127018922));
#1917 = CARTESIAN_POINT('',(88.,57.1));
#1918 = ( GEOMETRIC_REPRESENTATION_CONTEXT(2) 
PARAMETRIC_REPRESENTATION_CONTEXT() REPRESENTATION_CONTEXT('2D SPACE',''
  ) );
#1919 = PCURVE('',#1477,#1920);
#1920 = DEFINITIONAL_REPRESENTATION('',(#1921),#1925);
#1921 = LINE('',#1922,#1923);
#1922 = CARTESIAN_POINT('',(-6.28318530718,-2.6));
#1923 = VECTOR('',#1924,1.);
#1924 = DIRECTION('',(1.,-0.));
#1925 = ( GEOMETRIC_REPRESENTATION_CONTEXT(2) 
PARAMETRIC_REPRESENTATION_CONTEXT() REPRESENTATION_CONTEXT('2D SPACE',''
  ) );
#1926 = ORIENTED_EDGE('',*,*,#1927,.F.);
#1927 = EDGE_CURVE('',#1928,#1900,#1930,.T.);
#1928 = VERTEX_POINT('',#1929);
#1929 = CARTESIAN_POINT('',(37.,-20.5,2.4));
#1930 = SURFACE_CURVE('',#1931,(#1935,#1941),.PCURVE_S1.);
#1931 = LINE('',#1932,#1933);
#1932 = CARTESIAN_POINT('',(37.,-28.55,2.4));
#1933 = VECTOR('',#1934,1.);
#1934 = DIRECTION('',(0.,1.,0.));
#1935 = PCURVE('',#506,#1936);
#1936 = DEFINITIONAL_REPRESENTATION('',(#1937),#1940);
#1937 = B_SPLINE_CURVE_WITH_KNOTS('',1,(#1938,#1939),.UNSPECIFIED.,.F.,
  .F.,(2,2),(8.05,49.05),.PIECEWISE_BEZIER_KNOTS.);
#1938 = CARTESIAN_POINT('',(88.,16.1));
#1939 = CARTESIAN_POINT('',(88.,57.1));
#1940 = ( GEOMETRIC_REPRESENTATION_CONTEXT(2) 
PARAMETRIC_REPRESENTATION_CONTEXT() REPRESENTATION_CONTEXT('2D SPACE',''
  ) );
#1941 = PCURVE('',#1504,#1942);
#1942 = DEFINITIONAL_REPRESENTATION('',(#1943),#1946);
#1943 = B_SPLINE_CURVE_WITH_KNOTS('',1,(#1944,#1945),.UNSPECIFIED.,.F.,
  .F.,(2,2),(8.05,49.05),.PIECEWISE_BEZIER_KNOTS.);
#1944 = CARTESIAN_POINT('',(2.6,0.));
#1945 = CARTESIAN_POINT('',(2.6,-41.));
#1946 = ( GEOMETRIC_REPRESENTATION_CONTEXT(2) 
PARAMETRIC_REPRESENTATION_CONTEXT() REPRESENTATION_CONTEXT('2D SPACE',''
  ) );
#1947 = ORIENTED_EDGE('',*,*,#1948,.T.);
#1948 = EDGE_CURVE('',#1928,#1779,#1949,.T.);
#1949 = SURFACE_CURVE('',#1950,(#1955,#1966),.PCURVE_S1.);
#1950 = CIRCLE('',#1951,2.5);
#1951 = AXIS2_PLACEMENT_3D('',#1952,#1953,#1954);
#1952 = CARTESIAN_POINT('',(34.5,-20.5,2.4));
#1953 = DIRECTION('',(0.,0.,-1.));
#1954 = DIRECTION('',(1.,0.,0.));
#1955 = PCURVE('',#506,#1956);
#1956 = DEFINITIONAL_REPRESENTATION('',(#1957),#1965);
#1957 = ( BOUNDED_CURVE() B_SPLINE_CURVE(2,(#1958,#1959,#1960,#1961,
#1962,#1963,#1964),.UNSPECIFIED.,.T.,.F.) B_SPLINE_CURVE_WITH_KNOTS((1,2
    ,2,2,2,1),(-2.094395102393,0.,2.094395102393,4.188790204786,
6.28318530718,8.377580409573),.UNSPECIFIED.) CURVE() 
GEOMETRIC_REPRESENTATION_ITEM() RATIONAL_B_SPLINE_CURVE((1.,0.5,1.,0.5,
1.,0.5,1.)) REPRESENTATION_ITEM('') );
#1958 = CARTESIAN_POINT('',(88.,16.1));
#1959 = CARTESIAN_POINT('',(88.,11.769872981078));
#1960 = CARTESIAN_POINT('',(84.25,13.934936490539));
#1961 = CARTESIAN_POINT('',(80.5,16.1));
#1962 = CARTESIAN_POINT('',(84.25,18.265063509461));
#1963 = CARTESIAN_POINT('',(88.,20.430127018922));
#1964 = CARTESIAN_POINT('',(88.,16.1));
#1965 = ( GEOMETRIC_REPRESENTATION_CONTEXT(2) 
PARAMETRIC_REPRESENTATION_CONTEXT() REPRESENTATION_CONTEXT('2D SPACE',''
  ) );
#1966 = PCURVE('',#1534,#1967);
#1967 = DEFINITIONAL_REPRESENTATION('',(#1968),#1972);
#1968 = LINE('',#1969,#1970);
#1969 = CARTESIAN_POINT('',(-6.28318530718,-2.6));
#1970 = VECTOR('',#1971,1.);
#1971 = DIRECTION('',(1.,-0.));
#1972 = ( GEOMETRIC_REPRESENTATION_CONTEXT(2) 
PARAMETRIC_REPRESENTATION_CONTEXT() REPRESENTATION_CONTEXT('2D SPACE',''
  ) );
#1973 = FACE_BOUND('',#1974,.T.);
#1974 = EDGE_LOOP('',(#1975));
#1975 = ORIENTED_EDGE('',*,*,#1976,.T.);
#1976 = EDGE_CURVE('',#1977,#1977,#1979,.T.);
#1977 = VERTEX_POINT('',#1978);
#1978 = CARTESIAN_POINT('',(80.,0.,2.4));
#1979 = SURFACE_CURVE('',#1980,(#1985,#1996),.PCURVE_S1.);
#1980 = CIRCLE('',#1981,15.);
#1981 = AXIS2_PLACEMENT_3D('',#1982,#1983,#1984);
#1982 = CARTESIAN_POINT('',(65.,0.,2.4));
#1983 = DIRECTION('',(0.,0.,-1.));
#1984 = DIRECTION('',(1.,0.,0.));
#1985 = PCURVE('',#506,#1986);
#1986 = DEFINITIONAL_REPRESENTATION('',(#1987),#1995);
#1987 = ( BOUNDED_CURVE() B_SPLINE_CURVE(2,(#1988,#1989,#1990,#1991,
#1992,#1993,#1994),.UNSPECIFIED.,.T.,.F.) B_SPLINE_CURVE_WITH_KNOTS((1,2
    ,2,2,2,1),(-2.094395102393,0.,2.094395102393,4.188790204786,
6.28318530718,8.377580409573),.UNSPECIFIED.) CURVE() 
GEOMETRIC_REPRESENTATION_ITEM() RATIONAL_B_SPLINE_CURVE((1.,0.5,1.,0.5,
1.,0.5,1.)) REPRESENTATION_ITEM('') );
#1988 = CARTESIAN_POINT('',(131.,36.6));
#1989 = CARTESIAN_POINT('',(131.,10.619237886467));
#1990 = CARTESIAN_POINT('',(108.5,23.609618943233));
#1991 = CARTESIAN_POINT('',(86.,36.6));
#1992 = CARTESIAN_POINT('',(108.5,49.590381056767));
#1993 = CARTESIAN_POINT('',(131.,62.580762113533));
#1994 = CARTESIAN_POINT('',(131.,36.6));
#1995 = ( GEOMETRIC_REPRESENTATION_CONTEXT(2) 
PARAMETRIC_REPRESENTATION_CONTEXT() REPRESENTATION_CONTEXT('2D SPACE',''
  ) );
#1996 = PCURVE('',#1569,#1997);
#1997 = DEFINITIONAL_REPRESENTATION('',(#1998),#2002);
#1998 = LINE('',#1999,#2000);
#1999 = CARTESIAN_POINT('',(-6.28318530718,-2.6));
#2000 = VECTOR('',#2001,1.);
#2001 = DIRECTION('',(1.,-0.));
#2002 = ( GEOMETRIC_REPRESENTATION_CONTEXT(2) 
PARAMETRIC_REPRESENTATION_CONTEXT() REPRESENTATION_CONTEXT('2D SPACE',''
  ) );
#2003 = ADVANCED_FACE('',(#2004),#629,.T.);
#2004 = FACE_BOUND('',#2005,.F.);
#2005 = EDGE_LOOP('',(#2006,#2032,#2033,#2034));
#2006 = ORIENTED_EDGE('',*,*,#2007,.F.);
#2007 = EDGE_CURVE('',#615,#641,#2008,.T.);
#2008 = SURFACE_CURVE('',#2009,(#2014,#2021),.PCURVE_S1.);
#2009 = CIRCLE('',#2010,3.75);
#2010 = AXIS2_PLACEMENT_3D('',#2011,#2012,#2013);
#2011 = CARTESIAN_POINT('',(-47.,33.,7.7));
#2012 = DIRECTION('',(0.,0.,-1.));
#2013 = DIRECTION('',(0.28,0.96,0.));
#2014 = PCURVE('',#629,#2015);
#2015 = DEFINITIONAL_REPRESENTATION('',(#2016),#2020);
#2016 = LINE('',#2017,#2018);
#2017 = CARTESIAN_POINT('',(-7.570187524766,-5.3));
#2018 = VECTOR('',#2019,1.);
#2019 = DIRECTION('',(1.,-0.));
#2020 = ( GEOMETRIC_REPRESENTATION_CONTEXT(2) 
PARAMETRIC_REPRESENTATION_CONTEXT() REPRESENTATION_CONTEXT('2D SPACE',''
  ) );
#2021 = PCURVE('',#655,#2022);
#2022 = DEFINITIONAL_REPRESENTATION('',(#2023),#2031);
#2023 = ( BOUNDED_CURVE() B_SPLINE_CURVE(2,(#2024,#2025,#2026,#2027,
#2028,#2029,#2030),.UNSPECIFIED.,.T.,.F.) B_SPLINE_CURVE_WITH_KNOTS((1,2
    ,2,2,2,1),(-2.094395102393,0.,2.094395102393,4.188790204786,
6.28318530718,8.377580409573),.UNSPECIFIED.) CURVE() 
GEOMETRIC_REPRESENTATION_ITEM() RATIONAL_B_SPLINE_CURVE((1.,0.5,1.,0.5,
1.,0.5,1.)) REPRESENTATION_ITEM('') );
#2024 = CARTESIAN_POINT('',(38.05,36.6));
#2025 = CARTESIAN_POINT('',(44.285382907248,34.781346652053));
#2026 = CARTESIAN_POINT('',(39.592691453624,30.290673326026));
#2027 = CARTESIAN_POINT('',(34.9,25.8));
#2028 = CARTESIAN_POINT('',(33.357308546376,32.109326673974));
#2029 = CARTESIAN_POINT('',(31.814617092752,38.418653347947));
#2030 = CARTESIAN_POINT('',(38.05,36.6));
#2031 = ( GEOMETRIC_REPRESENTATION_CONTEXT(2) 
PARAMETRIC_REPRESENTATION_CONTEXT() REPRESENTATION_CONTEXT('2D SPACE',''
  ) );
#2032 = ORIENTED_EDGE('',*,*,#614,.T.);
#2033 = ORIENTED_EDGE('',*,*,#1720,.T.);
#2034 = ORIENTED_EDGE('',*,*,#666,.F.);
#2035 = ADVANCED_FACE('',(#2036,#2040),#655,.T.);
#2036 = FACE_BOUND('',#2037,.T.);
#2037 = EDGE_LOOP('',(#2038,#2039));
#2038 = ORIENTED_EDGE('',*,*,#640,.F.);
#2039 = ORIENTED_EDGE('',*,*,#2007,.F.);
#2040 = FACE_BOUND('',#2041,.T.);
#2041 = EDGE_LOOP('',(#2042));
#2042 = ORIENTED_EDGE('',*,*,#2043,.T.);
#2043 = EDGE_CURVE('',#2044,#2044,#2046,.T.);
#2044 = VERTEX_POINT('',#2045);
#2045 = CARTESIAN_POINT('',(-46.15,33.,7.7));
#2046 = SURFACE_CURVE('',#2047,(#2052,#2063),.PCURVE_S1.);
#2047 = CIRCLE('',#2048,0.85);
#2048 = AXIS2_PLACEMENT_3D('',#2049,#2050,#2051);
#2049 = CARTESIAN_POINT('',(-47.,33.,7.7));
#2050 = DIRECTION('',(0.,0.,-1.));
#2051 = DIRECTION('',(1.,0.,0.));
#2052 = PCURVE('',#655,#2053);
#2053 = DEFINITIONAL_REPRESENTATION('',(#2054),#2062);
#2054 = ( BOUNDED_CURVE() B_SPLINE_CURVE(2,(#2055,#2056,#2057,#2058,
#2059,#2060,#2061),.UNSPECIFIED.,.T.,.F.) B_SPLINE_CURVE_WITH_KNOTS((1,2
    ,2,2,2,1),(-2.094395102393,0.,2.094395102393,4.188790204786,
6.28318530718,8.377580409573),.UNSPECIFIED.) CURVE() 
GEOMETRIC_REPRESENTATION_ITEM() RATIONAL_B_SPLINE_CURVE((1.,0.5,1.,0.5,
1.,0.5,1.)) REPRESENTATION_ITEM('') );
#2055 = CARTESIAN_POINT('',(37.85,33.));
#2056 = CARTESIAN_POINT('',(37.85,31.527756813566));
#2057 = CARTESIAN_POINT('',(36.575,32.263878406783));
#2058 = CARTESIAN_POINT('',(35.3,33.));
#2059 = CARTESIAN_POINT('',(36.575,33.736121593217));
#2060 = CARTESIAN_POINT('',(37.85,34.472243186434));
#2061 = CARTESIAN_POINT('',(37.85,33.));
#2062 = ( GEOMETRIC_REPRESENTATION_CONTEXT(2) 
PARAMETRIC_REPRESENTATION_CONTEXT() REPRESENTATION_CONTEXT('2D SPACE',''
  ) );
#2063 = PCURVE('',#2064,#2069);
#2064 = CYLINDRICAL_SURFACE('',#2065,0.85);
#2065 = AXIS2_PLACEMENT_3D('',#2066,#2067,#2068);
#2066 = CARTESIAN_POINT('',(-47.,33.,3.));
#2067 = DIRECTION('',(-0.,-0.,-1.));
#2068 = DIRECTION('',(1.,0.,0.));
#2069 = DEFINITIONAL_REPRESENTATION('',(#2070),#2074);
#2070 = LINE('',#2071,#2072);
#2071 = CARTESIAN_POINT('',(-6.28318530718,-4.7));
#2072 = VECTOR('',#2073,1.);
#2073 = DIRECTION('',(1.,-0.));
#2074 = ( GEOMETRIC_REPRESENTATION_CONTEXT(2) 
PARAMETRIC_REPRESENTATION_CONTEXT() REPRESENTATION_CONTEXT('2D SPACE',''
  ) );
#2075 = ADVANCED_FACE('',(#2076),#533,.T.);
#2076 = FACE_BOUND('',#2077,.F.);
#2077 = EDGE_LOOP('',(#2078,#2104,#2105,#2106));
#2078 = ORIENTED_EDGE('',*,*,#2079,.F.);
#2079 = EDGE_CURVE('',#519,#545,#2080,.T.);
#2080 = SURFACE_CURVE('',#2081,(#2086,#2093),.PCURVE_S1.);
#2081 = CIRCLE('',#2082,3.75);
#2082 = AXIS2_PLACEMENT_3D('',#2083,#2084,#2085);
#2083 = CARTESIAN_POINT('',(47.,33.,7.7));
#2084 = DIRECTION('',(0.,0.,-1.));
#2085 = DIRECTION('',(0.28,0.96,0.));
#2086 = PCURVE('',#533,#2087);
#2087 = DEFINITIONAL_REPRESENTATION('',(#2088),#2092);
#2088 = LINE('',#2089,#2090);
#2089 = CARTESIAN_POINT('',(-7.570187524766,-5.3));
#2090 = VECTOR('',#2091,1.);
#2091 = DIRECTION('',(1.,-0.));
#2092 = ( GEOMETRIC_REPRESENTATION_CONTEXT(2) 
PARAMETRIC_REPRESENTATION_CONTEXT() REPRESENTATION_CONTEXT('2D SPACE',''
  ) );
#2093 = PCURVE('',#559,#2094);
#2094 = DEFINITIONAL_REPRESENTATION('',(#2095),#2103);
#2095 = ( BOUNDED_CURVE() B_SPLINE_CURVE(2,(#2096,#2097,#2098,#2099,
#2100,#2101,#2102),.UNSPECIFIED.,.T.,.F.) B_SPLINE_CURVE_WITH_KNOTS((1,2
    ,2,2,2,1),(-2.094395102393,0.,2.094395102393,4.188790204786,
6.28318530718,8.377580409573),.UNSPECIFIED.) CURVE() 
GEOMETRIC_REPRESENTATION_ITEM() RATIONAL_B_SPLINE_CURVE((1.,0.5,1.,0.5,
1.,0.5,1.)) REPRESENTATION_ITEM('') );
#2096 = CARTESIAN_POINT('',(132.05,36.6));
#2097 = CARTESIAN_POINT('',(138.28538290724,34.781346652053));
#2098 = CARTESIAN_POINT('',(133.59269145362,30.290673326026));
#2099 = CARTESIAN_POINT('',(128.9,25.8));
#2100 = CARTESIAN_POINT('',(127.35730854637,32.109326673974));
#2101 = CARTESIAN_POINT('',(125.81461709275,38.418653347947));
#2102 = CARTESIAN_POINT('',(132.05,36.6));
#2103 = ( GEOMETRIC_REPRESENTATION_CONTEXT(2) 
PARAMETRIC_REPRESENTATION_CONTEXT() REPRESENTATION_CONTEXT('2D SPACE',''
  ) );
#2104 = ORIENTED_EDGE('',*,*,#518,.T.);
#2105 = ORIENTED_EDGE('',*,*,#1693,.T.);
#2106 = ORIENTED_EDGE('',*,*,#570,.F.);
#2107 = ADVANCED_FACE('',(#2108,#2112),#559,.T.);
#2108 = FACE_BOUND('',#2109,.T.);
#2109 = EDGE_LOOP('',(#2110,#2111));
#2110 = ORIENTED_EDGE('',*,*,#544,.F.);
#2111 = ORIENTED_EDGE('',*,*,#2079,.F.);
#2112 = FACE_BOUND('',#2113,.T.);
#2113 = EDGE_LOOP('',(#2114));
#2114 = ORIENTED_EDGE('',*,*,#2115,.T.);
#2115 = EDGE_CURVE('',#2116,#2116,#2118,.T.);
#2116 = VERTEX_POINT('',#2117);
#2117 = CARTESIAN_POINT('',(47.85,33.,7.7));
#2118 = SURFACE_CURVE('',#2119,(#2124,#2135),.PCURVE_S1.);
#2119 = CIRCLE('',#2120,0.85);
#2120 = AXIS2_PLACEMENT_3D('',#2121,#2122,#2123);
#2121 = CARTESIAN_POINT('',(47.,33.,7.7));
#2122 = DIRECTION('',(0.,0.,-1.));
#2123 = DIRECTION('',(1.,0.,0.));
#2124 = PCURVE('',#559,#2125);
#2125 = DEFINITIONAL_REPRESENTATION('',(#2126),#2134);
#2126 = ( BOUNDED_CURVE() B_SPLINE_CURVE(2,(#2127,#2128,#2129,#2130,
#2131,#2132,#2133),.UNSPECIFIED.,.T.,.F.) B_SPLINE_CURVE_WITH_KNOTS((1,2
    ,2,2,2,1),(-2.094395102393,0.,2.094395102393,4.188790204786,
6.28318530718,8.377580409573),.UNSPECIFIED.) CURVE() 
GEOMETRIC_REPRESENTATION_ITEM() RATIONAL_B_SPLINE_CURVE((1.,0.5,1.,0.5,
1.,0.5,1.)) REPRESENTATION_ITEM('') );
#2127 = CARTESIAN_POINT('',(131.85,33.));
#2128 = CARTESIAN_POINT('',(131.85,31.527756813566));
#2129 = CARTESIAN_POINT('',(130.575,32.263878406783));
#2130 = CARTESIAN_POINT('',(129.3,33.));
#2131 = CARTESIAN_POINT('',(130.575,33.736121593217));
#2132 = CARTESIAN_POINT('',(131.85,34.472243186434));
#2133 = CARTESIAN_POINT('',(131.85,33.));
#2134 = ( GEOMETRIC_REPRESENTATION_CONTEXT(2) 
PARAMETRIC_REPRESENTATION_CONTEXT() REPRESENTATION_CONTEXT('2D SPACE',''
  ) );
#2135 = PCURVE('',#2136,#2141);
#2136 = CYLINDRICAL_SURFACE('',#2137,0.85);
#2137 = AXIS2_PLACEMENT_3D('',#2138,#2139,#2140);
#2138 = CARTESIAN_POINT('',(47.,33.,3.));
#2139 = DIRECTION('',(-0.,-0.,-1.));
#2140 = DIRECTION('',(1.,0.,0.));
#2141 = DEFINITIONAL_REPRESENTATION('',(#2142),#2146);
#2142 = LINE('',#2143,#2144);
#2143 = CARTESIAN_POINT('',(-6.28318530718,-4.7));
#2144 = VECTOR('',#2145,1.);
#2145 = DIRECTION('',(1.,-0.));
#2146 = ( GEOMETRIC_REPRESENTATION_CONTEXT(2) 
PARAMETRIC_REPRESENTATION_CONTEXT() REPRESENTATION_CONTEXT('2D SPACE',''
  ) );
#2147 = ADVANCED_FACE('',(#2148),#823,.T.);
#2148 = FACE_BOUND('',#2149,.F.);
#2149 = EDGE_LOOP('',(#2150,#2151,#2152,#2178));
#2150 = ORIENTED_EDGE('',*,*,#1586,.T.);
#2151 = ORIENTED_EDGE('',*,*,#808,.F.);
#2152 = ORIENTED_EDGE('',*,*,#2153,.F.);
#2153 = EDGE_CURVE('',#835,#809,#2154,.T.);
#2154 = SURFACE_CURVE('',#2155,(#2160,#2167),.PCURVE_S1.);
#2155 = CIRCLE('',#2156,3.75);
#2156 = AXIS2_PLACEMENT_3D('',#2157,#2158,#2159);
#2157 = CARTESIAN_POINT('',(-84.,0.,7.7));
#2158 = DIRECTION('',(0.,0.,-1.));
#2159 = DIRECTION('',(-0.955545454545,0.294843830354,0.));
#2160 = PCURVE('',#823,#2161);
#2161 = DEFINITIONAL_REPRESENTATION('',(#2162),#2166);
#2162 = LINE('',#2163,#2164);
#2163 = CARTESIAN_POINT('',(-9.1254858813,-5.3));
#2164 = VECTOR('',#2165,1.);
#2165 = DIRECTION('',(1.,-0.));
#2166 = ( GEOMETRIC_REPRESENTATION_CONTEXT(2) 
PARAMETRIC_REPRESENTATION_CONTEXT() REPRESENTATION_CONTEXT('2D SPACE',''
  ) );
#2167 = PCURVE('',#851,#2168);
#2168 = DEFINITIONAL_REPRESENTATION('',(#2169),#2177);
#2169 = ( BOUNDED_CURVE() B_SPLINE_CURVE(2,(#2170,#2171,#2172,#2173,
#2174,#2175,#2176),.UNSPECIFIED.,.T.,.F.) B_SPLINE_CURVE_WITH_KNOTS((1,2
    ,2,2,2,1),(-2.094395102393,0.,2.094395102393,4.188790204786,
6.28318530718,8.377580409573),.UNSPECIFIED.) CURVE() 
GEOMETRIC_REPRESENTATION_ITEM() RATIONAL_B_SPLINE_CURVE((1.,0.5,1.,0.5,
1.,0.5,1.)) REPRESENTATION_ITEM('') );
#2170 = CARTESIAN_POINT('',(-3.583295454545,1.105664363826));
#2171 = CARTESIAN_POINT('',(-1.668228600281,7.312114149629));
#2172 = CARTESIAN_POINT('',(2.749181154405,2.550392710989));
#2173 = CARTESIAN_POINT('',(7.166590909091,-2.211328727651));
#2174 = CARTESIAN_POINT('',(0.834114300141,-3.656057074814));
#2175 = CARTESIAN_POINT('',(-5.49836230881,-5.100785421978));
#2176 = CARTESIAN_POINT('',(-3.583295454545,1.105664363826));
#2177 = ( GEOMETRIC_REPRESENTATION_CONTEXT(2) 
PARAMETRIC_REPRESENTATION_CONTEXT() REPRESENTATION_CONTEXT('2D SPACE',''
  ) );
#2178 = ORIENTED_EDGE('',*,*,#867,.T.);
#2179 = ADVANCED_FACE('',(#2180,#2184),#851,.T.);
#2180 = FACE_BOUND('',#2181,.T.);
#2181 = EDGE_LOOP('',(#2182,#2183));
#2182 = ORIENTED_EDGE('',*,*,#834,.F.);
#2183 = ORIENTED_EDGE('',*,*,#2153,.F.);
#2184 = FACE_BOUND('',#2185,.T.);
#2185 = EDGE_LOOP('',(#2186));
#2186 = ORIENTED_EDGE('',*,*,#2187,.T.);
#2187 = EDGE_CURVE('',#2188,#2188,#2190,.T.);
#2188 = VERTEX_POINT('',#2189);
#2189 = CARTESIAN_POINT('',(-83.15,0.,7.7));
#2190 = SURFACE_CURVE('',#2191,(#2196,#2207),.PCURVE_S1.);
#2191 = CIRCLE('',#2192,0.85);
#2192 = AXIS2_PLACEMENT_3D('',#2193,#2194,#2195);
#2193 = CARTESIAN_POINT('',(-84.,0.,7.7));
#2194 = DIRECTION('',(0.,0.,-1.));
#2195 = DIRECTION('',(1.,0.,0.));
#2196 = PCURVE('',#851,#2197);
#2197 = DEFINITIONAL_REPRESENTATION('',(#2198),#2206);
#2198 = ( BOUNDED_CURVE() B_SPLINE_CURVE(2,(#2199,#2200,#2201,#2202,
#2203,#2204,#2205),.UNSPECIFIED.,.T.,.F.) B_SPLINE_CURVE_WITH_KNOTS((1,2
    ,2,2,2,1),(-2.094395102393,0.,2.094395102393,4.188790204786,
6.28318530718,8.377580409573),.UNSPECIFIED.) CURVE() 
GEOMETRIC_REPRESENTATION_ITEM() RATIONAL_B_SPLINE_CURVE((1.,0.5,1.,0.5,
1.,0.5,1.)) REPRESENTATION_ITEM('') );
#2199 = CARTESIAN_POINT('',(0.85,-2.115698521171E-16));
#2200 = CARTESIAN_POINT('',(0.85,-1.472243186434));
#2201 = CARTESIAN_POINT('',(-0.425,-0.736121593217));
#2202 = CARTESIAN_POINT('',(-1.7,-4.197598079721E-16));
#2203 = CARTESIAN_POINT('',(-0.425,0.736121593217));
#2204 = CARTESIAN_POINT('',(0.85,1.472243186434));
#2205 = CARTESIAN_POINT('',(0.85,-2.115698521171E-16));
#2206 = ( GEOMETRIC_REPRESENTATION_CONTEXT(2) 
PARAMETRIC_REPRESENTATION_CONTEXT() REPRESENTATION_CONTEXT('2D SPACE',''
  ) );
#2207 = PCURVE('',#2208,#2213);
#2208 = CYLINDRICAL_SURFACE('',#2209,0.85);
#2209 = AXIS2_PLACEMENT_3D('',#2210,#2211,#2212);
#2210 = CARTESIAN_POINT('',(-84.,0.,3.));
#2211 = DIRECTION('',(-0.,-0.,-1.));
#2212 = DIRECTION('',(1.,0.,0.));
#2213 = DEFINITIONAL_REPRESENTATION('',(#2214),#2218);
#2214 = LINE('',#2215,#2216);
#2215 = CARTESIAN_POINT('',(-6.28318530718,-4.7));
#2216 = VECTOR('',#2217,1.);
#2217 = DIRECTION('',(1.,-0.));
#2218 = ( GEOMETRIC_REPRESENTATION_CONTEXT(2) 
PARAMETRIC_REPRESENTATION_CONTEXT() REPRESENTATION_CONTEXT('2D SPACE',''
  ) );
#2219 = ADVANCED_FACE('',(#2220),#1045,.T.);
#2220 = FACE_BOUND('',#2221,.F.);
#2221 = EDGE_LOOP('',(#2222,#2223,#2224,#2250));
#2222 = ORIENTED_EDGE('',*,*,#1614,.T.);
#2223 = ORIENTED_EDGE('',*,*,#1030,.F.);
#2224 = ORIENTED_EDGE('',*,*,#2225,.F.);
#2225 = EDGE_CURVE('',#1057,#1031,#2226,.T.);
#2226 = SURFACE_CURVE('',#2227,(#2232,#2239),.PCURVE_S1.);
#2227 = CIRCLE('',#2228,3.75);
#2228 = AXIS2_PLACEMENT_3D('',#2229,#2230,#2231);
#2229 = CARTESIAN_POINT('',(-47.,-33.,7.7));
#2230 = DIRECTION('',(-0.,0.,-1.));
#2231 = DIRECTION('',(-0.28,-0.96,0.));
#2232 = PCURVE('',#1045,#2233);
#2233 = DEFINITIONAL_REPRESENTATION('',(#2234),#2238);
#2234 = LINE('',#2235,#2236);
#2235 = CARTESIAN_POINT('',(-10.71178017835,-5.3));
#2236 = VECTOR('',#2237,1.);
#2237 = DIRECTION('',(1.,-0.));
#2238 = ( GEOMETRIC_REPRESENTATION_CONTEXT(2) 
PARAMETRIC_REPRESENTATION_CONTEXT() REPRESENTATION_CONTEXT('2D SPACE',''
  ) );
#2239 = PCURVE('',#1071,#2240);
#2240 = DEFINITIONAL_REPRESENTATION('',(#2241),#2249);
#2241 = ( BOUNDED_CURVE() B_SPLINE_CURVE(2,(#2242,#2243,#2244,#2245,
#2246,#2247,#2248),.UNSPECIFIED.,.T.,.F.) B_SPLINE_CURVE_WITH_KNOTS((1,2
    ,2,2,2,1),(-2.094395102393,0.,2.094395102393,4.188790204786,
6.28318530718,8.377580409573),.UNSPECIFIED.) CURVE() 
GEOMETRIC_REPRESENTATION_ITEM() RATIONAL_B_SPLINE_CURVE((1.,0.5,1.,0.5,
1.,0.5,1.)) REPRESENTATION_ITEM('') );
#2242 = CARTESIAN_POINT('',(35.95,-36.6));
#2243 = CARTESIAN_POINT('',(29.714617092752,-34.78134665205));
#2244 = CARTESIAN_POINT('',(34.407308546376,-30.29067332602));
#2245 = CARTESIAN_POINT('',(39.1,-25.8));
#2246 = CARTESIAN_POINT('',(40.642691453624,-32.10932667397));
#2247 = CARTESIAN_POINT('',(42.185382907248,-38.41865334794));
#2248 = CARTESIAN_POINT('',(35.95,-36.6));
#2249 = ( GEOMETRIC_REPRESENTATION_CONTEXT(2) 
PARAMETRIC_REPRESENTATION_CONTEXT() REPRESENTATION_CONTEXT('2D SPACE',''
  ) );
#2250 = ORIENTED_EDGE('',*,*,#1082,.T.);
#2251 = ADVANCED_FACE('',(#2252,#2256),#1071,.T.);
#2252 = FACE_BOUND('',#2253,.T.);
#2253 = EDGE_LOOP('',(#2254,#2255));
#2254 = ORIENTED_EDGE('',*,*,#1056,.T.);
#2255 = ORIENTED_EDGE('',*,*,#2225,.F.);
#2256 = FACE_BOUND('',#2257,.T.);
#2257 = EDGE_LOOP('',(#2258));
#2258 = ORIENTED_EDGE('',*,*,#2259,.T.);
#2259 = EDGE_CURVE('',#2260,#2260,#2262,.T.);
#2260 = VERTEX_POINT('',#2261);
#2261 = CARTESIAN_POINT('',(-46.15,-33.,7.7));
#2262 = SURFACE_CURVE('',#2263,(#2268,#2279),.PCURVE_S1.);
#2263 = CIRCLE('',#2264,0.85);
#2264 = AXIS2_PLACEMENT_3D('',#2265,#2266,#2267);
#2265 = CARTESIAN_POINT('',(-47.,-33.,7.7));
#2266 = DIRECTION('',(0.,0.,-1.));
#2267 = DIRECTION('',(1.,0.,0.));
#2268 = PCURVE('',#1071,#2269);
#2269 = DEFINITIONAL_REPRESENTATION('',(#2270),#2278);
#2270 = ( BOUNDED_CURVE() B_SPLINE_CURVE(2,(#2271,#2272,#2273,#2274,
#2275,#2276,#2277),.UNSPECIFIED.,.T.,.F.) B_SPLINE_CURVE_WITH_KNOTS((1,2
    ,2,2,2,1),(-2.094395102393,0.,2.094395102393,4.188790204786,
6.28318530718,8.377580409573),.UNSPECIFIED.) CURVE() 
GEOMETRIC_REPRESENTATION_ITEM() RATIONAL_B_SPLINE_CURVE((1.,0.5,1.,0.5,
1.,0.5,1.)) REPRESENTATION_ITEM('') );
#2271 = CARTESIAN_POINT('',(37.85,-33.));
#2272 = CARTESIAN_POINT('',(37.85,-34.47224318643));
#2273 = CARTESIAN_POINT('',(36.575,-33.73612159321));
#2274 = CARTESIAN_POINT('',(35.3,-33.));
#2275 = CARTESIAN_POINT('',(36.575,-32.26387840678));
#2276 = CARTESIAN_POINT('',(37.85,-31.52775681356));
#2277 = CARTESIAN_POINT('',(37.85,-33.));
#2278 = ( GEOMETRIC_REPRESENTATION_CONTEXT(2) 
PARAMETRIC_REPRESENTATION_CONTEXT() REPRESENTATION_CONTEXT('2D SPACE',''
  ) );
#2279 = PCURVE('',#2280,#2285);
#2280 = CYLINDRICAL_SURFACE('',#2281,0.85);
#2281 = AXIS2_PLACEMENT_3D('',#2282,#2283,#2284);
#2282 = CARTESIAN_POINT('',(-47.,-33.,3.));
#2283 = DIRECTION('',(-0.,-0.,-1.));
#2284 = DIRECTION('',(1.,0.,0.));
#2285 = DEFINITIONAL_REPRESENTATION('',(#2286),#2290);
#2286 = LINE('',#2287,#2288);
#2287 = CARTESIAN_POINT('',(-6.28318530718,-4.7));
#2288 = VECTOR('',#2289,1.);
#2289 = DIRECTION('',(1.,-0.));
#2290 = ( GEOMETRIC_REPRESENTATION_CONTEXT(2) 
PARAMETRIC_REPRESENTATION_CONTEXT() REPRESENTATION_CONTEXT('2D SPACE',''
  ) );
#2291 = ADVANCED_FACE('',(#2292),#949,.T.);
#2292 = FACE_BOUND('',#2293,.F.);
#2293 = EDGE_LOOP('',(#2294,#2295,#2296,#2322));
#2294 = ORIENTED_EDGE('',*,*,#1641,.T.);
#2295 = ORIENTED_EDGE('',*,*,#934,.F.);
#2296 = ORIENTED_EDGE('',*,*,#2297,.F.);
#2297 = EDGE_CURVE('',#961,#935,#2298,.T.);
#2298 = SURFACE_CURVE('',#2299,(#2304,#2311),.PCURVE_S1.);
#2299 = CIRCLE('',#2300,3.75);
#2300 = AXIS2_PLACEMENT_3D('',#2301,#2302,#2303);
#2301 = CARTESIAN_POINT('',(47.,-33.,7.7));
#2302 = DIRECTION('',(-0.,0.,-1.));
#2303 = DIRECTION('',(-0.28,-0.96,0.));
#2304 = PCURVE('',#949,#2305);
#2305 = DEFINITIONAL_REPRESENTATION('',(#2306),#2310);
#2306 = LINE('',#2307,#2308);
#2307 = CARTESIAN_POINT('',(-10.71178017835,-5.3));
#2308 = VECTOR('',#2309,1.);
#2309 = DIRECTION('',(1.,-0.));
#2310 = ( GEOMETRIC_REPRESENTATION_CONTEXT(2) 
PARAMETRIC_REPRESENTATION_CONTEXT() REPRESENTATION_CONTEXT('2D SPACE',''
  ) );
#2311 = PCURVE('',#975,#2312);
#2312 = DEFINITIONAL_REPRESENTATION('',(#2313),#2321);
#2313 = ( BOUNDED_CURVE() B_SPLINE_CURVE(2,(#2314,#2315,#2316,#2317,
#2318,#2319,#2320),.UNSPECIFIED.,.T.,.F.) B_SPLINE_CURVE_WITH_KNOTS((1,2
    ,2,2,2,1),(-2.094395102393,0.,2.094395102393,4.188790204786,
6.28318530718,8.377580409573),.UNSPECIFIED.) CURVE() 
GEOMETRIC_REPRESENTATION_ITEM() RATIONAL_B_SPLINE_CURVE((1.,0.5,1.,0.5,
1.,0.5,1.)) REPRESENTATION_ITEM('') );
#2314 = CARTESIAN_POINT('',(129.95,-36.6));
#2315 = CARTESIAN_POINT('',(123.71461709275,-34.78134665205));
#2316 = CARTESIAN_POINT('',(128.40730854637,-30.29067332602));
#2317 = CARTESIAN_POINT('',(133.1,-25.8));
#2318 = CARTESIAN_POINT('',(134.64269145362,-32.10932667397));
#2319 = CARTESIAN_POINT('',(136.18538290724,-38.41865334794));
#2320 = CARTESIAN_POINT('',(129.95,-36.6));
#2321 = ( GEOMETRIC_REPRESENTATION_CONTEXT(2) 
PARAMETRIC_REPRESENTATION_CONTEXT() REPRESENTATION_CONTEXT('2D SPACE',''
  ) );
#2322 = ORIENTED_EDGE('',*,*,#986,.T.);
#2323 = ADVANCED_FACE('',(#2324,#2328),#975,.T.);
#2324 = FACE_BOUND('',#2325,.T.);
#2325 = EDGE_LOOP('',(#2326,#2327));
#2326 = ORIENTED_EDGE('',*,*,#960,.T.);
#2327 = ORIENTED_EDGE('',*,*,#2297,.F.);
#2328 = FACE_BOUND('',#2329,.T.);
#2329 = EDGE_LOOP('',(#2330));
#2330 = ORIENTED_EDGE('',*,*,#2331,.T.);
#2331 = EDGE_CURVE('',#2332,#2332,#2334,.T.);
#2332 = VERTEX_POINT('',#2333);
#2333 = CARTESIAN_POINT('',(47.85,-33.,7.7));
#2334 = SURFACE_CURVE('',#2335,(#2340,#2351),.PCURVE_S1.);
#2335 = CIRCLE('',#2336,0.85);
#2336 = AXIS2_PLACEMENT_3D('',#2337,#2338,#2339);
#2337 = CARTESIAN_POINT('',(47.,-33.,7.7));
#2338 = DIRECTION('',(0.,0.,-1.));
#2339 = DIRECTION('',(1.,0.,0.));
#2340 = PCURVE('',#975,#2341);
#2341 = DEFINITIONAL_REPRESENTATION('',(#2342),#2350);
#2342 = ( BOUNDED_CURVE() B_SPLINE_CURVE(2,(#2343,#2344,#2345,#2346,
#2347,#2348,#2349),.UNSPECIFIED.,.T.,.F.) B_SPLINE_CURVE_WITH_KNOTS((1,2
    ,2,2,2,1),(-2.094395102393,0.,2.094395102393,4.188790204786,
6.28318530718,8.377580409573),.UNSPECIFIED.) CURVE() 
GEOMETRIC_REPRESENTATION_ITEM() RATIONAL_B_SPLINE_CURVE((1.,0.5,1.,0.5,
1.,0.5,1.)) REPRESENTATION_ITEM('') );
#2343 = CARTESIAN_POINT('',(131.85,-33.));
#2344 = CARTESIAN_POINT('',(131.85,-34.47224318643));
#2345 = CARTESIAN_POINT('',(130.575,-33.73612159321));
#2346 = CARTESIAN_POINT('',(129.3,-33.));
#2347 = CARTESIAN_POINT('',(130.575,-32.26387840678));
#2348 = CARTESIAN_POINT('',(131.85,-31.52775681356));
#2349 = CARTESIAN_POINT('',(131.85,-33.));
#2350 = ( GEOMETRIC_REPRESENTATION_CONTEXT(2) 
PARAMETRIC_REPRESENTATION_CONTEXT() REPRESENTATION_CONTEXT('2D SPACE',''
  ) );
#2351 = PCURVE('',#2352,#2357);
#2352 = CYLINDRICAL_SURFACE('',#2353,0.85);
#2353 = AXIS2_PLACEMENT_3D('',#2354,#2355,#2356);
#2354 = CARTESIAN_POINT('',(47.,-33.,3.));
#2355 = DIRECTION('',(-0.,-0.,-1.));
#2356 = DIRECTION('',(1.,0.,0.));
#2357 = DEFINITIONAL_REPRESENTATION('',(#2358),#2362);
#2358 = LINE('',#2359,#2360);
#2359 = CARTESIAN_POINT('',(-6.28318530718,-4.7));
#2360 = VECTOR('',#2361,1.);
#2361 = DIRECTION('',(1.,-0.));
#2362 = ( GEOMETRIC_REPRESENTATION_CONTEXT(2) 
PARAMETRIC_REPRESENTATION_CONTEXT() REPRESENTATION_CONTEXT('2D SPACE',''
  ) );
#2363 = ADVANCED_FACE('',(#2364),#1173,.T.);
#2364 = FACE_BOUND('',#2365,.F.);
#2365 = EDGE_LOOP('',(#2366,#2367,#2368,#2390));
#2366 = ORIENTED_EDGE('',*,*,#1669,.F.);
#2367 = ORIENTED_EDGE('',*,*,#1158,.F.);
#2368 = ORIENTED_EDGE('',*,*,#2369,.T.);
#2369 = EDGE_CURVE('',#1159,#1185,#2370,.T.);
#2370 = SURFACE_CURVE('',#2371,(#2376,#2383),.PCURVE_S1.);
#2371 = CIRCLE('',#2372,3.75);
#2372 = AXIS2_PLACEMENT_3D('',#2373,#2374,#2375);
#2373 = CARTESIAN_POINT('',(84.,0.,7.7));
#2374 = DIRECTION('',(0.,0.,1.));
#2375 = DIRECTION('',(1.,0.,0.));
#2376 = PCURVE('',#1173,#2377);
#2377 = DEFINITIONAL_REPRESENTATION('',(#2378),#2382);
#2378 = LINE('',#2379,#2380);
#2379 = CARTESIAN_POINT('',(-0.,-5.3));
#2380 = VECTOR('',#2381,1.);
#2381 = DIRECTION('',(-1.,0.));
#2382 = ( GEOMETRIC_REPRESENTATION_CONTEXT(2) 
PARAMETRIC_REPRESENTATION_CONTEXT() REPRESENTATION_CONTEXT('2D SPACE',''
  ) );
#2383 = PCURVE('',#1201,#2384);
#2384 = DEFINITIONAL_REPRESENTATION('',(#2385),#2389);
#2385 = CIRCLE('',#2386,3.75);
#2386 = AXIS2_PLACEMENT_2D('',#2387,#2388);
#2387 = CARTESIAN_POINT('',(168.,-2.115698521171E-16));
#2388 = DIRECTION('',(1.,0.));
#2389 = ( GEOMETRIC_REPRESENTATION_CONTEXT(2) 
PARAMETRIC_REPRESENTATION_CONTEXT() REPRESENTATION_CONTEXT('2D SPACE',''
  ) );
#2390 = ORIENTED_EDGE('',*,*,#1217,.T.);
#2391 = ADVANCED_FACE('',(#2392,#2396),#1201,.T.);
#2392 = FACE_BOUND('',#2393,.T.);
#2393 = EDGE_LOOP('',(#2394,#2395));
#2394 = ORIENTED_EDGE('',*,*,#1184,.F.);
#2395 = ORIENTED_EDGE('',*,*,#2369,.T.);
#2396 = FACE_BOUND('',#2397,.T.);
#2397 = EDGE_LOOP('',(#2398));
#2398 = ORIENTED_EDGE('',*,*,#2399,.T.);
#2399 = EDGE_CURVE('',#2400,#2400,#2402,.T.);
#2400 = VERTEX_POINT('',#2401);
#2401 = CARTESIAN_POINT('',(84.85,0.,7.7));
#2402 = SURFACE_CURVE('',#2403,(#2408,#2419),.PCURVE_S1.);
#2403 = CIRCLE('',#2404,0.85);
#2404 = AXIS2_PLACEMENT_3D('',#2405,#2406,#2407);
#2405 = CARTESIAN_POINT('',(84.,0.,7.7));
#2406 = DIRECTION('',(0.,0.,-1.));
#2407 = DIRECTION('',(1.,0.,0.));
#2408 = PCURVE('',#1201,#2409);
#2409 = DEFINITIONAL_REPRESENTATION('',(#2410),#2418);
#2410 = ( BOUNDED_CURVE() B_SPLINE_CURVE(2,(#2411,#2412,#2413,#2414,
#2415,#2416,#2417),.UNSPECIFIED.,.T.,.F.) B_SPLINE_CURVE_WITH_KNOTS((1,2
    ,2,2,2,1),(-2.094395102393,0.,2.094395102393,4.188790204786,
6.28318530718,8.377580409573),.UNSPECIFIED.) CURVE() 
GEOMETRIC_REPRESENTATION_ITEM() RATIONAL_B_SPLINE_CURVE((1.,0.5,1.,0.5,
1.,0.5,1.)) REPRESENTATION_ITEM('') );
#2411 = CARTESIAN_POINT('',(168.85,-2.115698521171E-16));
#2412 = CARTESIAN_POINT('',(168.85,-1.472243186434));
#2413 = CARTESIAN_POINT('',(167.575,-0.736121593217));
#2414 = CARTESIAN_POINT('',(166.3,-4.197598079721E-16));
#2415 = CARTESIAN_POINT('',(167.575,0.736121593217));
#2416 = CARTESIAN_POINT('',(168.85,1.472243186434));
#2417 = CARTESIAN_POINT('',(168.85,-2.115698521171E-16));
#2418 = ( GEOMETRIC_REPRESENTATION_CONTEXT(2) 
PARAMETRIC_REPRESENTATION_CONTEXT() REPRESENTATION_CONTEXT('2D SPACE',''
  ) );
#2419 = PCURVE('',#2420,#2425);
#2420 = CYLINDRICAL_SURFACE('',#2421,0.85);
#2421 = AXIS2_PLACEMENT_3D('',#2422,#2423,#2424);
#2422 = CARTESIAN_POINT('',(84.,0.,3.));
#2423 = DIRECTION('',(-0.,-0.,-1.));
#2424 = DIRECTION('',(1.,0.,0.));
#2425 = DEFINITIONAL_REPRESENTATION('',(#2426),#2430);
#2426 = LINE('',#2427,#2428);
#2427 = CARTESIAN_POINT('',(-6.28318530718,-4.7));
#2428 = VECTOR('',#2429,1.);
#2429 = DIRECTION('',(1.,-0.));
#2430 = ( GEOMETRIC_REPRESENTATION_CONTEXT(2) 
PARAMETRIC_REPRESENTATION_CONTEXT() REPRESENTATION_CONTEXT('2D SPACE',''
  ) );
#2431 = ADVANCED_FACE('',(#2432),#1296,.F.);
#2432 = FACE_BOUND('',#2433,.T.);
#2433 = EDGE_LOOP('',(#2434,#2435,#2456,#2457));
#2434 = ORIENTED_EDGE('',*,*,#1275,.T.);
#2435 = ORIENTED_EDGE('',*,*,#2436,.T.);
#2436 = EDGE_CURVE('',#1276,#1749,#2437,.T.);
#2437 = SEAM_CURVE('',#2438,(#2442,#2449),.PCURVE_S1.);
#2438 = LINE('',#2439,#2440);
#2439 = CARTESIAN_POINT('',(-50.,0.,-0.2));
#2440 = VECTOR('',#2441,1.);
#2441 = DIRECTION('',(0.,0.,1.));
#2442 = PCURVE('',#1296,#2443);
#2443 = DEFINITIONAL_REPRESENTATION('',(#2444),#2448);
#2444 = LINE('',#2445,#2446);
#2445 = CARTESIAN_POINT('',(-6.28318530718,0.));
#2446 = VECTOR('',#2447,1.);
#2447 = DIRECTION('',(-0.,-1.));
#2448 = ( GEOMETRIC_REPRESENTATION_CONTEXT(2) 
PARAMETRIC_REPRESENTATION_CONTEXT() REPRESENTATION_CONTEXT('2D SPACE',''
  ) );
#2449 = PCURVE('',#1296,#2450);
#2450 = DEFINITIONAL_REPRESENTATION('',(#2451),#2455);
#2451 = LINE('',#2452,#2453);
#2452 = CARTESIAN_POINT('',(-0.,0.));
#2453 = VECTOR('',#2454,1.);
#2454 = DIRECTION('',(-0.,-1.));
#2455 = ( GEOMETRIC_REPRESENTATION_CONTEXT(2) 
PARAMETRIC_REPRESENTATION_CONTEXT() REPRESENTATION_CONTEXT('2D SPACE',''
  ) );
#2456 = ORIENTED_EDGE('',*,*,#1748,.F.);
#2457 = ORIENTED_EDGE('',*,*,#2436,.F.);
#2458 = ADVANCED_FACE('',(#2459),#1327,.T.);
#2459 = FACE_BOUND('',#2460,.T.);
#2460 = EDGE_LOOP('',(#2461,#2482,#2483,#2504));
#2461 = ORIENTED_EDGE('',*,*,#2462,.F.);
#2462 = EDGE_CURVE('',#1311,#1779,#2463,.T.);
#2463 = SURFACE_CURVE('',#2464,(#2468,#2475),.PCURVE_S1.);
#2464 = LINE('',#2465,#2466);
#2465 = CARTESIAN_POINT('',(34.5,-23.,-0.2));
#2466 = VECTOR('',#2467,1.);
#2467 = DIRECTION('',(0.,0.,1.));
#2468 = PCURVE('',#1327,#2469);
#2469 = DEFINITIONAL_REPRESENTATION('',(#2470),#2474);
#2470 = LINE('',#2471,#2472);
#2471 = CARTESIAN_POINT('',(0.,69.));
#2472 = VECTOR('',#2473,1.);
#2473 = DIRECTION('',(1.,0.));
#2474 = ( GEOMETRIC_REPRESENTATION_CONTEXT(2) 
PARAMETRIC_REPRESENTATION_CONTEXT() REPRESENTATION_CONTEXT('2D SPACE',''
  ) );
#2475 = PCURVE('',#1534,#2476);
#2476 = DEFINITIONAL_REPRESENTATION('',(#2477),#2481);
#2477 = LINE('',#2478,#2479);
#2478 = CARTESIAN_POINT('',(-4.712388980385,0.));
#2479 = VECTOR('',#2480,1.);
#2480 = DIRECTION('',(-0.,-1.));
#2481 = ( GEOMETRIC_REPRESENTATION_CONTEXT(2) 
PARAMETRIC_REPRESENTATION_CONTEXT() REPRESENTATION_CONTEXT('2D SPACE',''
  ) );
#2482 = ORIENTED_EDGE('',*,*,#1310,.T.);
#2483 = ORIENTED_EDGE('',*,*,#2484,.T.);
#2484 = EDGE_CURVE('',#1313,#1781,#2485,.T.);
#2485 = SURFACE_CURVE('',#2486,(#2490,#2497),.PCURVE_S1.);
#2486 = LINE('',#2487,#2488);
#2487 = CARTESIAN_POINT('',(-34.5,-23.,-0.2));
#2488 = VECTOR('',#2489,1.);
#2489 = DIRECTION('',(0.,0.,1.));
#2490 = PCURVE('',#1327,#2491);
#2491 = DEFINITIONAL_REPRESENTATION('',(#2492),#2496);
#2492 = LINE('',#2493,#2494);
#2493 = CARTESIAN_POINT('',(0.,0.));
#2494 = VECTOR('',#2495,1.);
#2495 = DIRECTION('',(1.,0.));
#2496 = ( GEOMETRIC_REPRESENTATION_CONTEXT(2) 
PARAMETRIC_REPRESENTATION_CONTEXT() REPRESENTATION_CONTEXT('2D SPACE',''
  ) );
#2497 = PCURVE('',#1359,#2498);
#2498 = DEFINITIONAL_REPRESENTATION('',(#2499),#2503);
#2499 = LINE('',#2500,#2501);
#2500 = CARTESIAN_POINT('',(-4.712388980385,0.));
#2501 = VECTOR('',#2502,1.);
#2502 = DIRECTION('',(-0.,-1.));
#2503 = ( GEOMETRIC_REPRESENTATION_CONTEXT(2) 
PARAMETRIC_REPRESENTATION_CONTEXT() REPRESENTATION_CONTEXT('2D SPACE',''
  ) );
#2504 = ORIENTED_EDGE('',*,*,#1778,.F.);
#2505 = ADVANCED_FACE('',(#2506),#1534,.F.);
#2506 = FACE_BOUND('',#2507,.T.);
#2507 = EDGE_LOOP('',(#2508,#2528,#2529,#2530));
#2508 = ORIENTED_EDGE('',*,*,#2509,.F.);
#2509 = EDGE_CURVE('',#1490,#1928,#2510,.T.);
#2510 = SURFACE_CURVE('',#2511,(#2515,#2521),.PCURVE_S1.);
#2511 = LINE('',#2512,#2513);
#2512 = CARTESIAN_POINT('',(37.,-20.5,-0.2));
#2513 = VECTOR('',#2514,1.);
#2514 = DIRECTION('',(0.,0.,1.));
#2515 = PCURVE('',#1534,#2516);
#2516 = DEFINITIONAL_REPRESENTATION('',(#2517),#2520);
#2517 = B_SPLINE_CURVE_WITH_KNOTS('',1,(#2518,#2519),.UNSPECIFIED.,.F.,
  .F.,(2,2),(0.,2.8),.PIECEWISE_BEZIER_KNOTS.);
#2518 = CARTESIAN_POINT('',(-6.28318530718,0.));
#2519 = CARTESIAN_POINT('',(-6.28318530718,-2.8));
#2520 = ( GEOMETRIC_REPRESENTATION_CONTEXT(2) 
PARAMETRIC_REPRESENTATION_CONTEXT() REPRESENTATION_CONTEXT('2D SPACE',''
  ) );
#2521 = PCURVE('',#1504,#2522);
#2522 = DEFINITIONAL_REPRESENTATION('',(#2523),#2527);
#2523 = LINE('',#2524,#2525);
#2524 = CARTESIAN_POINT('',(0.,0.));
#2525 = VECTOR('',#2526,1.);
#2526 = DIRECTION('',(1.,0.));
#2527 = ( GEOMETRIC_REPRESENTATION_CONTEXT(2) 
PARAMETRIC_REPRESENTATION_CONTEXT() REPRESENTATION_CONTEXT('2D SPACE',''
  ) );
#2528 = ORIENTED_EDGE('',*,*,#1515,.T.);
#2529 = ORIENTED_EDGE('',*,*,#2462,.T.);
#2530 = ORIENTED_EDGE('',*,*,#1948,.F.);
#2531 = ADVANCED_FACE('',(#2532),#1359,.F.);
#2532 = FACE_BOUND('',#2533,.T.);
#2533 = EDGE_LOOP('',(#2534,#2535,#2556,#2557));
#2534 = ORIENTED_EDGE('',*,*,#1338,.T.);
#2535 = ORIENTED_EDGE('',*,*,#2536,.T.);
#2536 = EDGE_CURVE('',#1339,#1802,#2537,.T.);
#2537 = SURFACE_CURVE('',#2538,(#2542,#2549),.PCURVE_S1.);
#2538 = LINE('',#2539,#2540);
#2539 = CARTESIAN_POINT('',(-37.,-20.5,-0.2));
#2540 = VECTOR('',#2541,1.);
#2541 = DIRECTION('',(0.,0.,1.));
#2542 = PCURVE('',#1359,#2543);
#2543 = DEFINITIONAL_REPRESENTATION('',(#2544),#2548);
#2544 = LINE('',#2545,#2546);
#2545 = CARTESIAN_POINT('',(-3.14159265359,0.));
#2546 = VECTOR('',#2547,1.);
#2547 = DIRECTION('',(-0.,-1.));
#2548 = ( GEOMETRIC_REPRESENTATION_CONTEXT(2) 
PARAMETRIC_REPRESENTATION_CONTEXT() REPRESENTATION_CONTEXT('2D SPACE',''
  ) );
#2549 = PCURVE('',#1386,#2550);
#2550 = DEFINITIONAL_REPRESENTATION('',(#2551),#2555);
#2551 = LINE('',#2552,#2553);
#2552 = CARTESIAN_POINT('',(0.,0.));
#2553 = VECTOR('',#2554,1.);
#2554 = DIRECTION('',(1.,0.));
#2555 = ( GEOMETRIC_REPRESENTATION_CONTEXT(2) 
PARAMETRIC_REPRESENTATION_CONTEXT() REPRESENTATION_CONTEXT('2D SPACE',''
  ) );
#2556 = ORIENTED_EDGE('',*,*,#1801,.F.);
#2557 = ORIENTED_EDGE('',*,*,#2484,.F.);
#2558 = ADVANCED_FACE('',(#2559),#1504,.F.);
#2559 = FACE_BOUND('',#2560,.F.);
#2560 = EDGE_LOOP('',(#2561,#2562,#2563,#2583));
#2561 = ORIENTED_EDGE('',*,*,#2509,.F.);
#2562 = ORIENTED_EDGE('',*,*,#1489,.T.);
#2563 = ORIENTED_EDGE('',*,*,#2564,.T.);
#2564 = EDGE_CURVE('',#1457,#1900,#2565,.T.);
#2565 = SURFACE_CURVE('',#2566,(#2570,#2577),.PCURVE_S1.);
#2566 = LINE('',#2567,#2568);
#2567 = CARTESIAN_POINT('',(37.,20.5,-0.2));
#2568 = VECTOR('',#2569,1.);
#2569 = DIRECTION('',(0.,0.,1.));
#2570 = PCURVE('',#1504,#2571);
#2571 = DEFINITIONAL_REPRESENTATION('',(#2572),#2576);
#2572 = LINE('',#2573,#2574);
#2573 = CARTESIAN_POINT('',(0.,-41.));
#2574 = VECTOR('',#2575,1.);
#2575 = DIRECTION('',(1.,0.));
#2576 = ( GEOMETRIC_REPRESENTATION_CONTEXT(2) 
PARAMETRIC_REPRESENTATION_CONTEXT() REPRESENTATION_CONTEXT('2D SPACE',''
  ) );
#2577 = PCURVE('',#1477,#2578);
#2578 = DEFINITIONAL_REPRESENTATION('',(#2579),#2582);
#2579 = B_SPLINE_CURVE_WITH_KNOTS('',1,(#2580,#2581),.UNSPECIFIED.,.F.,
  .F.,(2,2),(0.,2.8),.PIECEWISE_BEZIER_KNOTS.);
#2580 = CARTESIAN_POINT('',(0.,0.));
#2581 = CARTESIAN_POINT('',(0.,-2.8));
#2582 = ( GEOMETRIC_REPRESENTATION_CONTEXT(2) 
PARAMETRIC_REPRESENTATION_CONTEXT() REPRESENTATION_CONTEXT('2D SPACE',''
  ) );
#2583 = ORIENTED_EDGE('',*,*,#1927,.F.);
#2584 = ADVANCED_FACE('',(#2585),#1386,.T.);
#2585 = FACE_BOUND('',#2586,.T.);
#2586 = EDGE_LOOP('',(#2587,#2588,#2589,#2610));
#2587 = ORIENTED_EDGE('',*,*,#2536,.F.);
#2588 = ORIENTED_EDGE('',*,*,#1371,.T.);
#2589 = ORIENTED_EDGE('',*,*,#2590,.T.);
#2590 = EDGE_CURVE('',#1372,#1830,#2591,.T.);
#2591 = SURFACE_CURVE('',#2592,(#2596,#2603),.PCURVE_S1.);
#2592 = LINE('',#2593,#2594);
#2593 = CARTESIAN_POINT('',(-37.,20.5,-0.2));
#2594 = VECTOR('',#2595,1.);
#2595 = DIRECTION('',(0.,0.,1.));
#2596 = PCURVE('',#1386,#2597);
#2597 = DEFINITIONAL_REPRESENTATION('',(#2598),#2602);
#2598 = LINE('',#2599,#2600);
#2599 = CARTESIAN_POINT('',(0.,-41.));
#2600 = VECTOR('',#2601,1.);
#2601 = DIRECTION('',(1.,0.));
#2602 = ( GEOMETRIC_REPRESENTATION_CONTEXT(2) 
PARAMETRIC_REPRESENTATION_CONTEXT() REPRESENTATION_CONTEXT('2D SPACE',''
  ) );
#2603 = PCURVE('',#1418,#2604);
#2604 = DEFINITIONAL_REPRESENTATION('',(#2605),#2609);
#2605 = LINE('',#2606,#2607);
#2606 = CARTESIAN_POINT('',(-3.14159265359,0.));
#2607 = VECTOR('',#2608,1.);
#2608 = DIRECTION('',(-0.,-1.));
#2609 = ( GEOMETRIC_REPRESENTATION_CONTEXT(2) 
PARAMETRIC_REPRESENTATION_CONTEXT() REPRESENTATION_CONTEXT('2D SPACE',''
  ) );
#2610 = ORIENTED_EDGE('',*,*,#1829,.F.);
#2611 = ADVANCED_FACE('',(#2612),#1477,.F.);
#2612 = FACE_BOUND('',#2613,.T.);
#2613 = EDGE_LOOP('',(#2614,#2615,#2616,#2617));
#2614 = ORIENTED_EDGE('',*,*,#1456,.T.);
#2615 = ORIENTED_EDGE('',*,*,#2564,.T.);
#2616 = ORIENTED_EDGE('',*,*,#1899,.F.);
#2617 = ORIENTED_EDGE('',*,*,#2618,.F.);
#2618 = EDGE_CURVE('',#1431,#1879,#2619,.T.);
#2619 = SURFACE_CURVE('',#2620,(#2624,#2631),.PCURVE_S1.);
#2620 = LINE('',#2621,#2622);
#2621 = CARTESIAN_POINT('',(34.5,23.,-0.2));
#2622 = VECTOR('',#2623,1.);
#2623 = DIRECTION('',(0.,0.,1.));
#2624 = PCURVE('',#1477,#2625);
#2625 = DEFINITIONAL_REPRESENTATION('',(#2626),#2630);
#2626 = LINE('',#2627,#2628);
#2627 = CARTESIAN_POINT('',(-1.570796326795,0.));
#2628 = VECTOR('',#2629,1.);
#2629 = DIRECTION('',(-0.,-1.));
#2630 = ( GEOMETRIC_REPRESENTATION_CONTEXT(2) 
PARAMETRIC_REPRESENTATION_CONTEXT() REPRESENTATION_CONTEXT('2D SPACE',''
  ) );
#2631 = PCURVE('',#1445,#2632);
#2632 = DEFINITIONAL_REPRESENTATION('',(#2633),#2637);
#2633 = LINE('',#2634,#2635);
#2634 = CARTESIAN_POINT('',(0.,69.));
#2635 = VECTOR('',#2636,1.);
#2636 = DIRECTION('',(1.,0.));
#2637 = ( GEOMETRIC_REPRESENTATION_CONTEXT(2) 
PARAMETRIC_REPRESENTATION_CONTEXT() REPRESENTATION_CONTEXT('2D SPACE',''
  ) );
#2638 = ADVANCED_FACE('',(#2639),#1418,.F.);
#2639 = FACE_BOUND('',#2640,.T.);
#2640 = EDGE_LOOP('',(#2641,#2642,#2663,#2664));
#2641 = ORIENTED_EDGE('',*,*,#1397,.T.);
#2642 = ORIENTED_EDGE('',*,*,#2643,.T.);
#2643 = EDGE_CURVE('',#1398,#1851,#2644,.T.);
#2644 = SURFACE_CURVE('',#2645,(#2649,#2656),.PCURVE_S1.);
#2645 = LINE('',#2646,#2647);
#2646 = CARTESIAN_POINT('',(-34.5,23.,-0.2));
#2647 = VECTOR('',#2648,1.);
#2648 = DIRECTION('',(0.,0.,1.));
#2649 = PCURVE('',#1418,#2650);
#2650 = DEFINITIONAL_REPRESENTATION('',(#2651),#2655);
#2651 = LINE('',#2652,#2653);
#2652 = CARTESIAN_POINT('',(-1.570796326795,0.));
#2653 = VECTOR('',#2654,1.);
#2654 = DIRECTION('',(-0.,-1.));
#2655 = ( GEOMETRIC_REPRESENTATION_CONTEXT(2) 
PARAMETRIC_REPRESENTATION_CONTEXT() REPRESENTATION_CONTEXT('2D SPACE',''
  ) );
#2656 = PCURVE('',#1445,#2657);
#2657 = DEFINITIONAL_REPRESENTATION('',(#2658),#2662);
#2658 = LINE('',#2659,#2660);
#2659 = CARTESIAN_POINT('',(0.,0.));
#2660 = VECTOR('',#2661,1.);
#2661 = DIRECTION('',(1.,0.));
#2662 = ( GEOMETRIC_REPRESENTATION_CONTEXT(2) 
PARAMETRIC_REPRESENTATION_CONTEXT() REPRESENTATION_CONTEXT('2D SPACE',''
  ) );
#2663 = ORIENTED_EDGE('',*,*,#1850,.F.);
#2664 = ORIENTED_EDGE('',*,*,#2590,.F.);
#2665 = ADVANCED_FACE('',(#2666),#1445,.F.);
#2666 = FACE_BOUND('',#2667,.F.);
#2667 = EDGE_LOOP('',(#2668,#2669,#2670,#2671));
#2668 = ORIENTED_EDGE('',*,*,#2618,.F.);
#2669 = ORIENTED_EDGE('',*,*,#1430,.T.);
#2670 = ORIENTED_EDGE('',*,*,#2643,.T.);
#2671 = ORIENTED_EDGE('',*,*,#1878,.F.);
#2672 = ADVANCED_FACE('',(#2673),#1569,.F.);
#2673 = FACE_BOUND('',#2674,.T.);
#2674 = EDGE_LOOP('',(#2675,#2676,#2697,#2698));
#2675 = ORIENTED_EDGE('',*,*,#1548,.T.);
#2676 = ORIENTED_EDGE('',*,*,#2677,.T.);
#2677 = EDGE_CURVE('',#1549,#1977,#2678,.T.);
#2678 = SEAM_CURVE('',#2679,(#2683,#2690),.PCURVE_S1.);
#2679 = LINE('',#2680,#2681);
#2680 = CARTESIAN_POINT('',(80.,0.,-0.2));
#2681 = VECTOR('',#2682,1.);
#2682 = DIRECTION('',(0.,0.,1.));
#2683 = PCURVE('',#1569,#2684);
#2684 = DEFINITIONAL_REPRESENTATION('',(#2685),#2689);
#2685 = LINE('',#2686,#2687);
#2686 = CARTESIAN_POINT('',(-6.28318530718,0.));
#2687 = VECTOR('',#2688,1.);
#2688 = DIRECTION('',(-0.,-1.));
#2689 = ( GEOMETRIC_REPRESENTATION_CONTEXT(2) 
PARAMETRIC_REPRESENTATION_CONTEXT() REPRESENTATION_CONTEXT('2D SPACE',''
  ) );
#2690 = PCURVE('',#1569,#2691);
#2691 = DEFINITIONAL_REPRESENTATION('',(#2692),#2696);
#2692 = LINE('',#2693,#2694);
#2693 = CARTESIAN_POINT('',(-0.,0.));
#2694 = VECTOR('',#2695,1.);
#2695 = DIRECTION('',(-0.,-1.));
#2696 = ( GEOMETRIC_REPRESENTATION_CONTEXT(2) 
PARAMETRIC_REPRESENTATION_CONTEXT() REPRESENTATION_CONTEXT('2D SPACE',''
  ) );
#2697 = ORIENTED_EDGE('',*,*,#1976,.F.);
#2698 = ORIENTED_EDGE('',*,*,#2677,.F.);
#2699 = ADVANCED_FACE('',(#2700),#2064,.F.);
#2700 = FACE_BOUND('',#2701,.T.);
#2701 = EDGE_LOOP('',(#2702,#2731,#2752,#2753));
#2702 = ORIENTED_EDGE('',*,*,#2703,.F.);
#2703 = EDGE_CURVE('',#2704,#2704,#2706,.T.);
#2704 = VERTEX_POINT('',#2705);
#2705 = CARTESIAN_POINT('',(-46.15,33.,3.));
#2706 = SURFACE_CURVE('',#2707,(#2712,#2719),.PCURVE_S1.);
#2707 = CIRCLE('',#2708,0.85);
#2708 = AXIS2_PLACEMENT_3D('',#2709,#2710,#2711);
#2709 = CARTESIAN_POINT('',(-47.,33.,3.));
#2710 = DIRECTION('',(0.,0.,1.));
#2711 = DIRECTION('',(1.,0.,0.));
#2712 = PCURVE('',#2064,#2713);
#2713 = DEFINITIONAL_REPRESENTATION('',(#2714),#2718);
#2714 = LINE('',#2715,#2716);
#2715 = CARTESIAN_POINT('',(-0.,0.));
#2716 = VECTOR('',#2717,1.);
#2717 = DIRECTION('',(-1.,0.));
#2718 = ( GEOMETRIC_REPRESENTATION_CONTEXT(2) 
PARAMETRIC_REPRESENTATION_CONTEXT() REPRESENTATION_CONTEXT('2D SPACE',''
  ) );
#2719 = PCURVE('',#2720,#2725);
#2720 = PLANE('',#2721);
#2721 = AXIS2_PLACEMENT_3D('',#2722,#2723,#2724);
#2722 = CARTESIAN_POINT('',(-84.,6.584874259323E-17,3.));
#2723 = DIRECTION('',(0.,0.,1.));
#2724 = DIRECTION('',(1.,0.,-0.));
#2725 = DEFINITIONAL_REPRESENTATION('',(#2726),#2730);
#2726 = CIRCLE('',#2727,0.85);
#2727 = AXIS2_PLACEMENT_2D('',#2728,#2729);
#2728 = CARTESIAN_POINT('',(37.,33.));
#2729 = DIRECTION('',(1.,0.));
#2730 = ( GEOMETRIC_REPRESENTATION_CONTEXT(2) 
PARAMETRIC_REPRESENTATION_CONTEXT() REPRESENTATION_CONTEXT('2D SPACE',''
  ) );
#2731 = ORIENTED_EDGE('',*,*,#2732,.T.);
#2732 = EDGE_CURVE('',#2704,#2044,#2733,.T.);
#2733 = SEAM_CURVE('',#2734,(#2738,#2745),.PCURVE_S1.);
#2734 = LINE('',#2735,#2736);
#2735 = CARTESIAN_POINT('',(-46.15,33.,3.));
#2736 = VECTOR('',#2737,1.);
#2737 = DIRECTION('',(0.,0.,1.));
#2738 = PCURVE('',#2064,#2739);
#2739 = DEFINITIONAL_REPRESENTATION('',(#2740),#2744);
#2740 = LINE('',#2741,#2742);
#2741 = CARTESIAN_POINT('',(-6.28318530718,0.));
#2742 = VECTOR('',#2743,1.);
#2743 = DIRECTION('',(-0.,-1.));
#2744 = ( GEOMETRIC_REPRESENTATION_CONTEXT(2) 
PARAMETRIC_REPRESENTATION_CONTEXT() REPRESENTATION_CONTEXT('2D SPACE',''
  ) );
#2745 = PCURVE('',#2064,#2746);
#2746 = DEFINITIONAL_REPRESENTATION('',(#2747),#2751);
#2747 = LINE('',#2748,#2749);
#2748 = CARTESIAN_POINT('',(-0.,0.));
#2749 = VECTOR('',#2750,1.);
#2750 = DIRECTION('',(-0.,-1.));
#2751 = ( GEOMETRIC_REPRESENTATION_CONTEXT(2) 
PARAMETRIC_REPRESENTATION_CONTEXT() REPRESENTATION_CONTEXT('2D SPACE',''
  ) );
#2752 = ORIENTED_EDGE('',*,*,#2043,.F.);
#2753 = ORIENTED_EDGE('',*,*,#2732,.F.);
#2754 = ADVANCED_FACE('',(#2755),#2136,.F.);
#2755 = FACE_BOUND('',#2756,.T.);
#2756 = EDGE_LOOP('',(#2757,#2786,#2807,#2808));
#2757 = ORIENTED_EDGE('',*,*,#2758,.F.);
#2758 = EDGE_CURVE('',#2759,#2759,#2761,.T.);
#2759 = VERTEX_POINT('',#2760);
#2760 = CARTESIAN_POINT('',(47.85,33.,3.));
#2761 = SURFACE_CURVE('',#2762,(#2767,#2774),.PCURVE_S1.);
#2762 = CIRCLE('',#2763,0.85);
#2763 = AXIS2_PLACEMENT_3D('',#2764,#2765,#2766);
#2764 = CARTESIAN_POINT('',(47.,33.,3.));
#2765 = DIRECTION('',(0.,0.,1.));
#2766 = DIRECTION('',(1.,0.,0.));
#2767 = PCURVE('',#2136,#2768);
#2768 = DEFINITIONAL_REPRESENTATION('',(#2769),#2773);
#2769 = LINE('',#2770,#2771);
#2770 = CARTESIAN_POINT('',(-0.,0.));
#2771 = VECTOR('',#2772,1.);
#2772 = DIRECTION('',(-1.,0.));
#2773 = ( GEOMETRIC_REPRESENTATION_CONTEXT(2) 
PARAMETRIC_REPRESENTATION_CONTEXT() REPRESENTATION_CONTEXT('2D SPACE',''
  ) );
#2774 = PCURVE('',#2775,#2780);
#2775 = PLANE('',#2776);
#2776 = AXIS2_PLACEMENT_3D('',#2777,#2778,#2779);
#2777 = CARTESIAN_POINT('',(-84.,6.584874259323E-17,3.));
#2778 = DIRECTION('',(0.,0.,1.));
#2779 = DIRECTION('',(1.,0.,-0.));
#2780 = DEFINITIONAL_REPRESENTATION('',(#2781),#2785);
#2781 = CIRCLE('',#2782,0.85);
#2782 = AXIS2_PLACEMENT_2D('',#2783,#2784);
#2783 = CARTESIAN_POINT('',(131.,33.));
#2784 = DIRECTION('',(1.,0.));
#2785 = ( GEOMETRIC_REPRESENTATION_CONTEXT(2) 
PARAMETRIC_REPRESENTATION_CONTEXT() REPRESENTATION_CONTEXT('2D SPACE',''
  ) );
#2786 = ORIENTED_EDGE('',*,*,#2787,.T.);
#2787 = EDGE_CURVE('',#2759,#2116,#2788,.T.);
#2788 = SEAM_CURVE('',#2789,(#2793,#2800),.PCURVE_S1.);
#2789 = LINE('',#2790,#2791);
#2790 = CARTESIAN_POINT('',(47.85,33.,3.));
#2791 = VECTOR('',#2792,1.);
#2792 = DIRECTION('',(0.,0.,1.));
#2793 = PCURVE('',#2136,#2794);
#2794 = DEFINITIONAL_REPRESENTATION('',(#2795),#2799);
#2795 = LINE('',#2796,#2797);
#2796 = CARTESIAN_POINT('',(-6.28318530718,0.));
#2797 = VECTOR('',#2798,1.);
#2798 = DIRECTION('',(-0.,-1.));
#2799 = ( GEOMETRIC_REPRESENTATION_CONTEXT(2) 
PARAMETRIC_REPRESENTATION_CONTEXT() REPRESENTATION_CONTEXT('2D SPACE',''
  ) );
#2800 = PCURVE('',#2136,#2801);
#2801 = DEFINITIONAL_REPRESENTATION('',(#2802),#2806);
#2802 = LINE('',#2803,#2804);
#2803 = CARTESIAN_POINT('',(-0.,0.));
#2804 = VECTOR('',#2805,1.);
#2805 = DIRECTION('',(-0.,-1.));
#2806 = ( GEOMETRIC_REPRESENTATION_CONTEXT(2) 
PARAMETRIC_REPRESENTATION_CONTEXT() REPRESENTATION_CONTEXT('2D SPACE',''
  ) );
#2807 = ORIENTED_EDGE('',*,*,#2115,.F.);
#2808 = ORIENTED_EDGE('',*,*,#2787,.F.);
#2809 = ADVANCED_FACE('',(#2810),#2208,.F.);
#2810 = FACE_BOUND('',#2811,.T.);
#2811 = EDGE_LOOP('',(#2812,#2841,#2862,#2863));
#2812 = ORIENTED_EDGE('',*,*,#2813,.F.);
#2813 = EDGE_CURVE('',#2814,#2814,#2816,.T.);
#2814 = VERTEX_POINT('',#2815);
#2815 = CARTESIAN_POINT('',(-83.15,0.,3.));
#2816 = SURFACE_CURVE('',#2817,(#2822,#2829),.PCURVE_S1.);
#2817 = CIRCLE('',#2818,0.85);
#2818 = AXIS2_PLACEMENT_3D('',#2819,#2820,#2821);
#2819 = CARTESIAN_POINT('',(-84.,0.,3.));
#2820 = DIRECTION('',(0.,0.,1.));
#2821 = DIRECTION('',(1.,0.,0.));
#2822 = PCURVE('',#2208,#2823);
#2823 = DEFINITIONAL_REPRESENTATION('',(#2824),#2828);
#2824 = LINE('',#2825,#2826);
#2825 = CARTESIAN_POINT('',(-0.,0.));
#2826 = VECTOR('',#2827,1.);
#2827 = DIRECTION('',(-1.,0.));
#2828 = ( GEOMETRIC_REPRESENTATION_CONTEXT(2) 
PARAMETRIC_REPRESENTATION_CONTEXT() REPRESENTATION_CONTEXT('2D SPACE',''
  ) );
#2829 = PCURVE('',#2830,#2835);
#2830 = PLANE('',#2831);
#2831 = AXIS2_PLACEMENT_3D('',#2832,#2833,#2834);
#2832 = CARTESIAN_POINT('',(-84.,6.584874259323E-17,3.));
#2833 = DIRECTION('',(0.,0.,1.));
#2834 = DIRECTION('',(1.,0.,-0.));
#2835 = DEFINITIONAL_REPRESENTATION('',(#2836),#2840);
#2836 = CIRCLE('',#2837,0.85);
#2837 = AXIS2_PLACEMENT_2D('',#2838,#2839);
#2838 = CARTESIAN_POINT('',(-1.42108547152E-14,-6.584874259323E-17));
#2839 = DIRECTION('',(1.,0.));
#2840 = ( GEOMETRIC_REPRESENTATION_CONTEXT(2) 
PARAMETRIC_REPRESENTATION_CONTEXT() REPRESENTATION_CONTEXT('2D SPACE',''
  ) );
#2841 = ORIENTED_EDGE('',*,*,#2842,.T.);
#2842 = EDGE_CURVE('',#2814,#2188,#2843,.T.);
#2843 = SEAM_CURVE('',#2844,(#2848,#2855),.PCURVE_S1.);
#2844 = LINE('',#2845,#2846);
#2845 = CARTESIAN_POINT('',(-83.15,0.,3.));
#2846 = VECTOR('',#2847,1.);
#2847 = DIRECTION('',(0.,0.,1.));
#2848 = PCURVE('',#2208,#2849);
#2849 = DEFINITIONAL_REPRESENTATION('',(#2850),#2854);
#2850 = LINE('',#2851,#2852);
#2851 = CARTESIAN_POINT('',(-6.28318530718,0.));
#2852 = VECTOR('',#2853,1.);
#2853 = DIRECTION('',(-0.,-1.));
#2854 = ( GEOMETRIC_REPRESENTATION_CONTEXT(2) 
PARAMETRIC_REPRESENTATION_CONTEXT() REPRESENTATION_CONTEXT('2D SPACE',''
  ) );
#2855 = PCURVE('',#2208,#2856);
#2856 = DEFINITIONAL_REPRESENTATION('',(#2857),#2861);
#2857 = LINE('',#2858,#2859);
#2858 = CARTESIAN_POINT('',(-0.,0.));
#2859 = VECTOR('',#2860,1.);
#2860 = DIRECTION('',(-0.,-1.));
#2861 = ( GEOMETRIC_REPRESENTATION_CONTEXT(2) 
PARAMETRIC_REPRESENTATION_CONTEXT() REPRESENTATION_CONTEXT('2D SPACE',''
  ) );
#2862 = ORIENTED_EDGE('',*,*,#2187,.F.);
#2863 = ORIENTED_EDGE('',*,*,#2842,.F.);
#2864 = ADVANCED_FACE('',(#2865),#2280,.F.);
#2865 = FACE_BOUND('',#2866,.T.);
#2866 = EDGE_LOOP('',(#2867,#2896,#2917,#2918));
#2867 = ORIENTED_EDGE('',*,*,#2868,.F.);
#2868 = EDGE_CURVE('',#2869,#2869,#2871,.T.);
#2869 = VERTEX_POINT('',#2870);
#2870 = CARTESIAN_POINT('',(-46.15,-33.,3.));
#2871 = SURFACE_CURVE('',#2872,(#2877,#2884),.PCURVE_S1.);
#2872 = CIRCLE('',#2873,0.85);
#2873 = AXIS2_PLACEMENT_3D('',#2874,#2875,#2876);
#2874 = CARTESIAN_POINT('',(-47.,-33.,3.));
#2875 = DIRECTION('',(0.,0.,1.));
#2876 = DIRECTION('',(1.,0.,0.));
#2877 = PCURVE('',#2280,#2878);
#2878 = DEFINITIONAL_REPRESENTATION('',(#2879),#2883);
#2879 = LINE('',#2880,#2881);
#2880 = CARTESIAN_POINT('',(-0.,0.));
#2881 = VECTOR('',#2882,1.);
#2882 = DIRECTION('',(-1.,0.));
#2883 = ( GEOMETRIC_REPRESENTATION_CONTEXT(2) 
PARAMETRIC_REPRESENTATION_CONTEXT() REPRESENTATION_CONTEXT('2D SPACE',''
  ) );
#2884 = PCURVE('',#2885,#2890);
#2885 = PLANE('',#2886);
#2886 = AXIS2_PLACEMENT_3D('',#2887,#2888,#2889);
#2887 = CARTESIAN_POINT('',(-84.,6.584874259323E-17,3.));
#2888 = DIRECTION('',(0.,0.,1.));
#2889 = DIRECTION('',(1.,0.,-0.));
#2890 = DEFINITIONAL_REPRESENTATION('',(#2891),#2895);
#2891 = CIRCLE('',#2892,0.85);
#2892 = AXIS2_PLACEMENT_2D('',#2893,#2894);
#2893 = CARTESIAN_POINT('',(37.,-33.));
#2894 = DIRECTION('',(1.,0.));
#2895 = ( GEOMETRIC_REPRESENTATION_CONTEXT(2) 
PARAMETRIC_REPRESENTATION_CONTEXT() REPRESENTATION_CONTEXT('2D SPACE',''
  ) );
#2896 = ORIENTED_EDGE('',*,*,#2897,.T.);
#2897 = EDGE_CURVE('',#2869,#2260,#2898,.T.);
#2898 = SEAM_CURVE('',#2899,(#2903,#2910),.PCURVE_S1.);
#2899 = LINE('',#2900,#2901);
#2900 = CARTESIAN_POINT('',(-46.15,-33.,3.));
#2901 = VECTOR('',#2902,1.);
#2902 = DIRECTION('',(0.,0.,1.));
#2903 = PCURVE('',#2280,#2904);
#2904 = DEFINITIONAL_REPRESENTATION('',(#2905),#2909);
#2905 = LINE('',#2906,#2907);
#2906 = CARTESIAN_POINT('',(-6.28318530718,0.));
#2907 = VECTOR('',#2908,1.);
#2908 = DIRECTION('',(-0.,-1.));
#2909 = ( GEOMETRIC_REPRESENTATION_CONTEXT(2) 
PARAMETRIC_REPRESENTATION_CONTEXT() REPRESENTATION_CONTEXT('2D SPACE',''
  ) );
#2910 = PCURVE('',#2280,#2911);
#2911 = DEFINITIONAL_REPRESENTATION('',(#2912),#2916);
#2912 = LINE('',#2913,#2914);
#2913 = CARTESIAN_POINT('',(-0.,0.));
#2914 = VECTOR('',#2915,1.);
#2915 = DIRECTION('',(-0.,-1.));
#2916 = ( GEOMETRIC_REPRESENTATION_CONTEXT(2) 
PARAMETRIC_REPRESENTATION_CONTEXT() REPRESENTATION_CONTEXT('2D SPACE',''
  ) );
#2917 = ORIENTED_EDGE('',*,*,#2259,.F.);
#2918 = ORIENTED_EDGE('',*,*,#2897,.F.);
#2919 = ADVANCED_FACE('',(#2920),#2352,.F.);
#2920 = FACE_BOUND('',#2921,.T.);
#2921 = EDGE_LOOP('',(#2922,#2951,#2972,#2973));
#2922 = ORIENTED_EDGE('',*,*,#2923,.F.);
#2923 = EDGE_CURVE('',#2924,#2924,#2926,.T.);
#2924 = VERTEX_POINT('',#2925);
#2925 = CARTESIAN_POINT('',(47.85,-33.,3.));
#2926 = SURFACE_CURVE('',#2927,(#2932,#2939),.PCURVE_S1.);
#2927 = CIRCLE('',#2928,0.85);
#2928 = AXIS2_PLACEMENT_3D('',#2929,#2930,#2931);
#2929 = CARTESIAN_POINT('',(47.,-33.,3.));
#2930 = DIRECTION('',(0.,0.,1.));
#2931 = DIRECTION('',(1.,0.,0.));
#2932 = PCURVE('',#2352,#2933);
#2933 = DEFINITIONAL_REPRESENTATION('',(#2934),#2938);
#2934 = LINE('',#2935,#2936);
#2935 = CARTESIAN_POINT('',(-0.,0.));
#2936 = VECTOR('',#2937,1.);
#2937 = DIRECTION('',(-1.,0.));
#2938 = ( GEOMETRIC_REPRESENTATION_CONTEXT(2) 
PARAMETRIC_REPRESENTATION_CONTEXT() REPRESENTATION_CONTEXT('2D SPACE',''
  ) );
#2939 = PCURVE('',#2940,#2945);
#2940 = PLANE('',#2941);
#2941 = AXIS2_PLACEMENT_3D('',#2942,#2943,#2944);
#2942 = CARTESIAN_POINT('',(-84.,6.584874259323E-17,3.));
#2943 = DIRECTION('',(0.,0.,1.));
#2944 = DIRECTION('',(1.,0.,-0.));
#2945 = DEFINITIONAL_REPRESENTATION('',(#2946),#2950);
#2946 = CIRCLE('',#2947,0.85);
#2947 = AXIS2_PLACEMENT_2D('',#2948,#2949);
#2948 = CARTESIAN_POINT('',(131.,-33.));
#2949 = DIRECTION('',(1.,0.));
#2950 = ( GEOMETRIC_REPRESENTATION_CONTEXT(2) 
PARAMETRIC_REPRESENTATION_CONTEXT() REPRESENTATION_CONTEXT('2D SPACE',''
  ) );
#2951 = ORIENTED_EDGE('',*,*,#2952,.T.);
#2952 = EDGE_CURVE('',#2924,#2332,#2953,.T.);
#2953 = SEAM_CURVE('',#2954,(#2958,#2965),.PCURVE_S1.);
#2954 = LINE('',#2955,#2956);
#2955 = CARTESIAN_POINT('',(47.85,-33.,3.));
#2956 = VECTOR('',#2957,1.);
#2957 = DIRECTION('',(0.,0.,1.));
#2958 = PCURVE('',#2352,#2959);
#2959 = DEFINITIONAL_REPRESENTATION('',(#2960),#2964);
#2960 = LINE('',#2961,#2962);
#2961 = CARTESIAN_POINT('',(-6.28318530718,0.));
#2962 = VECTOR('',#2963,1.);
#2963 = DIRECTION('',(-0.,-1.));
#2964 = ( GEOMETRIC_REPRESENTATION_CONTEXT(2) 
PARAMETRIC_REPRESENTATION_CONTEXT() REPRESENTATION_CONTEXT('2D SPACE',''
  ) );
#2965 = PCURVE('',#2352,#2966);
#2966 = DEFINITIONAL_REPRESENTATION('',(#2967),#2971);
#2967 = LINE('',#2968,#2969);
#2968 = CARTESIAN_POINT('',(-0.,0.));
#2969 = VECTOR('',#2970,1.);
#2970 = DIRECTION('',(-0.,-1.));
#2971 = ( GEOMETRIC_REPRESENTATION_CONTEXT(2) 
PARAMETRIC_REPRESENTATION_CONTEXT() REPRESENTATION_CONTEXT('2D SPACE',''
  ) );
#2972 = ORIENTED_EDGE('',*,*,#2331,.F.);
#2973 = ORIENTED_EDGE('',*,*,#2952,.F.);
#2974 = ADVANCED_FACE('',(#2975),#2420,.F.);
#2975 = FACE_BOUND('',#2976,.T.);
#2976 = EDGE_LOOP('',(#2977,#3006,#3027,#3028));
#2977 = ORIENTED_EDGE('',*,*,#2978,.F.);
#2978 = EDGE_CURVE('',#2979,#2979,#2981,.T.);
#2979 = VERTEX_POINT('',#2980);
#2980 = CARTESIAN_POINT('',(84.85,0.,3.));
#2981 = SURFACE_CURVE('',#2982,(#2987,#2994),.PCURVE_S1.);
#2982 = CIRCLE('',#2983,0.85);
#2983 = AXIS2_PLACEMENT_3D('',#2984,#2985,#2986);
#2984 = CARTESIAN_POINT('',(84.,0.,3.));
#2985 = DIRECTION('',(0.,0.,1.));
#2986 = DIRECTION('',(1.,0.,0.));
#2987 = PCURVE('',#2420,#2988);
#2988 = DEFINITIONAL_REPRESENTATION('',(#2989),#2993);
#2989 = LINE('',#2990,#2991);
#2990 = CARTESIAN_POINT('',(-0.,0.));
#2991 = VECTOR('',#2992,1.);
#2992 = DIRECTION('',(-1.,0.));
#2993 = ( GEOMETRIC_REPRESENTATION_CONTEXT(2) 
PARAMETRIC_REPRESENTATION_CONTEXT() REPRESENTATION_CONTEXT('2D SPACE',''
  ) );
#2994 = PCURVE('',#2995,#3000);
#2995 = PLANE('',#2996);
#2996 = AXIS2_PLACEMENT_3D('',#2997,#2998,#2999);
#2997 = CARTESIAN_POINT('',(-84.,6.584874259323E-17,3.));
#2998 = DIRECTION('',(0.,0.,1.));
#2999 = DIRECTION('',(1.,0.,-0.));
#3000 = DEFINITIONAL_REPRESENTATION('',(#3001),#3005);
#3001 = CIRCLE('',#3002,0.85);
#3002 = AXIS2_PLACEMENT_2D('',#3003,#3004);
#3003 = CARTESIAN_POINT('',(168.,-6.584874259323E-17));
#3004 = DIRECTION('',(1.,0.));
#3005 = ( GEOMETRIC_REPRESENTATION_CONTEXT(2) 
PARAMETRIC_REPRESENTATION_CONTEXT() REPRESENTATION_CONTEXT('2D SPACE',''
  ) );
#3006 = ORIENTED_EDGE('',*,*,#3007,.T.);
#3007 = EDGE_CURVE('',#2979,#2400,#3008,.T.);
#3008 = SEAM_CURVE('',#3009,(#3013,#3020),.PCURVE_S1.);
#3009 = LINE('',#3010,#3011);
#3010 = CARTESIAN_POINT('',(84.85,0.,3.));
#3011 = VECTOR('',#3012,1.);
#3012 = DIRECTION('',(0.,0.,1.));
#3013 = PCURVE('',#2420,#3014);
#3014 = DEFINITIONAL_REPRESENTATION('',(#3015),#3019);
#3015 = LINE('',#3016,#3017);
#3016 = CARTESIAN_POINT('',(-6.28318530718,0.));
#3017 = VECTOR('',#3018,1.);
#3018 = DIRECTION('',(-0.,-1.));
#3019 = ( GEOMETRIC_REPRESENTATION_CONTEXT(2) 
PARAMETRIC_REPRESENTATION_CONTEXT() REPRESENTATION_CONTEXT('2D SPACE',''
  ) );
#3020 = PCURVE('',#2420,#3021);
#3021 = DEFINITIONAL_REPRESENTATION('',(#3022),#3026);
#3022 = LINE('',#3023,#3024);
#3023 = CARTESIAN_POINT('',(-0.,0.));
#3024 = VECTOR('',#3025,1.);
#3025 = DIRECTION('',(-0.,-1.));
#3026 = ( GEOMETRIC_REPRESENTATION_CONTEXT(2) 
PARAMETRIC_REPRESENTATION_CONTEXT() REPRESENTATION_CONTEXT('2D SPACE',''
  ) );
#3027 = ORIENTED_EDGE('',*,*,#2399,.F.);
#3028 = ORIENTED_EDGE('',*,*,#3007,.F.);
#3029 = ADVANCED_FACE('',(#3030),#2720,.T.);
#3030 = FACE_BOUND('',#3031,.T.);
#3031 = EDGE_LOOP('',(#3032));
#3032 = ORIENTED_EDGE('',*,*,#2703,.T.);
#3033 = ADVANCED_FACE('',(#3034),#2775,.T.);
#3034 = FACE_BOUND('',#3035,.T.);
#3035 = EDGE_LOOP('',(#3036));
#3036 = ORIENTED_EDGE('',*,*,#2758,.T.);
#3037 = ADVANCED_FACE('',(#3038),#2830,.T.);
#3038 = FACE_BOUND('',#3039,.T.);
#3039 = EDGE_LOOP('',(#3040));
#3040 = ORIENTED_EDGE('',*,*,#2813,.T.);
#3041 = ADVANCED_FACE('',(#3042),#2885,.T.);
#3042 = FACE_BOUND('',#3043,.T.);
#3043 = EDGE_LOOP('',(#3044));
#3044 = ORIENTED_EDGE('',*,*,#2868,.T.);
#3045 = ADVANCED_FACE('',(#3046),#2940,.T.);
#3046 = FACE_BOUND('',#3047,.T.);
#3047 = EDGE_LOOP('',(#3048));
#3048 = ORIENTED_EDGE('',*,*,#2923,.T.);
#3049 = ADVANCED_FACE('',(#3050),#2995,.T.);
#3050 = FACE_BOUND('',#3051,.T.);
#3051 = EDGE_LOOP('',(#3052));
#3052 = ORIENTED_EDGE('',*,*,#2978,.T.);
#3053 = ( GEOMETRIC_REPRESENTATION_CONTEXT(3) 
GLOBAL_UNCERTAINTY_ASSIGNED_CONTEXT((#3057)) 
GLOBAL_UNIT_ASSIGNED_CONTEXT((#3054,#3055,#3056)) REPRESENTATION_CONTEXT
('Context #1','3D Context with UNIT and UNCERTAINTY') );
#3054 = ( LENGTH_UNIT() NAMED_UNIT(*) SI_UNIT(.MILLI.,.METRE.) );
#3055 = ( NAMED_UNIT(*) PLANE_ANGLE_UNIT() SI_UNIT($,.RADIAN.) );
#3056 = ( NAMED_UNIT(*) SI_UNIT($,.STERADIAN.) SOLID_ANGLE_UNIT() );
#3057 = UNCERTAINTY_MEASURE_WITH_UNIT(LENGTH_MEASURE(1.E-07),#3054,
  'distance_accuracy_value','confusion accuracy');
#3058 = PRODUCT_RELATED_PRODUCT_CATEGORY('part',$,(#7));
#3059 = SHAPE_ASPECT('width','',#4,.T.);
#3060 = GEOMETRIC_ITEM_SPECIFIC_USAGE('width','',#3059,#10,#15);
#3061 = SHAPE_ASPECT('width','',#4,.T.);
#3062 = GEOMETRIC_ITEM_SPECIFIC_USAGE('width','',#3061,#10,#15);
#3063 = GEOMETRIC_ITEM_SPECIFIC_USAGE('','',#3064,#3279,#3065);
#3064 = DERIVED_SHAPE_ASPECT('','',#4,.F.);
#3065 = CARTESIAN_POINT('',(-90.,-39.,8.));
#3066 = SHAPE_ASPECT_DERIVING_RELATIONSHIP('',$,#3064,#3059);
#3067 = GEOMETRIC_ITEM_SPECIFIC_USAGE('','',#3068,#3279,#3069);
#3068 = DERIVED_SHAPE_ASPECT('','',#4,.F.);
#3069 = CARTESIAN_POINT('',(90.,-39.,8.));
#3070 = SHAPE_ASPECT_DERIVING_RELATIONSHIP('',$,#3068,#3061);
#3071 = ( LENGTH_MEASURE_WITH_UNIT() MEASURE_REPRESENTATION_ITEM() 
MEASURE_WITH_UNIT(POSITIVE_LENGTH_MEASURE(180.),#3054) 
REPRESENTATION_ITEM('nominal value') );
#3072 = SHAPE_DIMENSION_REPRESENTATION('',(#3071),#3053);
#3073 = DIMENSIONAL_CHARACTERISTIC_REPRESENTATION(#3074,#3072);
#3074 = DIMENSIONAL_LOCATION('linear distance outer outer',$,#3064,#3068
  );
#3075 = DRAUGHTING_MODEL_ITEM_ASSOCIATION(
  'PMI representation to presentation link','',#3074,#3280,#3076);
#3076 = DRAUGHTING_CALLOUT('180 mm - Overall width',(#3077));
#3077 = TESSELLATED_ANNOTATION_OCCURRENCE('',(#3078),#3087);
#3078 = PRESENTATION_STYLE_ASSIGNMENT((#3079,#3085));
#3079 = SURFACE_STYLE_USAGE(.BOTH.,#3080);
#3080 = SURFACE_SIDE_STYLE('',(#3081));
#3081 = SURFACE_STYLE_FILL_AREA(#3082);
#3082 = FILL_AREA_STYLE('',(#3083));
#3083 = FILL_AREA_STYLE_COLOUR('',#3084);
#3084 = DRAUGHTING_PRE_DEFINED_COLOUR('white');
#3085 = CURVE_STYLE('',#3086,POSITIVE_LENGTH_MEASURE(0.1),#3084);
#3086 = DRAUGHTING_PRE_DEFINED_CURVE_FONT('continuous');
#3087 = TESSELLATED_GEOMETRIC_SET('',(#3088));
#3088 = TESSELLATED_CURVE_SET('',#3089,((1,2),(3,4),(5,6),(7,8),(9,10),(
      11,12),(13,14),(15,16),(17,18),(19,20),(21,22),(23,24),(25,26),(27
      ,28),(29,30),(31,32),(33,34),(35,36),(37,38),(39,40),(41,42),(43,
      44,45),(46,47,48),(49,50),(51,52),(53,54,55),(56,57,58),(59,60),(
      61,62),(63,64),(65,66),(67,68),(69,70),(71,72,73),(74,75,76),(77,
      78),(79,80),(81,82,83),(84,85,86),(87,88),(89,90),(91,92),(93,94),
    (95,96),(97,98),(99,100),(101,102,103),(104,105,106),(107,108),(109,
      110,111),(112,113,114),(115,116),(117,118),(119,120),(121,122),(
      123,124,125),(126,127,128),(129,130),(131,132,133),(134,135,136),(
      137,138),(139,140),(141,142),(143,144,145),(146,147,148),(149,150)
    ,(151,152),(153,154,155),(156,157,158),(159,160),(161,162),(163,164,
      165),(166,167,168),(169,170),(171,172),(173,174,175),(176,177,178)
    ,(179,180),(181,182),(183,184,185),(186,187,188),(189,190),(191,192)
    ,(193,194,195),(196,197,198),(199,200),(201,202),(203,204,205),(206,
      207,208),(209,210),(211,212),(213,214,215),(216,217,218),(219,220)
    ,(221,222),(223,224,225),(226,227,228),(229,230),(231,232),(233,234,
      235),(236,237,238),(239,240),(241,242),(243,244,245),(246,247,248)
    ,(249,250),(251,252),(253,254,255),(256,257,258),(259,260),(261,262)
    ,(263,264,265),(266,267,268),(269,270),(271,272),(273,274,275),(276,
      277,278),(279,280),(281,282),(283,284,285),(286,287,288),(289,290)
    ,(291,292),(293,294,295),(296,297,298),(299,300),(301,302),(303,304,
      305),(306,307,308),(309,310),(311,312),(313,314,315),(316,317,318)
    ,(319,320),(321,322),(323,324,325),(326,327,328),(329,330),(331,332)
    ,(333,334,335),(336,337,338),(339,340),(341,342),(343,344,345),(346,
      347,348),(349,350),(351,352),(353,354,355),(356,357,358),(359,360)
    ,(361,362),(363,364,365),(366,367,368),(369,370),(371,372),(373,374,
      375),(376,377,378),(379,380),(381,382),(383,384,385),(386,387,388)
    ,(389,390),(391,392),(393,394,395),(396,397,398),(399,400),(401,402)
    ,(403,404,405),(406,407,408),(409,410),(411,412),(413,414,415),(416,
      417,418),(419,420),(421,422),(423,424,425),(426,427,428),(429,430)
    ,(431,432),(433,434,435),(436,437,438),(439,440),(441,442),(443,444,
      445),(446,447,448),(449,450),(451,452),(453,454,455),(456,457,458)
    ,(459,460),(461,462),(463,464,465),(466,467,468),(469,470,471),(472,
      473,474),(475,476,477),(478,479,480),(481,482,483),(484,485,486),(
      487,488,489),(490,491,492),(493,494,495),(496,497,498),(499,500,
      501),(502,503,504),(505,506,507),(508,509,510),(511,512,513),(514,
      515,516),(517,518,519),(520,521,522),(523,524,525),(526,527,528),(
      529,530,531),(532,533,534),(535,536,537),(538,539,540),(541,542,
      543),(544,545,546),(547,548,549),(550,551,552),(553,554,555),(556,
      557,558),(559,560,561),(562,563,564),(565,566,567),(568,569,570),(
      571,572,573),(574,575,576),(577,578,579),(580,581,582),(583,584,
      585),(586,587,588),(589,590,591),(592,593,594),(595,596,597),(598,
      599,600),(601,602,603),(604,605,606),(607,608,609),(610,611,612),(
      613,614,615),(616,617,618),(619,620,621),(622,623,624),(625,626,
      627),(628,629,630),(631,632,633),(634,635,636),(637,638,639),(640,
      641,642),(643,644,645),(646,647,648),(649,650,651),(652,653,654),(
      655,656,657),(658,659,660),(661,662,663),(664,665,666),(667,668),(
      669,670),(671,672,673),(674,675,676),(677,678),(679,680),(681,682,
      683),(684,685,686),(687,688),(689,690),(691,692,693),(694,695,696)
    ,(697,698),(699,700),(701,702,703),(704,705,706),(707,708),(709,710)
    ,(711,712,713),(714,715,716),(717,718),(719,720),(721,722,723),(724,
      725,726),(727,728),(729,730),(731,732,733),(734,735,736),(737,738)
    ,(739,740),(741,742,743),(744,745,746),(747,748),(749,750),(751,752,
      753),(754,755,756),(757,758),(759,760),(761,762,763),(764,765,766)
    ,(767,768),(769,770),(771,772,773),(774,775,776),(777,778),(779,780)
    ,(781,782,783),(784,785,786),(787,788),(789,790),(791,792,793),(794,
      795,796),(797,798),(799,800),(801,802,803),(804,805,806),(807,808)
    ,(809,810),(811,812,813),(814,815,816),(817,818),(819,820),(821,822,
      823),(824,825,826),(827,828),(829,830),(831,832,833),(834,835,836)
    ,(837,838),(839,840),(841,842,843),(844,845,846),(847,848),(849,850)
    ,(851,852,853),(854,855,856),(857,858),(859,860),(861,862,863),(864,
      865,866),(867,868,869),(870,871,872),(873,874,875),(876,877,878),(
      879,880,881),(882,883,884),(885,886,887),(888,889,890),(891,892,
      893),(894,895,896),(897,898,899),(900,901,902),(903,904,905),(906,
      907,908),(909,910,911),(912,913,914),(915,916,917),(918,919,920),(
      921,922,923),(924,925,926),(927,928,929),(930,931,932),(933,934,
      935),(936,937,938),(939,940,941),(942,943,944),(945,946,947),(948,
      949,950),(951,952,953),(954,955,956),(957,958,959),(960,961,962),(
      963,964,965),(966,967,968),(969,970,971),(972,973,974),(975,976,
      977),(978,979,980),(981,982,983),(984,985,986),(987,988),(989,990)
    ,(991,992),(993,994),(995,996),(997,998),(999,1000),(1001,1002),(
      1003,1004),(1005,1006),(1007,1008),(1009,1010),(1011,1012),(1013,
      1014),(1015,1016),(1017,1018),(1019,1020),(1021,1022),(1023,1024,
      1025),(1026,1027,1028),(1029,1030),(1031,1032),(1033,1034,1035),(
      1036,1037,1038),(1039,1040),(1041,1042),(1043,1044,1045),(1046,
      1047,1048),(1049,1050),(1051,1052),(1053,1054,1055),(1056,1057,
      1058),(1059,1060),(1061,1062),(1063,1064,1065),(1066,1067,1068),(
      1069,1070),(1071,1072),(1073,1074,1075),(1076,1077,1078),(1079,
      1080),(1081,1082),(1083,1084,1085),(1086,1087,1088),(1089,1090),(
      1091,1092),(1093,1094),(1095,1096),(1097,1098),(1099,1100),(1101,
      1102),(1103,1104),(1105,1106),(1107,1108),(1109,1110),(1111,1112),
    (1113,1114),(1115,1116),(1117,1118,1119),(1120,1121,1122),(1123,1124
      ),(1125,1126),(1127,1128,1129),(1130,1131,1132),(1133,1134),(1135,
      1136),(1137,1138,1139),(1140,1141,1142),(1143,1144),(1145,1146),(
      1147,1148,1149),(1150,1151,1152),(1153,1154),(1155,1156),(1157,
      1158,1159),(1160,1161,1162),(1163,1164),(1165,1166),(1167,1168),(
      1169,1170),(1171,1172),(1173,1174),(1175,1176),(1177,1178),(1179,
      1180),(1181,1182),(1183,1184),(1185,1186),(1187,1188),(1189,1190),
    (1191,1192,1193),(1194,1195,1196),(1197,1198),(1199,1200),(1201,1202
      ,1203),(1204,1205,1206),(1207,1208),(1209,1210),(1211,1212,1213),(
      1214,1215,1216),(1217,1218),(1219,1220),(1221,1222,1223),(1224,
      1225,1226),(1227,1228),(1229,1230),(1231,1232,1233),(1234,1235,
      1236),(1237,1238),(1239,1240),(1241,1242),(1243,1244),(1245,1246),
    (1247,1248),(1249,1250),(1251,1252),(1253,1254,1255),(1256,1257,1258
      ),(1259,1260,1261),(1262,1263,1264),(1265,1266,1267),(1268,1269,
      1270),(1271,1272,1273),(1274,1275),(1276,1277),(1278,1279),(1280,
      1281,1282),(1283,1284,1285),(1286,1287,1288),(1289,1290,1291),(
      1292,1293,1294),(1295,1296),(1297,1298),(1299,1300),(1301,1302,
      1303),(1304,1305,1306),(1307,1308,1309),(1310,1311,1312),(1313,
      1314,1315),(1316,1317),(1318,1319),(1320,1321),(1322,1323),(1324,
      1325),(1326,1327,1328),(1329,1330,1331),(1332,1333,1334),(1335,
      1336,1337),(1338,1339,1340),(1341,1342,1343),(1344,1345,1346),(
      1347,1348),(1349,1350),(1351,1352),(1353,1354,1355),(1356,1357,
      1358),(1359,1360,1361),(1362,1363,1364),(1365,1366,1367),(1368,
      1369),(1370,1371),(1372,1373),(1374,1375,1376),(1377,1378,1379),(
      1380,1381,1382),(1383,1384,1385),(1386,1387,1388),(1389,1390),(
      1391,1392),(1393,1394),(1395,1396),(1397,1398),(1399,1400),(1401,
      1402),(1403,1404),(1405,1406),(1407,1408),(1409,1410),(1411,1412),
    (1413,1414),(1415,1416),(1417,1418),(1419,1420),(1421,1422),(1423,
      1424),(1425,1426),(1427,1428,1429),(1430,1431,1432),(1433,1434),(
      1435,1436),(1437,1438,1439),(1440,1441,1442),(1443,1444),(1445,
      1446),(1447,1448,1449),(1450,1451,1452),(1453,1454),(1455,1456),(
      1457,1458,1459),(1460,1461,1462),(1463,1464),(1465,1466),(1467,
      1468,1469),(1470,1471,1472),(1473,1474),(1475,1476),(1477,1478,
      1479),(1480,1481,1482),(1483,1484),(1485,1486),(1487,1488,1489),(
      1490,1491,1492),(1493,1494),(1495,1496),(1497,1498),(1499,1500),(
      1501,1502),(1503,1504),(1505,1506),(1507,1508),(1509,1510),(1511,
      1512),(1513,1514),(1515,1516),(1517,1518),(1519,1520),(1521,1522,
      1523),(1524,1525,1526),(1527,1528),(1529,1530),(1531,1532,1533),(
      1534,1535,1536),(1537,1538),(1539,1540),(1541,1542,1543),(1544,
      1545,1546),(1547,1548),(1549,1550),(1551,1552,1553),(1554,1555,
      1556),(1557,1558),(1559,1560),(1561,1562,1563),(1564,1565,1566),(
      1567,1568),(1569,1570),(1571,1572),(1573,1574),(1575,1576),(1577,
      1578),(1579,1580),(1581,1582),(1583,1584),(1585,1586),(1587,1588),
    (1589,1590),(1591,1592),(1593,1594),(1595,1596,1597),(1598,1599,1600
      ),(1601,1602),(1603,1604),(1605,1606,1607),(1608,1609,1610),(1611,
      1612),(1613,1614),(1615,1616,1617),(1618,1619,1620),(1621,1622),(
      1623,1624),(1625,1626,1627),(1628,1629,1630),(1631,1632),(1633,
      1634),(1635,1636,1637),(1638,1639,1640),(1641,1642),(1643,1644),(
      1645,1646),(1647,1648),(1649,1650),(1651,1652),(1653,1654),(1655,
      1656),(1657,1658,1659),(1660,1661,1662),(1663,1664,1665),(1666,
      1667,1668),(1669,1670,1671),(1672,1673,1674),(1675,1676,1677),(
      1678,1679),(1680,1681),(1682,1683),(1684,1685,1686),(1687,1688,
      1689),(1690,1691,1692),(1693,1694,1695),(1696,1697,1698),(1699,
      1700),(1701,1702),(1703,1704),(1705,1706,1707),(1708,1709,1710),(
      1711,1712,1713),(1714,1715,1716),(1717,1718,1719),(1720,1721),(
      1722,1723),(1724,1725),(1726,1727),(1728,1729),(1730,1731,1732),(
      1733,1734,1735),(1736,1737,1738),(1739,1740,1741),(1742,1743,1744)
    ,(1745,1746,1747),(1748,1749,1750),(1751,1752),(1753,1754),(1755,
      1756),(1757,1758,1759),(1760,1761,1762),(1763,1764,1765),(1766,
      1767,1768),(1769,1770,1771),(1772,1773),(1774,1775),(1776,1777),(
      1778,1779,1780),(1781,1782,1783),(1784,1785,1786),(1787,1788,1789)
    ,(1790,1791,1792),(1793,1794)));
#3089 = COORDINATES_LIST('',1794,((-90.,-39.,8.),(-90.,-48.,8.),(90.,
      -39.,8.),(90.,-48.,8.),(-90.,-48.,8.),(90.,-48.,8.),(-90.,-48.,8.)
    ,(-88.,-47.24,8.),(-90.,-48.,8.),(-88.,-48.76,8.),(90.,-48.,8.),(88.
      ,-47.24,8.),(90.,-48.,8.),(88.,-48.76,8.),(-3.15390625,
      -47.14545898437,8.05),(-3.15390625,-47.14545898437,8.07),(
      -3.15390625,-48.72670898437,8.05),(-3.15390625,-48.72670898437,
      8.07),(-3.15390625,-47.14545898437,8.05),(-3.15390625,
      -48.72670898437,8.05),(-3.15390625,-47.14545898437,8.07),(
      -3.15390625,-48.72670898437,8.07),(-3.15390625,-48.72670898437,
      8.05),(-3.15390625,-48.72670898437,8.07),(-3.347265625,
      -48.72670898437,8.05),(-3.347265625,-48.72670898437,8.07),(
      -3.15390625,-48.72670898437,8.05),(-3.347265625,-48.72670898437,
      8.05),(-3.15390625,-48.72670898437,8.07),(-3.347265625,
      -48.72670898437,8.07),(-3.347265625,-48.72670898437,8.05),(
      -3.347265625,-48.72670898437,8.07),(-3.347265625,-47.49458007812,
      8.05),(-3.347265625,-47.49458007812,8.07),(-3.347265625,
      -48.72670898437,8.05),(-3.347265625,-47.49458007812,8.05),(
      -3.347265625,-48.72670898437,8.07),(-3.347265625,-47.49458007812,
      8.07),(-3.347265625,-47.49458007812,8.05),(-3.347265625,
      -47.49458007812,8.07),(-3.530419921875,-47.62778320312,8.05),(
      -3.530419921875,-47.62778320312,8.07),(-3.347265625,
      -47.49458007812,8.05),(-3.41708984375,-47.56118164062,8.05),(
      -3.530419921875,-47.62778320312,8.05),(-3.347265625,
      -47.49458007812,8.07),(-3.41708984375,-47.56118164062,8.07),(
      -3.530419921875,-47.62778320312,8.07),(-3.530419921875,
      -47.62778320312,8.05),(-3.530419921875,-47.62778320312,8.07),(
      -3.733984375,-47.72768554687,8.05),(-3.733984375,-47.72768554687,
      8.07),(-3.530419921875,-47.62778320312,8.05),(-3.64375,
      -47.69438476562,8.05),(-3.733984375,-47.72768554687,8.05),(
      -3.530419921875,-47.62778320312,8.07),(-3.64375,-47.69438476562,
      8.07),(-3.733984375,-47.72768554687,8.07),(-3.733984375,
      -47.72768554687,8.05),(-3.733984375,-47.72768554687,8.07),(
      -3.733984375,-47.54077148437,8.05),(-3.733984375,-47.54077148437,
      8.07),(-3.733984375,-47.72768554687,8.05),(-3.733984375,
      -47.54077148437,8.05),(-3.733984375,-47.72768554687,8.07),(
      -3.733984375,-47.54077148437,8.07),(-3.733984375,-47.54077148437,
      8.05),(-3.733984375,-47.54077148437,8.07),(-3.450390625,
      -47.35600585937,8.05),(-3.450390625,-47.35600585937,8.07),(
      -3.733984375,-47.54077148437,8.05),(-3.57177734375,-47.46450195312
      ,8.05),(-3.450390625,-47.35600585937,8.05),(-3.733984375,
      -47.54077148437,8.07),(-3.57177734375,-47.46450195312,8.07),(
      -3.450390625,-47.35600585937,8.07),(-3.450390625,-47.35600585937,
      8.05),(-3.450390625,-47.35600585937,8.07),(-3.278515625,
      -47.14545898437,8.05),(-3.278515625,-47.14545898437,8.07),(
      -3.450390625,-47.35600585937,8.05),(-3.32900390625,-47.24750976562
      ,8.05),(-3.278515625,-47.14545898437,8.05),(-3.450390625,
      -47.35600585937,8.07),(-3.32900390625,-47.24750976562,8.07),(
      -3.278515625,-47.14545898437,8.07),(-3.278515625,-47.14545898437,
      8.05),(-3.278515625,-47.14545898437,8.07),(-3.15390625,
      -47.14545898437,8.05),(-3.15390625,-47.14545898437,8.07),(
      -3.278515625,-47.14545898437,8.05),(-3.15390625,-47.14545898437,
      8.05),(-3.278515625,-47.14545898437,8.07),(-3.15390625,
      -47.14545898437,8.07),(-3.15390625,-47.14545898437,8.05),(
      -3.15390625,-48.72670898437,8.05),(-3.15390625,-48.72670898437,
      8.05),(-3.347265625,-48.72670898437,8.05),(-3.347265625,
      -48.72670898437,8.05),(-3.347265625,-47.49458007812,8.05),(
      -3.347265625,-47.49458007812,8.05),(-3.41708984375,-47.56118164062
      ,8.05),(-3.530419921875,-47.62778320312,8.05),(-3.530419921875,
      -47.62778320312,8.05),(-3.64375,-47.69438476562,8.05),(
      -3.733984375,-47.72768554687,8.05),(-3.733984375,-47.72768554687,
      8.05),(-3.733984375,-47.54077148437,8.05),(-3.733984375,
      -47.54077148437,8.05),(-3.57177734375,-47.46450195312,8.05),(
      -3.450390625,-47.35600585937,8.05),(-3.450390625,-47.35600585937,
      8.05),(-3.32900390625,-47.24750976562,8.05),(-3.278515625,
      -47.14545898437,8.05),(-3.278515625,-47.14545898437,8.05),(
      -3.15390625,-47.14545898437,8.05),(-3.15390625,-47.14545898437,
      8.07),(-3.15390625,-48.72670898437,8.07),(-3.15390625,
      -48.72670898437,8.07),(-3.347265625,-48.72670898437,8.07),(
      -3.347265625,-48.72670898437,8.07),(-3.347265625,-47.49458007812,
      8.07),(-3.347265625,-47.49458007812,8.07),(-3.41708984375,
      -47.56118164062,8.07),(-3.530419921875,-47.62778320312,8.07),(
      -3.530419921875,-47.62778320312,8.07),(-3.64375,-47.69438476562,
      8.07),(-3.733984375,-47.72768554687,8.07),(-3.733984375,
      -47.72768554687,8.07),(-3.733984375,-47.54077148437,8.07),(
      -3.733984375,-47.54077148437,8.07),(-3.57177734375,-47.46450195312
      ,8.07),(-3.450390625,-47.35600585937,8.07),(-3.450390625,
      -47.35600585937,8.07),(-3.32900390625,-47.24750976562,8.07),(
      -3.278515625,-47.14545898437,8.07),(-3.278515625,-47.14545898437,
      8.07),(-3.15390625,-47.14545898437,8.07),(-2.3611328125,
      -47.87270507812,8.05),(-2.3611328125,-47.87270507812,8.07),(
      -2.539453125,-47.74702148437,8.05),(-2.539453125,-47.74702148437,
      8.07),(-2.3611328125,-47.87270507812,8.05),(-2.4814453125,
      -47.82866210937,8.05),(-2.539453125,-47.74702148437,8.05),(
      -2.3611328125,-47.87270507812,8.07),(-2.4814453125,-47.82866210937
      ,8.07),(-2.539453125,-47.74702148437,8.07),(-2.539453125,
      -47.74702148437,8.05),(-2.539453125,-47.74702148437,8.07),(
      -2.5974609375,-47.55151367187,8.05),(-2.5974609375,-47.55151367187
      ,8.07),(-2.539453125,-47.74702148437,8.05),(-2.5974609375,
      -47.66538085937,8.05),(-2.5974609375,-47.55151367187,8.05),(
      -2.539453125,-47.74702148437,8.07),(-2.5974609375,-47.66538085937,
      8.07),(-2.5974609375,-47.55151367187,8.07),(-2.5974609375,
      -47.55151367187,8.05),(-2.5974609375,-47.55151367187,8.07),(
      -2.47392578125,-47.26254882812,8.05),(-2.47392578125,
      -47.26254882812,8.07),(-2.5974609375,-47.55151367187,8.05),(
      -2.5974609375,-47.37963867187,8.05),(-2.47392578125,
      -47.26254882812,8.05),(-2.5974609375,-47.55151367187,8.07),(
      -2.5974609375,-47.37963867187,8.07),(-2.47392578125,
      -47.26254882812,8.07),(-2.47392578125,-47.26254882812,8.05),(
      -2.47392578125,-47.26254882812,8.07),(-2.14521484375,
      -47.14545898437,8.05),(-2.14521484375,-47.14545898437,8.07),(
      -2.47392578125,-47.26254882812,8.05),(-2.350390625,-47.14545898437
      ,8.05),(-2.14521484375,-47.14545898437,8.05),(-2.47392578125,
      -47.26254882812,8.07),(-2.350390625,-47.14545898437,8.07),(
      -2.14521484375,-47.14545898437,8.07),(-2.14521484375,
      -47.14545898437,8.05),(-2.14521484375,-47.14545898437,8.07),(
      -1.81328125,-47.265234375,8.05),(-1.81328125,-47.265234375,8.07),(
      -2.14521484375,-47.14545898437,8.05),(-1.93896484375,
      -47.14545898437,8.05),(-1.81328125,-47.265234375,8.05),(
      -2.14521484375,-47.14545898437,8.07),(-1.93896484375,
      -47.14545898437,8.07),(-1.81328125,-47.265234375,8.07),(
      -1.81328125,-47.265234375,8.05),(-1.81328125,-47.265234375,8.07),(
      -1.68759765625,-47.55688476562,8.05),(-1.68759765625,
      -47.55688476562,8.07),(-1.81328125,-47.265234375,8.05),(
      -1.68759765625,-47.38500976562,8.05),(-1.68759765625,
      -47.55688476562,8.05),(-1.81328125,-47.265234375,8.07),(
      -1.68759765625,-47.38500976562,8.07),(-1.68759765625,
      -47.55688476562,8.07),(-1.68759765625,-47.55688476562,8.05),(
      -1.68759765625,-47.55688476562,8.07),(-1.745068359375,
      -47.74755859375,8.05),(-1.745068359375,-47.74755859375,8.07),(
      -1.68759765625,-47.55688476562,8.05),(-1.68759765625,
      -47.66645507812,8.05),(-1.745068359375,-47.74755859375,8.05),(
      -1.68759765625,-47.55688476562,8.07),(-1.68759765625,
      -47.66645507812,8.07),(-1.745068359375,-47.74755859375,8.07),(
      -1.745068359375,-47.74755859375,8.05),(-1.745068359375,
      -47.74755859375,8.07),(-1.91962890625,-47.87270507812,8.05),(
      -1.91962890625,-47.87270507812,8.07),(-1.745068359375,
      -47.74755859375,8.05),(-1.8025390625,-47.82866210937,8.05),(
      -1.91962890625,-47.87270507812,8.05),(-1.745068359375,
      -47.74755859375,8.07),(-1.8025390625,-47.82866210937,8.07),(
      -1.91962890625,-47.87270507812,8.07),(-1.91962890625,
      -47.87270507812,8.05),(-1.91962890625,-47.87270507812,8.07),(
      -1.698876953125,-48.02524414062,8.05),(-1.698876953125,
      -48.02524414062,8.07),(-1.91962890625,-47.87270507812,8.05),(
      -1.774609375,-47.91997070312,8.05),(-1.698876953125,
      -48.02524414062,8.05),(-1.91962890625,-47.87270507812,8.07),(
      -1.774609375,-47.91997070312,8.07),(-1.698876953125,
      -48.02524414062,8.07),(-1.698876953125,-48.02524414062,8.05),(
      -1.698876953125,-48.02524414062,8.07),(-1.62314453125,
      -48.27661132812,8.05),(-1.62314453125,-48.27661132812,8.07),(
      -1.698876953125,-48.02524414062,8.05),(-1.62314453125,
      -48.13051757812,8.05),(-1.62314453125,-48.27661132812,8.05),(
      -1.698876953125,-48.02524414062,8.07),(-1.62314453125,
      -48.13051757812,8.07),(-1.62314453125,-48.27661132812,8.07),(
      -1.62314453125,-48.27661132812,8.05),(-1.62314453125,
      -48.27661132812,8.07),(-1.766015625,-48.61606445312,8.05),(
      -1.766015625,-48.61606445312,8.07),(-1.62314453125,-48.27661132812
      ,8.05),(-1.62314453125,-48.47856445312,8.05),(-1.766015625,
      -48.61606445312,8.05),(-1.62314453125,-48.27661132812,8.07),(
      -1.62314453125,-48.47856445312,8.07),(-1.766015625,-48.61606445312
      ,8.07),(-1.766015625,-48.61606445312,8.05),(-1.766015625,
      -48.61606445312,8.07),(-2.1419921875,-48.75356445312,8.05),(
      -2.1419921875,-48.75356445312,8.07),(-1.766015625,-48.61606445312,
      8.05),(-1.90888671875,-48.75356445312,8.05),(-2.1419921875,
      -48.75356445312,8.05),(-1.766015625,-48.61606445312,8.07),(
      -1.90888671875,-48.75356445312,8.07),(-2.1419921875,
      -48.75356445312,8.07),(-2.1419921875,-48.75356445312,8.05),(
      -2.1419921875,-48.75356445312,8.07),(-2.51796875,-48.61552734375,
      8.05),(-2.51796875,-48.61552734375,8.07),(-2.1419921875,
      -48.75356445312,8.05),(-2.37509765625,-48.75356445312,8.05),(
      -2.51796875,-48.61552734375,8.05),(-2.1419921875,-48.75356445312,
      8.07),(-2.37509765625,-48.75356445312,8.07),(-2.51796875,
      -48.61552734375,8.07),(-2.51796875,-48.61552734375,8.05),(
      -2.51796875,-48.61552734375,8.07),(-2.66083984375,-48.27124023437,
      8.05),(-2.66083984375,-48.27124023437,8.07),(-2.51796875,
      -48.61552734375,8.05),(-2.66083984375,-48.47749023437,8.05),(
      -2.66083984375,-48.27124023437,8.05),(-2.51796875,-48.61552734375,
      8.07),(-2.66083984375,-48.47749023437,8.07),(-2.66083984375,
      -48.27124023437,8.07),(-2.66083984375,-48.27124023437,8.05),(
      -2.66083984375,-48.27124023437,8.07),(-2.582958984375,
      -48.01396484375,8.05),(-2.582958984375,-48.01396484375,8.07),(
      -2.66083984375,-48.27124023437,8.05),(-2.66083984375,
      -48.11762695312,8.05),(-2.582958984375,-48.01396484375,8.05),(
      -2.66083984375,-48.27124023437,8.07),(-2.66083984375,
      -48.11762695312,8.07),(-2.582958984375,-48.01396484375,8.07),(
      -2.582958984375,-48.01396484375,8.05),(-2.582958984375,
      -48.01396484375,8.07),(-2.3611328125,-47.87270507812,8.05),(
      -2.3611328125,-47.87270507812,8.07),(-2.582958984375,
      -48.01396484375,8.05),(-2.505078125,-47.91030273437,8.05),(
      -2.3611328125,-47.87270507812,8.05),(-2.582958984375,
      -48.01396484375,8.07),(-2.505078125,-47.91030273437,8.07),(
      -2.3611328125,-47.87270507812,8.07),(-2.3998046875,-47.54506835937
      ,8.05),(-2.3998046875,-47.54506835937,8.07),(-2.32783203125,
      -47.72768554687,8.05),(-2.32783203125,-47.72768554687,8.07),(
      -2.3998046875,-47.54506835937,8.05),(-2.3998046875,-47.65678710937
      ,8.05),(-2.32783203125,-47.72768554687,8.05),(-2.3998046875,
      -47.54506835937,8.07),(-2.3998046875,-47.65678710937,8.07),(
      -2.32783203125,-47.72768554687,8.07),(-2.32783203125,
      -47.72768554687,8.05),(-2.32783203125,-47.72768554687,8.07),(
      -2.14091796875,-47.79858398437,8.05),(-2.14091796875,
      -47.79858398437,8.07),(-2.32783203125,-47.72768554687,8.05),(
      -2.255859375,-47.79858398437,8.05),(-2.14091796875,-47.79858398437
      ,8.05),(-2.32783203125,-47.72768554687,8.07),(-2.255859375,
      -47.79858398437,8.07),(-2.14091796875,-47.79858398437,8.07),(
      -2.14091796875,-47.79858398437,8.05),(-2.14091796875,
      -47.79858398437,8.07),(-1.957763671875,-47.72822265625,8.05),(
      -1.957763671875,-47.72822265625,8.07),(-2.14091796875,
      -47.79858398437,8.05),(-2.02919921875,-47.79858398437,8.05),(
      -1.957763671875,-47.72822265625,8.05),(-2.14091796875,
      -47.79858398437,8.07),(-2.02919921875,-47.79858398437,8.07),(
      -1.957763671875,-47.72822265625,8.07),(-1.957763671875,
      -47.72822265625,8.05),(-1.957763671875,-47.72822265625,8.07),(
      -1.886328125,-47.55581054687,8.05),(-1.886328125,-47.55581054687,
      8.07),(-1.957763671875,-47.72822265625,8.05),(-1.886328125,
      -47.65786132812,8.05),(-1.886328125,-47.55581054687,8.05),(
      -1.957763671875,-47.72822265625,8.07),(-1.886328125,
      -47.65786132812,8.07),(-1.886328125,-47.55581054687,8.07),(
      -1.886328125,-47.55581054687,8.05),(-1.886328125,-47.55581054687,
      8.07),(-1.959912109375,-47.376953125,8.05),(-1.959912109375,
      -47.376953125,8.07),(-1.886328125,-47.55581054687,8.05),(
      -1.886328125,-47.44946289062,8.05),(-1.959912109375,-47.376953125,
      8.05),(-1.886328125,-47.55581054687,8.07),(-1.886328125,
      -47.44946289062,8.07),(-1.959912109375,-47.376953125,8.07),(
      -1.959912109375,-47.376953125,8.05),(-1.959912109375,-47.376953125
      ,8.07),(-2.14306640625,-47.30444335937,8.05),(-2.14306640625,
      -47.30444335937,8.07),(-1.959912109375,-47.376953125,8.05),(
      -2.03349609375,-47.30444335937,8.05),(-2.14306640625,
      -47.30444335937,8.05),(-1.959912109375,-47.376953125,8.07),(
      -2.03349609375,-47.30444335937,8.07),(-2.14306640625,
      -47.30444335937,8.07),(-2.14306640625,-47.30444335937,8.05),(
      -2.14306640625,-47.30444335937,8.07),(-2.3267578125,
      -47.37534179687,8.05),(-2.3267578125,-47.37534179687,8.07),(
      -2.14306640625,-47.30444335937,8.05),(-2.2537109375,
      -47.30444335937,8.05),(-2.3267578125,-47.37534179687,8.05),(
      -2.14306640625,-47.30444335937,8.07),(-2.2537109375,
      -47.30444335937,8.07),(-2.3267578125,-47.37534179687,8.07),(
      -2.3267578125,-47.37534179687,8.05),(-2.3267578125,-47.37534179687
      ,8.07),(-2.3998046875,-47.54506835937,8.05),(-2.3998046875,
      -47.54506835937,8.07),(-2.3267578125,-47.37534179687,8.05),(
      -2.3998046875,-47.44624023437,8.05),(-2.3998046875,-47.54506835937
      ,8.05),(-2.3267578125,-47.37534179687,8.07),(-2.3998046875,
      -47.44624023437,8.07),(-2.3998046875,-47.54506835937,8.07),(
      -2.462109375,-48.27231445312,8.05),(-2.462109375,-48.27231445312,
      8.07),(-2.422900390625,-48.43237304687,8.05),(-2.422900390625,
      -48.43237304687,8.07),(-2.462109375,-48.27231445312,8.05),(
      -2.462109375,-48.35502929687,8.05),(-2.422900390625,
      -48.43237304687,8.05),(-2.462109375,-48.27231445312,8.07),(
      -2.462109375,-48.35502929687,8.07),(-2.422900390625,
      -48.43237304687,8.07),(-2.422900390625,-48.43237304687,8.05),(
      -2.422900390625,-48.43237304687,8.07),(-2.30634765625,
      -48.5521484375,8.05),(-2.30634765625,-48.5521484375,8.07),(
      -2.422900390625,-48.43237304687,8.05),(-2.38369140625,
      -48.50971679687,8.05),(-2.30634765625,-48.5521484375,8.05),(
      -2.422900390625,-48.43237304687,8.07),(-2.38369140625,
      -48.50971679687,8.07),(-2.30634765625,-48.5521484375,8.07),(
      -2.30634765625,-48.5521484375,8.05),(-2.30634765625,-48.5521484375
      ,8.07),(-2.13984375,-48.59458007812,8.05),(-2.13984375,
      -48.59458007812,8.07),(-2.30634765625,-48.5521484375,8.05),(
      -2.22900390625,-48.59458007812,8.05),(-2.13984375,-48.59458007812,
      8.05),(-2.30634765625,-48.5521484375,8.07),(-2.22900390625,
      -48.59458007812,8.07),(-2.13984375,-48.59458007812,8.07),(
      -2.13984375,-48.59458007812,8.05),(-2.13984375,-48.59458007812,
      8.07),(-1.91103515625,-48.50541992187,8.05),(-1.91103515625,
      -48.50541992187,8.07),(-2.13984375,-48.59458007812,8.05),(
      -2.00126953125,-48.59458007812,8.05),(-1.91103515625,
      -48.50541992187,8.05),(-2.13984375,-48.59458007812,8.07),(
      -2.00126953125,-48.59458007812,8.07),(-1.91103515625,
      -48.50541992187,8.07),(-1.91103515625,-48.50541992187,8.05),(
      -1.91103515625,-48.50541992187,8.07),(-1.82080078125,
      -48.27875976562,8.05),(-1.82080078125,-48.27875976562,8.07),(
      -1.91103515625,-48.50541992187,8.05),(-1.82080078125,
      -48.41625976562,8.05),(-1.82080078125,-48.27875976562,8.05),(
      -1.91103515625,-48.50541992187,8.07),(-1.82080078125,
      -48.41625976562,8.07),(-1.82080078125,-48.27875976562,8.07),(
      -1.82080078125,-48.27875976562,8.05),(-1.82080078125,
      -48.27875976562,8.07),(-1.913720703125,-48.04780273437,8.05),(
      -1.913720703125,-48.04780273437,8.07),(-1.82080078125,
      -48.27875976562,8.05),(-1.82080078125,-48.13911132812,8.05),(
      -1.913720703125,-48.04780273437,8.05),(-1.82080078125,
      -48.27875976562,8.07),(-1.82080078125,-48.13911132812,8.07),(
      -1.913720703125,-48.04780273437,8.07),(-1.913720703125,
      -48.04780273437,8.05),(-1.913720703125,-48.04780273437,8.07),(
      -2.1462890625,-47.95649414062,8.05),(-2.1462890625,-47.95649414062
      ,8.07),(-1.913720703125,-48.04780273437,8.05),(-2.006640625,
      -47.95649414062,8.05),(-2.1462890625,-47.95649414062,8.05),(
      -1.913720703125,-48.04780273437,8.07),(-2.006640625,
      -47.95649414062,8.07),(-2.1462890625,-47.95649414062,8.07),(
      -2.1462890625,-47.95649414062,8.05),(-2.1462890625,-47.95649414062
      ,8.07),(-2.372412109375,-48.04672851562,8.05),(-2.372412109375,
      -48.04672851562,8.07),(-2.1462890625,-47.95649414062,8.05),(
      -2.28271484375,-47.95649414062,8.05),(-2.372412109375,
      -48.04672851562,8.05),(-2.1462890625,-47.95649414062,8.07),(
      -2.28271484375,-47.95649414062,8.07),(-2.372412109375,
      -48.04672851562,8.07),(-2.372412109375,-48.04672851562,8.05),(
      -2.372412109375,-48.04672851562,8.07),(-2.462109375,
      -48.27231445312,8.05),(-2.462109375,-48.27231445312,8.07),(
      -2.372412109375,-48.04672851562,8.05),(-2.462109375,
      -48.13696289062,8.05),(-2.462109375,-48.27231445312,8.05),(
      -2.372412109375,-48.04672851562,8.07),(-2.462109375,
      -48.13696289062,8.07),(-2.462109375,-48.27231445312,8.07),(
      -2.3611328125,-47.87270507812,8.05),(-2.4814453125,-47.82866210937
      ,8.05),(-2.539453125,-47.74702148437,8.05),(-2.539453125,
      -47.74702148437,8.05),(-2.5974609375,-47.66538085937,8.05),(
      -2.5974609375,-47.55151367187,8.05),(-2.5974609375,-47.55151367187
      ,8.05),(-2.5974609375,-47.37963867187,8.05),(-2.47392578125,
      -47.26254882812,8.05),(-2.47392578125,-47.26254882812,8.05),(
      -2.350390625,-47.14545898437,8.05),(-2.14521484375,-47.14545898437
      ,8.05),(-2.14521484375,-47.14545898437,8.05),(-1.93896484375,
      -47.14545898437,8.05),(-1.81328125,-47.265234375,8.05),(
      -1.81328125,-47.265234375,8.05),(-1.68759765625,-47.38500976562,
      8.05),(-1.68759765625,-47.55688476562,8.05),(-1.68759765625,
      -47.55688476562,8.05),(-1.68759765625,-47.66645507812,8.05),(
      -1.745068359375,-47.74755859375,8.05),(-1.745068359375,
      -47.74755859375,8.05),(-1.8025390625,-47.82866210937,8.05),(
      -1.91962890625,-47.87270507812,8.05),(-1.91962890625,
      -47.87270507812,8.05),(-1.774609375,-47.91997070312,8.05),(
      -1.698876953125,-48.02524414062,8.05),(-1.698876953125,
      -48.02524414062,8.05),(-1.62314453125,-48.13051757812,8.05),(
      -1.62314453125,-48.27661132812,8.05),(-1.62314453125,
      -48.27661132812,8.05),(-1.62314453125,-48.47856445312,8.05),(
      -1.766015625,-48.61606445312,8.05),(-1.766015625,-48.61606445312,
      8.05),(-1.90888671875,-48.75356445312,8.05),(-2.1419921875,
      -48.75356445312,8.05),(-2.1419921875,-48.75356445312,8.05),(
      -2.37509765625,-48.75356445312,8.05),(-2.51796875,-48.61552734375,
      8.05),(-2.51796875,-48.61552734375,8.05),(-2.66083984375,
      -48.47749023437,8.05),(-2.66083984375,-48.27124023437,8.05),(
      -2.66083984375,-48.27124023437,8.05),(-2.66083984375,
      -48.11762695312,8.05),(-2.582958984375,-48.01396484375,8.05),(
      -2.582958984375,-48.01396484375,8.05),(-2.505078125,
      -47.91030273437,8.05),(-2.3611328125,-47.87270507812,8.05),(
      -2.3998046875,-47.54506835937,8.05),(-2.3998046875,-47.65678710937
      ,8.05),(-2.32783203125,-47.72768554687,8.05),(-2.32783203125,
      -47.72768554687,8.05),(-2.255859375,-47.79858398437,8.05),(
      -2.14091796875,-47.79858398437,8.05),(-2.14091796875,
      -47.79858398437,8.05),(-2.02919921875,-47.79858398437,8.05),(
      -1.957763671875,-47.72822265625,8.05),(-1.957763671875,
      -47.72822265625,8.05),(-1.886328125,-47.65786132812,8.05),(
      -1.886328125,-47.55581054687,8.05),(-1.886328125,-47.55581054687,
      8.05),(-1.886328125,-47.44946289062,8.05),(-1.959912109375,
      -47.376953125,8.05),(-1.959912109375,-47.376953125,8.05),(
      -2.03349609375,-47.30444335937,8.05),(-2.14306640625,
      -47.30444335937,8.05),(-2.14306640625,-47.30444335937,8.05),(
      -2.2537109375,-47.30444335937,8.05),(-2.3267578125,-47.37534179687
      ,8.05),(-2.3267578125,-47.37534179687,8.05),(-2.3998046875,
      -47.44624023437,8.05),(-2.3998046875,-47.54506835937,8.05),(
      -2.462109375,-48.27231445312,8.05),(-2.462109375,-48.35502929687,
      8.05),(-2.422900390625,-48.43237304687,8.05),(-2.422900390625,
      -48.43237304687,8.05),(-2.38369140625,-48.50971679687,8.05),(
      -2.30634765625,-48.5521484375,8.05),(-2.30634765625,-48.5521484375
      ,8.05),(-2.22900390625,-48.59458007812,8.05),(-2.13984375,
      -48.59458007812,8.05),(-2.13984375,-48.59458007812,8.05),(
      -2.00126953125,-48.59458007812,8.05),(-1.91103515625,
      -48.50541992187,8.05),(-1.91103515625,-48.50541992187,8.05),(
      -1.82080078125,-48.41625976562,8.05),(-1.82080078125,
      -48.27875976562,8.05),(-1.82080078125,-48.27875976562,8.05),(
      -1.82080078125,-48.13911132812,8.05),(-1.913720703125,
      -48.04780273437,8.05),(-1.913720703125,-48.04780273437,8.05),(
      -2.006640625,-47.95649414062,8.05),(-2.1462890625,-47.95649414062,
      8.05),(-2.1462890625,-47.95649414062,8.05),(-2.28271484375,
      -47.95649414062,8.05),(-2.372412109375,-48.04672851562,8.05),(
      -2.372412109375,-48.04672851562,8.05),(-2.462109375,
      -48.13696289062,8.05),(-2.462109375,-48.27231445312,8.05),(
      -2.3611328125,-47.87270507812,8.07),(-2.4814453125,-47.82866210937
      ,8.07),(-2.539453125,-47.74702148437,8.07),(-2.539453125,
      -47.74702148437,8.07),(-2.5974609375,-47.66538085937,8.07),(
      -2.5974609375,-47.55151367187,8.07),(-2.5974609375,-47.55151367187
      ,8.07),(-2.5974609375,-47.37963867187,8.07),(-2.47392578125,
      -47.26254882812,8.07),(-2.47392578125,-47.26254882812,8.07),(
      -2.350390625,-47.14545898437,8.07),(-2.14521484375,-47.14545898437
      ,8.07),(-2.14521484375,-47.14545898437,8.07),(-1.93896484375,
      -47.14545898437,8.07),(-1.81328125,-47.265234375,8.07),(
      -1.81328125,-47.265234375,8.07),(-1.68759765625,-47.38500976562,
      8.07),(-1.68759765625,-47.55688476562,8.07),(-1.68759765625,
      -47.55688476562,8.07),(-1.68759765625,-47.66645507812,8.07),(
      -1.745068359375,-47.74755859375,8.07),(-1.745068359375,
      -47.74755859375,8.07),(-1.8025390625,-47.82866210937,8.07),(
      -1.91962890625,-47.87270507812,8.07),(-1.91962890625,
      -47.87270507812,8.07),(-1.774609375,-47.91997070312,8.07),(
      -1.698876953125,-48.02524414062,8.07),(-1.698876953125,
      -48.02524414062,8.07),(-1.62314453125,-48.13051757812,8.07),(
      -1.62314453125,-48.27661132812,8.07),(-1.62314453125,
      -48.27661132812,8.07),(-1.62314453125,-48.47856445312,8.07),(
      -1.766015625,-48.61606445312,8.07),(-1.766015625,-48.61606445312,
      8.07),(-1.90888671875,-48.75356445312,8.07),(-2.1419921875,
      -48.75356445312,8.07),(-2.1419921875,-48.75356445312,8.07),(
      -2.37509765625,-48.75356445312,8.07),(-2.51796875,-48.61552734375,
      8.07),(-2.51796875,-48.61552734375,8.07),(-2.66083984375,
      -48.47749023437,8.07),(-2.66083984375,-48.27124023437,8.07),(
      -2.66083984375,-48.27124023437,8.07),(-2.66083984375,
      -48.11762695312,8.07),(-2.582958984375,-48.01396484375,8.07),(
      -2.582958984375,-48.01396484375,8.07),(-2.505078125,
      -47.91030273437,8.07),(-2.3611328125,-47.87270507812,8.07),(
      -2.3998046875,-47.54506835937,8.07),(-2.3998046875,-47.65678710937
      ,8.07),(-2.32783203125,-47.72768554687,8.07),(-2.32783203125,
      -47.72768554687,8.07),(-2.255859375,-47.79858398437,8.07),(
      -2.14091796875,-47.79858398437,8.07),(-2.14091796875,
      -47.79858398437,8.07),(-2.02919921875,-47.79858398437,8.07),(
      -1.957763671875,-47.72822265625,8.07),(-1.957763671875,
      -47.72822265625,8.07),(-1.886328125,-47.65786132812,8.07),(
      -1.886328125,-47.55581054687,8.07),(-1.886328125,-47.55581054687,
      8.07),(-1.886328125,-47.44946289062,8.07),(-1.959912109375,
      -47.376953125,8.07),(-1.959912109375,-47.376953125,8.07),(
      -2.03349609375,-47.30444335937,8.07),(-2.14306640625,
      -47.30444335937,8.07),(-2.14306640625,-47.30444335937,8.07),(
      -2.2537109375,-47.30444335937,8.07),(-2.3267578125,-47.37534179687
      ,8.07),(-2.3267578125,-47.37534179687,8.07),(-2.3998046875,
      -47.44624023437,8.07),(-2.3998046875,-47.54506835937,8.07),(
      -2.462109375,-48.27231445312,8.07),(-2.462109375,-48.35502929687,
      8.07),(-2.422900390625,-48.43237304687,8.07),(-2.422900390625,
      -48.43237304687,8.07),(-2.38369140625,-48.50971679687,8.07),(
      -2.30634765625,-48.5521484375,8.07),(-2.30634765625,-48.5521484375
      ,8.07),(-2.22900390625,-48.59458007812,8.07),(-2.13984375,
      -48.59458007812,8.07),(-2.13984375,-48.59458007812,8.07),(
      -2.00126953125,-48.59458007812,8.07),(-1.91103515625,
      -48.50541992187,8.07),(-1.91103515625,-48.50541992187,8.07),(
      -1.82080078125,-48.41625976562,8.07),(-1.82080078125,
      -48.27875976562,8.07),(-1.82080078125,-48.27875976562,8.07),(
      -1.82080078125,-48.13911132812,8.07),(-1.913720703125,
      -48.04780273437,8.07),(-1.913720703125,-48.04780273437,8.07),(
      -2.006640625,-47.95649414062,8.07),(-2.1462890625,-47.95649414062,
      8.07),(-2.1462890625,-47.95649414062,8.07),(-2.28271484375,
      -47.95649414062,8.07),(-2.372412109375,-48.04672851562,8.07),(
      -2.372412109375,-48.04672851562,8.07),(-2.462109375,
      -48.13696289062,8.07),(-2.462109375,-48.27231445312,8.07),(
      -1.43515625,-47.95004882812,8.05),(-1.43515625,-47.95004882812,
      8.07),(-1.377685546875,-47.50048828125,8.05),(-1.377685546875,
      -47.50048828125,8.07),(-1.43515625,-47.95004882812,8.05),(
      -1.43515625,-47.67075195312,8.05),(-1.377685546875,-47.50048828125
      ,8.05),(-1.43515625,-47.95004882812,8.07),(-1.43515625,
      -47.67075195312,8.07),(-1.377685546875,-47.50048828125,8.07),(
      -1.377685546875,-47.50048828125,8.05),(-1.377685546875,
      -47.50048828125,8.07),(-1.206884765625,-47.23784179687,8.05),(
      -1.206884765625,-47.23784179687,8.07),(-1.377685546875,
      -47.50048828125,8.05),(-1.32021484375,-47.33022460937,8.05),(
      -1.206884765625,-47.23784179687,8.05),(-1.377685546875,
      -47.50048828125,8.07),(-1.32021484375,-47.33022460937,8.07),(
      -1.206884765625,-47.23784179687,8.07),(-1.206884765625,
      -47.23784179687,8.05),(-1.206884765625,-47.23784179687,8.07),(
      -0.9216796875,-47.14545898437,8.05),(-0.9216796875,-47.14545898437
      ,8.07),(-1.206884765625,-47.23784179687,8.05),(-1.0935546875,
      -47.14545898437,8.05),(-0.9216796875,-47.14545898437,8.05),(
      -1.206884765625,-47.23784179687,8.07),(-1.0935546875,
      -47.14545898437,8.07),(-0.9216796875,-47.14545898437,8.07),(
      -0.9216796875,-47.14545898437,8.05),(-0.9216796875,-47.14545898437
      ,8.07),(-0.69931640625,-47.196484375,8.05),(-0.69931640625,
      -47.196484375,8.07),(-0.9216796875,-47.14545898437,8.05),(
      -0.794921875,-47.14545898437,8.05),(-0.69931640625,-47.196484375,
      8.05),(-0.9216796875,-47.14545898437,8.07),(-0.794921875,
      -47.14545898437,8.07),(-0.69931640625,-47.196484375,8.07),(
      -0.69931640625,-47.196484375,8.05),(-0.69931640625,-47.196484375,
      8.07),(-0.54140625,-47.34365234375,8.05),(-0.54140625,
      -47.34365234375,8.07),(-0.69931640625,-47.196484375,8.05),(
      -0.6037109375,-47.24750976562,8.05),(-0.54140625,-47.34365234375,
      8.05),(-0.69931640625,-47.196484375,8.07),(-0.6037109375,
      -47.24750976562,8.07),(-0.54140625,-47.34365234375,8.07),(
      -0.54140625,-47.34365234375,8.05),(-0.54140625,-47.34365234375,
      8.07),(-0.44365234375,-47.57783203125,8.05),(-0.44365234375,
      -47.57783203125,8.07),(-0.54140625,-47.34365234375,8.05),(
      -0.4791015625,-47.43979492187,8.05),(-0.44365234375,
      -47.57783203125,8.05),(-0.54140625,-47.34365234375,8.07),(
      -0.4791015625,-47.43979492187,8.07),(-0.44365234375,
      -47.57783203125,8.07),(-0.44365234375,-47.57783203125,8.05),(
      -0.44365234375,-47.57783203125,8.07),(-0.408203125,-47.95004882812
      ,8.05),(-0.408203125,-47.95004882812,8.07),(-0.44365234375,
      -47.57783203125,8.05),(-0.408203125,-47.71586914062,8.05),(
      -0.408203125,-47.95004882812,8.05),(-0.44365234375,-47.57783203125
      ,8.07),(-0.408203125,-47.71586914062,8.07),(-0.408203125,
      -47.95004882812,8.07),(-0.408203125,-47.95004882812,8.05),(
      -0.408203125,-47.95004882812,8.07),(-0.46513671875,-48.3974609375,
      8.05),(-0.46513671875,-48.3974609375,8.07),(-0.408203125,
      -47.95004882812,8.05),(-0.408203125,-48.22719726562,8.05),(
      -0.46513671875,-48.3974609375,8.05),(-0.408203125,-47.95004882812,
      8.07),(-0.408203125,-48.22719726562,8.07),(-0.46513671875,
      -48.3974609375,8.07),(-0.46513671875,-48.3974609375,8.05),(
      -0.46513671875,-48.3974609375,8.07),(-0.635400390625,
      -48.66064453125,8.05),(-0.635400390625,-48.66064453125,8.07),(
      -0.46513671875,-48.3974609375,8.05),(-0.5220703125,-48.56772460937
      ,8.05),(-0.635400390625,-48.66064453125,8.05),(-0.46513671875,
      -48.3974609375,8.07),(-0.5220703125,-48.56772460937,8.07),(
      -0.635400390625,-48.66064453125,8.07),(-0.635400390625,
      -48.66064453125,8.05),(-0.635400390625,-48.66064453125,8.07),(
      -0.9216796875,-48.75356445312,8.05),(-0.9216796875,-48.75356445312
      ,8.07),(-0.635400390625,-48.66064453125,8.05),(-0.74873046875,
      -48.75356445312,8.05),(-0.9216796875,-48.75356445312,8.05),(
      -0.635400390625,-48.66064453125,8.07),(-0.74873046875,
      -48.75356445312,8.07),(-0.9216796875,-48.75356445312,8.07),(
      -0.9216796875,-48.75356445312,8.05),(-0.9216796875,-48.75356445312
      ,8.07),(-1.27939453125,-48.59028320312,8.05),(-1.27939453125,
      -48.59028320312,8.07),(-0.9216796875,-48.75356445312,8.05),(
      -1.1494140625,-48.75356445312,8.05),(-1.27939453125,
      -48.59028320312,8.05),(-0.9216796875,-48.75356445312,8.07),(
      -1.1494140625,-48.75356445312,8.07),(-1.27939453125,
      -48.59028320312,8.07),(-1.27939453125,-48.59028320312,8.05),(
      -1.27939453125,-48.59028320312,8.07),(-1.43515625,-47.95004882812,
      8.05),(-1.43515625,-47.95004882812,8.07),(-1.27939453125,
      -48.59028320312,8.05),(-1.43515625,-48.39370117187,8.05),(
      -1.43515625,-47.95004882812,8.05),(-1.27939453125,-48.59028320312,
      8.07),(-1.43515625,-48.39370117187,8.07),(-1.43515625,
      -47.95004882812,8.07),(-1.23642578125,-47.95004882812,8.05),(
      -1.23642578125,-47.95004882812,8.07),(-1.145654296875,
      -48.4662109375,8.05),(-1.145654296875,-48.4662109375,8.07),(
      -1.23642578125,-47.95004882812,8.05),(-1.23642578125,
      -48.33784179687,8.05),(-1.145654296875,-48.4662109375,8.05),(
      -1.23642578125,-47.95004882812,8.07),(-1.23642578125,
      -48.33784179687,8.07),(-1.145654296875,-48.4662109375,8.07),(
      -1.145654296875,-48.4662109375,8.05),(-1.145654296875,
      -48.4662109375,8.07),(-0.9216796875,-48.59458007812,8.05),(
      -0.9216796875,-48.59458007812,8.07),(-1.145654296875,
      -48.4662109375,8.05),(-1.0548828125,-48.59458007812,8.05),(
      -0.9216796875,-48.59458007812,8.05),(-1.145654296875,
      -48.4662109375,8.07),(-1.0548828125,-48.59458007812,8.07),(
      -0.9216796875,-48.59458007812,8.07),(-0.9216796875,-48.59458007812
      ,8.05),(-0.9216796875,-48.59458007812,8.07),(-0.697705078125,
      -48.46567382812,8.05),(-0.697705078125,-48.46567382812,8.07),(
      -0.9216796875,-48.59458007812,8.05),(-0.7884765625,-48.59458007812
      ,8.05),(-0.697705078125,-48.46567382812,8.05),(-0.9216796875,
      -48.59458007812,8.07),(-0.7884765625,-48.59458007812,8.07),(
      -0.697705078125,-48.46567382812,8.07),(-0.697705078125,
      -48.46567382812,8.05),(-0.697705078125,-48.46567382812,8.07),(
      -0.60693359375,-47.95004882812,8.05),(-0.60693359375,
      -47.95004882812,8.07),(-0.697705078125,-48.46567382812,8.05),(
      -0.60693359375,-48.33676757812,8.05),(-0.60693359375,
      -47.95004882812,8.05),(-0.697705078125,-48.46567382812,8.07),(
      -0.60693359375,-48.33676757812,8.07),(-0.60693359375,
      -47.95004882812,8.07),(-0.60693359375,-47.95004882812,8.05),(
      -0.60693359375,-47.95004882812,8.07),(-0.697705078125,
      -47.43334960937,8.05),(-0.697705078125,-47.43334960937,8.07),(
      -0.60693359375,-47.95004882812,8.05),(-0.60693359375,
      -47.56118164062,8.05),(-0.697705078125,-47.43334960937,8.05),(
      -0.60693359375,-47.95004882812,8.07),(-0.60693359375,
      -47.56118164062,8.07),(-0.697705078125,-47.43334960937,8.07),(
      -0.697705078125,-47.43334960937,8.05),(-0.697705078125,
      -47.43334960937,8.07),(-0.923828125,-47.30551757812,8.05),(
      -0.923828125,-47.30551757812,8.07),(-0.697705078125,
      -47.43334960937,8.05),(-0.7884765625,-47.30551757812,8.05),(
      -0.923828125,-47.30551757812,8.05),(-0.697705078125,
      -47.43334960937,8.07),(-0.7884765625,-47.30551757812,8.07),(
      -0.923828125,-47.30551757812,8.07),(-0.923828125,-47.30551757812,
      8.05),(-0.923828125,-47.30551757812,8.07),(-1.1365234375,
      -47.41831054687,8.05),(-1.1365234375,-47.41831054687,8.07),(
      -0.923828125,-47.30551757812,8.05),(-1.05703125,-47.30551757812,
      8.05),(-1.1365234375,-47.41831054687,8.05),(-0.923828125,
      -47.30551757812,8.07),(-1.05703125,-47.30551757812,8.07),(
      -1.1365234375,-47.41831054687,8.07),(-1.1365234375,-47.41831054687
      ,8.05),(-1.1365234375,-47.41831054687,8.07),(-1.23642578125,
      -47.95004882812,8.05),(-1.23642578125,-47.95004882812,8.07),(
      -1.1365234375,-47.41831054687,8.05),(-1.23642578125,
      -47.56225585937,8.05),(-1.23642578125,-47.95004882812,8.05),(
      -1.1365234375,-47.41831054687,8.07),(-1.23642578125,
      -47.56225585937,8.07),(-1.23642578125,-47.95004882812,8.07),(
      -1.43515625,-47.95004882812,8.05),(-1.43515625,-47.67075195312,
      8.05),(-1.377685546875,-47.50048828125,8.05),(-1.377685546875,
      -47.50048828125,8.05),(-1.32021484375,-47.33022460937,8.05),(
      -1.206884765625,-47.23784179687,8.05),(-1.206884765625,
      -47.23784179687,8.05),(-1.0935546875,-47.14545898437,8.05),(
      -0.9216796875,-47.14545898437,8.05),(-0.9216796875,-47.14545898437
      ,8.05),(-0.794921875,-47.14545898437,8.05),(-0.69931640625,
      -47.196484375,8.05),(-0.69931640625,-47.196484375,8.05),(
      -0.6037109375,-47.24750976562,8.05),(-0.54140625,-47.34365234375,
      8.05),(-0.54140625,-47.34365234375,8.05),(-0.4791015625,
      -47.43979492187,8.05),(-0.44365234375,-47.57783203125,8.05),(
      -0.44365234375,-47.57783203125,8.05),(-0.408203125,-47.71586914062
      ,8.05),(-0.408203125,-47.95004882812,8.05),(-0.408203125,
      -47.95004882812,8.05),(-0.408203125,-48.22719726562,8.05),(
      -0.46513671875,-48.3974609375,8.05),(-0.46513671875,-48.3974609375
      ,8.05),(-0.5220703125,-48.56772460937,8.05),(-0.635400390625,
      -48.66064453125,8.05),(-0.635400390625,-48.66064453125,8.05),(
      -0.74873046875,-48.75356445312,8.05),(-0.9216796875,
      -48.75356445312,8.05),(-0.9216796875,-48.75356445312,8.05),(
      -1.1494140625,-48.75356445312,8.05),(-1.27939453125,
      -48.59028320312,8.05),(-1.27939453125,-48.59028320312,8.05),(
      -1.43515625,-48.39370117187,8.05),(-1.43515625,-47.95004882812,
      8.05),(-1.23642578125,-47.95004882812,8.05),(-1.23642578125,
      -48.33784179687,8.05),(-1.145654296875,-48.4662109375,8.05),(
      -1.145654296875,-48.4662109375,8.05),(-1.0548828125,
      -48.59458007812,8.05),(-0.9216796875,-48.59458007812,8.05),(
      -0.9216796875,-48.59458007812,8.05),(-0.7884765625,-48.59458007812
      ,8.05),(-0.697705078125,-48.46567382812,8.05),(-0.697705078125,
      -48.46567382812,8.05),(-0.60693359375,-48.33676757812,8.05),(
      -0.60693359375,-47.95004882812,8.05),(-0.60693359375,
      -47.95004882812,8.05),(-0.60693359375,-47.56118164062,8.05),(
      -0.697705078125,-47.43334960937,8.05),(-0.697705078125,
      -47.43334960937,8.05),(-0.7884765625,-47.30551757812,8.05),(
      -0.923828125,-47.30551757812,8.05),(-0.923828125,-47.30551757812,
      8.05),(-1.05703125,-47.30551757812,8.05),(-1.1365234375,
      -47.41831054687,8.05),(-1.1365234375,-47.41831054687,8.05),(
      -1.23642578125,-47.56225585937,8.05),(-1.23642578125,
      -47.95004882812,8.05),(-1.43515625,-47.95004882812,8.07),(
      -1.43515625,-47.67075195312,8.07),(-1.377685546875,-47.50048828125
      ,8.07),(-1.377685546875,-47.50048828125,8.07),(-1.32021484375,
      -47.33022460937,8.07),(-1.206884765625,-47.23784179687,8.07),(
      -1.206884765625,-47.23784179687,8.07),(-1.0935546875,
      -47.14545898437,8.07),(-0.9216796875,-47.14545898437,8.07),(
      -0.9216796875,-47.14545898437,8.07),(-0.794921875,-47.14545898437,
      8.07),(-0.69931640625,-47.196484375,8.07),(-0.69931640625,
      -47.196484375,8.07),(-0.6037109375,-47.24750976562,8.07),(
      -0.54140625,-47.34365234375,8.07),(-0.54140625,-47.34365234375,
      8.07),(-0.4791015625,-47.43979492187,8.07),(-0.44365234375,
      -47.57783203125,8.07),(-0.44365234375,-47.57783203125,8.07),(
      -0.408203125,-47.71586914062,8.07),(-0.408203125,-47.95004882812,
      8.07),(-0.408203125,-47.95004882812,8.07),(-0.408203125,
      -48.22719726562,8.07),(-0.46513671875,-48.3974609375,8.07),(
      -0.46513671875,-48.3974609375,8.07),(-0.5220703125,-48.56772460937
      ,8.07),(-0.635400390625,-48.66064453125,8.07),(-0.635400390625,
      -48.66064453125,8.07),(-0.74873046875,-48.75356445312,8.07),(
      -0.9216796875,-48.75356445312,8.07),(-0.9216796875,-48.75356445312
      ,8.07),(-1.1494140625,-48.75356445312,8.07),(-1.27939453125,
      -48.59028320312,8.07),(-1.27939453125,-48.59028320312,8.07),(
      -1.43515625,-48.39370117187,8.07),(-1.43515625,-47.95004882812,
      8.07),(-1.23642578125,-47.95004882812,8.07),(-1.23642578125,
      -48.33784179687,8.07),(-1.145654296875,-48.4662109375,8.07),(
      -1.145654296875,-48.4662109375,8.07),(-1.0548828125,
      -48.59458007812,8.07),(-0.9216796875,-48.59458007812,8.07),(
      -0.9216796875,-48.59458007812,8.07),(-0.7884765625,-48.59458007812
      ,8.07),(-0.697705078125,-48.46567382812,8.07),(-0.697705078125,
      -48.46567382812,8.07),(-0.60693359375,-48.33676757812,8.07),(
      -0.60693359375,-47.95004882812,8.07),(-0.60693359375,
      -47.95004882812,8.07),(-0.60693359375,-47.56118164062,8.07),(
      -0.697705078125,-47.43334960937,8.07),(-0.697705078125,
      -47.43334960937,8.07),(-0.7884765625,-47.30551757812,8.07),(
      -0.923828125,-47.30551757812,8.07),(-0.923828125,-47.30551757812,
      8.07),(-1.05703125,-47.30551757812,8.07),(-1.1365234375,
      -47.41831054687,8.07),(-1.1365234375,-47.41831054687,8.07),(
      -1.23642578125,-47.56225585937,8.07),(-1.23642578125,
      -47.95004882812,8.07),(0.6466796875,-48.72670898437,8.05),(
      0.6466796875,-48.72670898437,8.07),(0.4533203125,-48.72670898437,
      8.05),(0.4533203125,-48.72670898437,8.07),(0.6466796875,
      -48.72670898437,8.05),(0.4533203125,-48.72670898437,8.05),(
      0.6466796875,-48.72670898437,8.07),(0.4533203125,-48.72670898437,
      8.07),(0.4533203125,-48.72670898437,8.05),(0.4533203125,
      -48.72670898437,8.07),(0.4533203125,-47.58588867187,8.05),(
      0.4533203125,-47.58588867187,8.07),(0.4533203125,-48.72670898437,
      8.05),(0.4533203125,-47.58588867187,8.05),(0.4533203125,
      -48.72670898437,8.07),(0.4533203125,-47.58588867187,8.07),(
      0.4533203125,-47.58588867187,8.05),(0.4533203125,-47.58588867187,
      8.07),(0.62626953125,-47.58588867187,8.05),(0.62626953125,
      -47.58588867187,8.07),(0.4533203125,-47.58588867187,8.05),(
      0.62626953125,-47.58588867187,8.05),(0.4533203125,-47.58588867187,
      8.07),(0.62626953125,-47.58588867187,8.07),(0.62626953125,
      -47.58588867187,8.05),(0.62626953125,-47.58588867187,8.07),(
      0.62626953125,-47.74594726562,8.05),(0.62626953125,-47.74594726562
      ,8.07),(0.62626953125,-47.58588867187,8.05),(0.62626953125,
      -47.74594726562,8.05),(0.62626953125,-47.58588867187,8.07),(
      0.62626953125,-47.74594726562,8.07),(0.62626953125,-47.74594726562
      ,8.05),(0.62626953125,-47.74594726562,8.07),(0.769140625,
      -47.6111328125,8.05),(0.769140625,-47.6111328125,8.07),(
      0.62626953125,-47.74594726562,8.05),(0.67998046875,-47.66215820312
      ,8.05),(0.769140625,-47.6111328125,8.05),(0.62626953125,
      -47.74594726562,8.07),(0.67998046875,-47.66215820312,8.07),(
      0.769140625,-47.6111328125,8.07),(0.769140625,-47.6111328125,8.05)
    ,(0.769140625,-47.6111328125,8.07),(0.97216796875,-47.56010742187,
      8.05),(0.97216796875,-47.56010742187,8.07),(0.769140625,
      -47.6111328125,8.05),(0.85830078125,-47.56010742187,8.05),(
      0.97216796875,-47.56010742187,8.05),(0.769140625,-47.6111328125,
      8.07),(0.85830078125,-47.56010742187,8.07),(0.97216796875,
      -47.56010742187,8.07),(0.97216796875,-47.56010742187,8.05),(
      0.97216796875,-47.56010742187,8.07),(1.180029296875,
      -47.61274414062,8.05),(1.180029296875,-47.61274414062,8.07),(
      0.97216796875,-47.56010742187,8.05),(1.09892578125,-47.56010742187
      ,8.05),(1.180029296875,-47.61274414062,8.05),(0.97216796875,
      -47.56010742187,8.07),(1.09892578125,-47.56010742187,8.07),(
      1.180029296875,-47.61274414062,8.07),(1.180029296875,
      -47.61274414062,8.05),(1.180029296875,-47.61274414062,8.07),(
      1.29443359375,-47.75991210937,8.05),(1.29443359375,-47.75991210937
      ,8.07),(1.180029296875,-47.61274414062,8.05),(1.2611328125,
      -47.66538085937,8.05),(1.29443359375,-47.75991210937,8.05),(
      1.180029296875,-47.61274414062,8.07),(1.2611328125,-47.66538085937
      ,8.07),(1.29443359375,-47.75991210937,8.07),(1.29443359375,
      -47.75991210937,8.05),(1.29443359375,-47.75991210937,8.07),(
      1.64677734375,-47.56010742187,8.05),(1.64677734375,-47.56010742187
      ,8.07),(1.29443359375,-47.75991210937,8.05),(1.42978515625,
      -47.56010742187,8.05),(1.64677734375,-47.56010742187,8.05),(
      1.29443359375,-47.75991210937,8.07),(1.42978515625,-47.56010742187
      ,8.07),(1.64677734375,-47.56010742187,8.07),(1.64677734375,
      -47.56010742187,8.05),(1.64677734375,-47.56010742187,8.07),(
      1.9078125,-47.6541015625,8.05),(1.9078125,-47.6541015625,8.07),(
      1.64677734375,-47.56010742187,8.05),(1.81650390625,-47.56010742187
      ,8.05),(1.9078125,-47.6541015625,8.05),(1.64677734375,
      -47.56010742187,8.07),(1.81650390625,-47.56010742187,8.07),(
      1.9078125,-47.6541015625,8.07),(1.9078125,-47.6541015625,8.05),(
      1.9078125,-47.6541015625,8.07),(1.99912109375,-47.94360351562,8.05
      ),(1.99912109375,-47.94360351562,8.07),(1.9078125,-47.6541015625,
      8.05),(1.99912109375,-47.74809570312,8.05),(1.99912109375,
      -47.94360351562,8.05),(1.9078125,-47.6541015625,8.07),(
      1.99912109375,-47.74809570312,8.07),(1.99912109375,-47.94360351562
      ,8.07),(1.99912109375,-47.94360351562,8.05),(1.99912109375,
      -47.94360351562,8.07),(1.99912109375,-48.72670898437,8.05),(
      1.99912109375,-48.72670898437,8.07),(1.99912109375,-47.94360351562
      ,8.05),(1.99912109375,-48.72670898437,8.05),(1.99912109375,
      -47.94360351562,8.07),(1.99912109375,-48.72670898437,8.07),(
      1.99912109375,-48.72670898437,8.05),(1.99912109375,-48.72670898437
      ,8.07),(1.8068359375,-48.72670898437,8.05),(1.8068359375,
      -48.72670898437,8.07),(1.99912109375,-48.72670898437,8.05),(
      1.8068359375,-48.72670898437,8.05),(1.99912109375,-48.72670898437,
      8.07),(1.8068359375,-48.72670898437,8.07),(1.8068359375,
      -48.72670898437,8.05),(1.8068359375,-48.72670898437,8.07),(
      1.8068359375,-48.00805664062,8.05),(1.8068359375,-48.00805664062,
      8.07),(1.8068359375,-48.72670898437,8.05),(1.8068359375,
      -48.00805664062,8.05),(1.8068359375,-48.72670898437,8.07),(
      1.8068359375,-48.00805664062,8.07),(1.8068359375,-48.00805664062,
      8.05),(1.8068359375,-48.00805664062,8.07),(1.788037109375,
      -47.841015625,8.05),(1.788037109375,-47.841015625,8.07),(
      1.8068359375,-48.00805664062,8.05),(1.8068359375,-47.89204101562,
      8.05),(1.788037109375,-47.841015625,8.05),(1.8068359375,
      -48.00805664062,8.07),(1.8068359375,-47.89204101562,8.07),(
      1.788037109375,-47.841015625,8.07),(1.788037109375,-47.841015625,
      8.05),(1.788037109375,-47.841015625,8.07),(1.71982421875,
      -47.75883789062,8.05),(1.71982421875,-47.75883789062,8.07),(
      1.788037109375,-47.841015625,8.05),(1.76923828125,-47.78999023437,
      8.05),(1.71982421875,-47.75883789062,8.05),(1.788037109375,
      -47.841015625,8.07),(1.76923828125,-47.78999023437,8.07),(
      1.71982421875,-47.75883789062,8.07),(1.71982421875,-47.75883789062
      ,8.05),(1.71982421875,-47.75883789062,8.07),(1.60380859375,
      -47.72768554687,8.05),(1.60380859375,-47.72768554687,8.07),(
      1.71982421875,-47.75883789062,8.05),(1.67041015625,-47.72768554687
      ,8.05),(1.60380859375,-47.72768554687,8.05),(1.71982421875,
      -47.75883789062,8.07),(1.67041015625,-47.72768554687,8.07),(
      1.60380859375,-47.72768554687,8.07),(1.60380859375,-47.72768554687
      ,8.05),(1.60380859375,-47.72768554687,8.07),(1.40400390625,
      -47.80771484375,8.05),(1.40400390625,-47.80771484375,8.07),(
      1.60380859375,-47.72768554687,8.05),(1.48349609375,-47.72768554687
      ,8.05),(1.40400390625,-47.80771484375,8.05),(1.60380859375,
      -47.72768554687,8.07),(1.48349609375,-47.72768554687,8.07),(
      1.40400390625,-47.80771484375,8.07),(1.40400390625,-47.80771484375
      ,8.05),(1.40400390625,-47.80771484375,8.07),(1.32451171875,
      -48.06391601562,8.05),(1.32451171875,-48.06391601562,8.07),(
      1.40400390625,-47.80771484375,8.05),(1.32451171875,-47.88774414062
      ,8.05),(1.32451171875,-48.06391601562,8.05),(1.40400390625,
      -47.80771484375,8.07),(1.32451171875,-47.88774414062,8.07),(
      1.32451171875,-48.06391601562,8.07),(1.32451171875,-48.06391601562
      ,8.05),(1.32451171875,-48.06391601562,8.07),(1.32451171875,
      -48.72670898437,8.05),(1.32451171875,-48.72670898437,8.07),(
      1.32451171875,-48.06391601562,8.05),(1.32451171875,-48.72670898437
      ,8.05),(1.32451171875,-48.06391601562,8.07),(1.32451171875,
      -48.72670898437,8.07),(1.32451171875,-48.72670898437,8.05),(
      1.32451171875,-48.72670898437,8.07),(1.13115234375,-48.72670898437
      ,8.05),(1.13115234375,-48.72670898437,8.07),(1.32451171875,
      -48.72670898437,8.05),(1.13115234375,-48.72670898437,8.05),(
      1.32451171875,-48.72670898437,8.07),(1.13115234375,-48.72670898437
      ,8.07),(1.13115234375,-48.72670898437,8.05),(1.13115234375,
      -48.72670898437,8.07),(1.13115234375,-47.98549804687,8.05),(
      1.13115234375,-47.98549804687,8.07),(1.13115234375,-48.72670898437
      ,8.05),(1.13115234375,-47.98549804687,8.05),(1.13115234375,
      -48.72670898437,8.07),(1.13115234375,-47.98549804687,8.07),(
      1.13115234375,-47.98549804687,8.05),(1.13115234375,-47.98549804687
      ,8.07),(1.08388671875,-47.79213867187,8.05),(1.08388671875,
      -47.79213867187,8.07),(1.13115234375,-47.98549804687,8.05),(
      1.13115234375,-47.85659179687,8.05),(1.08388671875,-47.79213867187
      ,8.05),(1.13115234375,-47.98549804687,8.07),(1.13115234375,
      -47.85659179687,8.07),(1.08388671875,-47.79213867187,8.07),(
      1.08388671875,-47.79213867187,8.05),(1.08388671875,-47.79213867187
      ,8.07),(0.92919921875,-47.72768554687,8.05),(0.92919921875,
      -47.72768554687,8.07),(1.08388671875,-47.79213867187,8.05),(
      1.03662109375,-47.72768554687,8.05),(0.92919921875,-47.72768554687
      ,8.05),(1.08388671875,-47.79213867187,8.07),(1.03662109375,
      -47.72768554687,8.07),(0.92919921875,-47.72768554687,8.07),(
      0.92919921875,-47.72768554687,8.05),(0.92919921875,-47.72768554687
      ,8.07),(0.778271484375,-47.77065429687,8.05),(0.778271484375,
      -47.77065429687,8.07),(0.92919921875,-47.72768554687,8.05),(
      0.84755859375,-47.72768554687,8.05),(0.778271484375,
      -47.77065429687,8.05),(0.92919921875,-47.72768554687,8.07),(
      0.84755859375,-47.72768554687,8.07),(0.778271484375,
      -47.77065429687,8.07),(0.778271484375,-47.77065429687,8.05),(
      0.778271484375,-47.77065429687,8.07),(0.67783203125,
      -47.89633789062,8.05),(0.67783203125,-47.89633789062,8.07),(
      0.778271484375,-47.77065429687,8.05),(0.708984375,-47.81362304687,
      8.05),(0.67783203125,-47.89633789062,8.05),(0.778271484375,
      -47.77065429687,8.07),(0.708984375,-47.81362304687,8.07),(
      0.67783203125,-47.89633789062,8.07),(0.67783203125,-47.89633789062
      ,8.05),(0.67783203125,-47.89633789062,8.07),(0.6466796875,
      -48.13481445312,8.05),(0.6466796875,-48.13481445312,8.07),(
      0.67783203125,-47.89633789062,8.05),(0.6466796875,-47.97905273437,
      8.05),(0.6466796875,-48.13481445312,8.05),(0.67783203125,
      -47.89633789062,8.07),(0.6466796875,-47.97905273437,8.07),(
      0.6466796875,-48.13481445312,8.07),(0.6466796875,-48.13481445312,
      8.05),(0.6466796875,-48.13481445312,8.07),(0.6466796875,
      -48.72670898437,8.05),(0.6466796875,-48.72670898437,8.07),(
      0.6466796875,-48.13481445312,8.05),(0.6466796875,-48.72670898437,
      8.05),(0.6466796875,-48.13481445312,8.07),(0.6466796875,
      -48.72670898437,8.07),(0.6466796875,-48.72670898437,8.05),(
      0.4533203125,-48.72670898437,8.05),(0.4533203125,-48.72670898437,
      8.05),(0.4533203125,-47.58588867187,8.05),(0.4533203125,
      -47.58588867187,8.05),(0.62626953125,-47.58588867187,8.05),(
      0.62626953125,-47.58588867187,8.05),(0.62626953125,-47.74594726562
      ,8.05),(0.62626953125,-47.74594726562,8.05),(0.67998046875,
      -47.66215820312,8.05),(0.769140625,-47.6111328125,8.05),(
      0.769140625,-47.6111328125,8.05),(0.85830078125,-47.56010742187,
      8.05),(0.97216796875,-47.56010742187,8.05),(0.97216796875,
      -47.56010742187,8.05),(1.09892578125,-47.56010742187,8.05),(
      1.180029296875,-47.61274414062,8.05),(1.180029296875,
      -47.61274414062,8.05),(1.2611328125,-47.66538085937,8.05),(
      1.29443359375,-47.75991210937,8.05),(1.29443359375,-47.75991210937
      ,8.05),(1.42978515625,-47.56010742187,8.05),(1.64677734375,
      -47.56010742187,8.05),(1.64677734375,-47.56010742187,8.05),(
      1.81650390625,-47.56010742187,8.05),(1.9078125,-47.6541015625,8.05
      ),(1.9078125,-47.6541015625,8.05),(1.99912109375,-47.74809570312,
      8.05),(1.99912109375,-47.94360351562,8.05),(1.99912109375,
      -47.94360351562,8.05),(1.99912109375,-48.72670898437,8.05),(
      1.99912109375,-48.72670898437,8.05),(1.8068359375,-48.72670898437,
      8.05),(1.8068359375,-48.72670898437,8.05),(1.8068359375,
      -48.00805664062,8.05),(1.8068359375,-48.00805664062,8.05),(
      1.8068359375,-47.89204101562,8.05),(1.788037109375,-47.841015625,
      8.05),(1.788037109375,-47.841015625,8.05),(1.76923828125,
      -47.78999023437,8.05),(1.71982421875,-47.75883789062,8.05),(
      1.71982421875,-47.75883789062,8.05),(1.67041015625,-47.72768554687
      ,8.05),(1.60380859375,-47.72768554687,8.05),(1.60380859375,
      -47.72768554687,8.05),(1.48349609375,-47.72768554687,8.05),(
      1.40400390625,-47.80771484375,8.05),(1.40400390625,-47.80771484375
      ,8.05),(1.32451171875,-47.88774414062,8.05),(1.32451171875,
      -48.06391601562,8.05),(1.32451171875,-48.06391601562,8.05),(
      1.32451171875,-48.72670898437,8.05),(1.32451171875,-48.72670898437
      ,8.05),(1.13115234375,-48.72670898437,8.05),(1.13115234375,
      -48.72670898437,8.05),(1.13115234375,-47.98549804687,8.05),(
      1.13115234375,-47.98549804687,8.05),(1.13115234375,-47.85659179687
      ,8.05),(1.08388671875,-47.79213867187,8.05),(1.08388671875,
      -47.79213867187,8.05),(1.03662109375,-47.72768554687,8.05),(
      0.92919921875,-47.72768554687,8.05),(0.92919921875,-47.72768554687
      ,8.05),(0.84755859375,-47.72768554687,8.05),(0.778271484375,
      -47.77065429687,8.05),(0.778271484375,-47.77065429687,8.05),(
      0.708984375,-47.81362304687,8.05),(0.67783203125,-47.89633789062,
      8.05),(0.67783203125,-47.89633789062,8.05),(0.6466796875,
      -47.97905273437,8.05),(0.6466796875,-48.13481445312,8.05),(
      0.6466796875,-48.13481445312,8.05),(0.6466796875,-48.72670898437,
      8.05),(0.6466796875,-48.72670898437,8.07),(0.4533203125,
      -48.72670898437,8.07),(0.4533203125,-48.72670898437,8.07),(
      0.4533203125,-47.58588867187,8.07),(0.4533203125,-47.58588867187,
      8.07),(0.62626953125,-47.58588867187,8.07),(0.62626953125,
      -47.58588867187,8.07),(0.62626953125,-47.74594726562,8.07),(
      0.62626953125,-47.74594726562,8.07),(0.67998046875,-47.66215820312
      ,8.07),(0.769140625,-47.6111328125,8.07),(0.769140625,
      -47.6111328125,8.07),(0.85830078125,-47.56010742187,8.07),(
      0.97216796875,-47.56010742187,8.07),(0.97216796875,-47.56010742187
      ,8.07),(1.09892578125,-47.56010742187,8.07),(1.180029296875,
      -47.61274414062,8.07),(1.180029296875,-47.61274414062,8.07),(
      1.2611328125,-47.66538085937,8.07),(1.29443359375,-47.75991210937,
      8.07),(1.29443359375,-47.75991210937,8.07),(1.42978515625,
      -47.56010742187,8.07),(1.64677734375,-47.56010742187,8.07),(
      1.64677734375,-47.56010742187,8.07),(1.81650390625,-47.56010742187
      ,8.07),(1.9078125,-47.6541015625,8.07),(1.9078125,-47.6541015625,
      8.07),(1.99912109375,-47.74809570312,8.07),(1.99912109375,
      -47.94360351562,8.07),(1.99912109375,-47.94360351562,8.07),(
      1.99912109375,-48.72670898437,8.07),(1.99912109375,-48.72670898437
      ,8.07),(1.8068359375,-48.72670898437,8.07),(1.8068359375,
      -48.72670898437,8.07),(1.8068359375,-48.00805664062,8.07),(
      1.8068359375,-48.00805664062,8.07),(1.8068359375,-47.89204101562,
      8.07),(1.788037109375,-47.841015625,8.07),(1.788037109375,
      -47.841015625,8.07),(1.76923828125,-47.78999023437,8.07),(
      1.71982421875,-47.75883789062,8.07),(1.71982421875,-47.75883789062
      ,8.07),(1.67041015625,-47.72768554687,8.07),(1.60380859375,
      -47.72768554687,8.07),(1.60380859375,-47.72768554687,8.07),(
      1.48349609375,-47.72768554687,8.07),(1.40400390625,-47.80771484375
      ,8.07),(1.40400390625,-47.80771484375,8.07),(1.32451171875,
      -47.88774414062,8.07),(1.32451171875,-48.06391601562,8.07),(
      1.32451171875,-48.06391601562,8.07),(1.32451171875,-48.72670898437
      ,8.07),(1.32451171875,-48.72670898437,8.07),(1.13115234375,
      -48.72670898437,8.07),(1.13115234375,-48.72670898437,8.07),(
      1.13115234375,-47.98549804687,8.07),(1.13115234375,-47.98549804687
      ,8.07),(1.13115234375,-47.85659179687,8.07),(1.08388671875,
      -47.79213867187,8.07),(1.08388671875,-47.79213867187,8.07),(
      1.03662109375,-47.72768554687,8.07),(0.92919921875,-47.72768554687
      ,8.07),(0.92919921875,-47.72768554687,8.07),(0.84755859375,
      -47.72768554687,8.07),(0.778271484375,-47.77065429687,8.07),(
      0.778271484375,-47.77065429687,8.07),(0.708984375,-47.81362304687,
      8.07),(0.67783203125,-47.89633789062,8.07),(0.67783203125,
      -47.89633789062,8.07),(0.6466796875,-47.97905273437,8.07),(
      0.6466796875,-48.13481445312,8.07),(0.6466796875,-48.13481445312,
      8.07),(0.6466796875,-48.72670898437,8.07),(2.479296875,
      -48.72670898437,8.05),(2.479296875,-48.72670898437,8.07),(
      2.2859375,-48.72670898437,8.05),(2.2859375,-48.72670898437,8.07),(
      2.479296875,-48.72670898437,8.05),(2.2859375,-48.72670898437,8.05)
    ,(2.479296875,-48.72670898437,8.07),(2.2859375,-48.72670898437,8.07)
    ,(2.2859375,-48.72670898437,8.05),(2.2859375,-48.72670898437,8.07),(
      2.2859375,-47.58588867187,8.05),(2.2859375,-47.58588867187,8.07),(
      2.2859375,-48.72670898437,8.05),(2.2859375,-47.58588867187,8.05),(
      2.2859375,-48.72670898437,8.07),(2.2859375,-47.58588867187,8.07),(
      2.2859375,-47.58588867187,8.05),(2.2859375,-47.58588867187,8.07),(
      2.45888671875,-47.58588867187,8.05),(2.45888671875,-47.58588867187
      ,8.07),(2.2859375,-47.58588867187,8.05),(2.45888671875,
      -47.58588867187,8.05),(2.2859375,-47.58588867187,8.07),(
      2.45888671875,-47.58588867187,8.07),(2.45888671875,-47.58588867187
      ,8.05),(2.45888671875,-47.58588867187,8.07),(2.45888671875,
      -47.74594726562,8.05),(2.45888671875,-47.74594726562,8.07),(
      2.45888671875,-47.58588867187,8.05),(2.45888671875,-47.74594726562
      ,8.05),(2.45888671875,-47.58588867187,8.07),(2.45888671875,
      -47.74594726562,8.07),(2.45888671875,-47.74594726562,8.05),(
      2.45888671875,-47.74594726562,8.07),(2.6017578125,-47.6111328125,
      8.05),(2.6017578125,-47.6111328125,8.07),(2.45888671875,
      -47.74594726562,8.05),(2.51259765625,-47.66215820312,8.05),(
      2.6017578125,-47.6111328125,8.05),(2.45888671875,-47.74594726562,
      8.07),(2.51259765625,-47.66215820312,8.07),(2.6017578125,
      -47.6111328125,8.07),(2.6017578125,-47.6111328125,8.05),(
      2.6017578125,-47.6111328125,8.07),(2.80478515625,-47.56010742187,
      8.05),(2.80478515625,-47.56010742187,8.07),(2.6017578125,
      -47.6111328125,8.05),(2.69091796875,-47.56010742187,8.05),(
      2.80478515625,-47.56010742187,8.05),(2.6017578125,-47.6111328125,
      8.07),(2.69091796875,-47.56010742187,8.07),(2.80478515625,
      -47.56010742187,8.07),(2.80478515625,-47.56010742187,8.05),(
      2.80478515625,-47.56010742187,8.07),(3.012646484375,
      -47.61274414062,8.05),(3.012646484375,-47.61274414062,8.07),(
      2.80478515625,-47.56010742187,8.05),(2.93154296875,-47.56010742187
      ,8.05),(3.012646484375,-47.61274414062,8.05),(2.80478515625,
      -47.56010742187,8.07),(2.93154296875,-47.56010742187,8.07),(
      3.012646484375,-47.61274414062,8.07),(3.012646484375,
      -47.61274414062,8.05),(3.012646484375,-47.61274414062,8.07),(
      3.12705078125,-47.75991210937,8.05),(3.12705078125,-47.75991210937
      ,8.07),(3.012646484375,-47.61274414062,8.05),(3.09375,
      -47.66538085937,8.05),(3.12705078125,-47.75991210937,8.05),(
      3.012646484375,-47.61274414062,8.07),(3.09375,-47.66538085937,8.07
      ),(3.12705078125,-47.75991210937,8.07),(3.12705078125,
      -47.75991210937,8.05),(3.12705078125,-47.75991210937,8.07),(
      3.47939453125,-47.56010742187,8.05),(3.47939453125,-47.56010742187
      ,8.07),(3.12705078125,-47.75991210937,8.05),(3.26240234375,
      -47.56010742187,8.05),(3.47939453125,-47.56010742187,8.05),(
      3.12705078125,-47.75991210937,8.07),(3.26240234375,-47.56010742187
      ,8.07),(3.47939453125,-47.56010742187,8.07),(3.47939453125,
      -47.56010742187,8.05),(3.47939453125,-47.56010742187,8.07),(
      3.7404296875,-47.6541015625,8.05),(3.7404296875,-47.6541015625,
      8.07),(3.47939453125,-47.56010742187,8.05),(3.64912109375,
      -47.56010742187,8.05),(3.7404296875,-47.6541015625,8.05),(
      3.47939453125,-47.56010742187,8.07),(3.64912109375,-47.56010742187
      ,8.07),(3.7404296875,-47.6541015625,8.07),(3.7404296875,
      -47.6541015625,8.05),(3.7404296875,-47.6541015625,8.07),(
      3.83173828125,-47.94360351562,8.05),(3.83173828125,-47.94360351562
      ,8.07),(3.7404296875,-47.6541015625,8.05),(3.83173828125,
      -47.74809570312,8.05),(3.83173828125,-47.94360351562,8.05),(
      3.7404296875,-47.6541015625,8.07),(3.83173828125,-47.74809570312,
      8.07),(3.83173828125,-47.94360351562,8.07),(3.83173828125,
      -47.94360351562,8.05),(3.83173828125,-47.94360351562,8.07),(
      3.83173828125,-48.72670898437,8.05),(3.83173828125,-48.72670898437
      ,8.07),(3.83173828125,-47.94360351562,8.05),(3.83173828125,
      -48.72670898437,8.05),(3.83173828125,-47.94360351562,8.07),(
      3.83173828125,-48.72670898437,8.07),(3.83173828125,-48.72670898437
      ,8.05),(3.83173828125,-48.72670898437,8.07),(3.639453125,
      -48.72670898437,8.05),(3.639453125,-48.72670898437,8.07),(
      3.83173828125,-48.72670898437,8.05),(3.639453125,-48.72670898437,
      8.05),(3.83173828125,-48.72670898437,8.07),(3.639453125,
      -48.72670898437,8.07),(3.639453125,-48.72670898437,8.05),(
      3.639453125,-48.72670898437,8.07),(3.639453125,-48.00805664062,
      8.05),(3.639453125,-48.00805664062,8.07),(3.639453125,
      -48.72670898437,8.05),(3.639453125,-48.00805664062,8.05),(
      3.639453125,-48.72670898437,8.07),(3.639453125,-48.00805664062,
      8.07),(3.639453125,-48.00805664062,8.05),(3.639453125,
      -48.00805664062,8.07),(3.620654296875,-47.841015625,8.05),(
      3.620654296875,-47.841015625,8.07),(3.639453125,-48.00805664062,
      8.05),(3.639453125,-47.89204101562,8.05),(3.620654296875,
      -47.841015625,8.05),(3.639453125,-48.00805664062,8.07),(
      3.639453125,-47.89204101562,8.07),(3.620654296875,-47.841015625,
      8.07),(3.620654296875,-47.841015625,8.05),(3.620654296875,
      -47.841015625,8.07),(3.55244140625,-47.75883789062,8.05),(
      3.55244140625,-47.75883789062,8.07),(3.620654296875,-47.841015625,
      8.05),(3.60185546875,-47.78999023437,8.05),(3.55244140625,
      -47.75883789062,8.05),(3.620654296875,-47.841015625,8.07),(
      3.60185546875,-47.78999023437,8.07),(3.55244140625,-47.75883789062
      ,8.07),(3.55244140625,-47.75883789062,8.05),(3.55244140625,
      -47.75883789062,8.07),(3.43642578125,-47.72768554687,8.05),(
      3.43642578125,-47.72768554687,8.07),(3.55244140625,-47.75883789062
      ,8.05),(3.50302734375,-47.72768554687,8.05),(3.43642578125,
      -47.72768554687,8.05),(3.55244140625,-47.75883789062,8.07),(
      3.50302734375,-47.72768554687,8.07),(3.43642578125,-47.72768554687
      ,8.07),(3.43642578125,-47.72768554687,8.05),(3.43642578125,
      -47.72768554687,8.07),(3.23662109375,-47.80771484375,8.05),(
      3.23662109375,-47.80771484375,8.07),(3.43642578125,-47.72768554687
      ,8.05),(3.31611328125,-47.72768554687,8.05),(3.23662109375,
      -47.80771484375,8.05),(3.43642578125,-47.72768554687,8.07),(
      3.31611328125,-47.72768554687,8.07),(3.23662109375,-47.80771484375
      ,8.07),(3.23662109375,-47.80771484375,8.05),(3.23662109375,
      -47.80771484375,8.07),(3.15712890625,-48.06391601562,8.05),(
      3.15712890625,-48.06391601562,8.07),(3.23662109375,-47.80771484375
      ,8.05),(3.15712890625,-47.88774414062,8.05),(3.15712890625,
      -48.06391601562,8.05),(3.23662109375,-47.80771484375,8.07),(
      3.15712890625,-47.88774414062,8.07),(3.15712890625,-48.06391601562
      ,8.07),(3.15712890625,-48.06391601562,8.05),(3.15712890625,
      -48.06391601562,8.07),(3.15712890625,-48.72670898437,8.05),(
      3.15712890625,-48.72670898437,8.07),(3.15712890625,-48.06391601562
      ,8.05),(3.15712890625,-48.72670898437,8.05),(3.15712890625,
      -48.06391601562,8.07),(3.15712890625,-48.72670898437,8.07),(
      3.15712890625,-48.72670898437,8.05),(3.15712890625,-48.72670898437
      ,8.07),(2.96376953125,-48.72670898437,8.05),(2.96376953125,
      -48.72670898437,8.07),(3.15712890625,-48.72670898437,8.05),(
      2.96376953125,-48.72670898437,8.05),(3.15712890625,-48.72670898437
      ,8.07),(2.96376953125,-48.72670898437,8.07),(2.96376953125,
      -48.72670898437,8.05),(2.96376953125,-48.72670898437,8.07),(
      2.96376953125,-47.98549804687,8.05),(2.96376953125,-47.98549804687
      ,8.07),(2.96376953125,-48.72670898437,8.05),(2.96376953125,
      -47.98549804687,8.05),(2.96376953125,-48.72670898437,8.07),(
      2.96376953125,-47.98549804687,8.07),(2.96376953125,-47.98549804687
      ,8.05),(2.96376953125,-47.98549804687,8.07),(2.91650390625,
      -47.79213867187,8.05),(2.91650390625,-47.79213867187,8.07),(
      2.96376953125,-47.98549804687,8.05),(2.96376953125,-47.85659179687
      ,8.05),(2.91650390625,-47.79213867187,8.05),(2.96376953125,
      -47.98549804687,8.07),(2.96376953125,-47.85659179687,8.07),(
      2.91650390625,-47.79213867187,8.07),(2.91650390625,-47.79213867187
      ,8.05),(2.91650390625,-47.79213867187,8.07),(2.76181640625,
      -47.72768554687,8.05),(2.76181640625,-47.72768554687,8.07),(
      2.91650390625,-47.79213867187,8.05),(2.86923828125,-47.72768554687
      ,8.05),(2.76181640625,-47.72768554687,8.05),(2.91650390625,
      -47.79213867187,8.07),(2.86923828125,-47.72768554687,8.07),(
      2.76181640625,-47.72768554687,8.07),(2.76181640625,-47.72768554687
      ,8.05),(2.76181640625,-47.72768554687,8.07),(2.610888671875,
      -47.77065429687,8.05),(2.610888671875,-47.77065429687,8.07),(
      2.76181640625,-47.72768554687,8.05),(2.68017578125,-47.72768554687
      ,8.05),(2.610888671875,-47.77065429687,8.05),(2.76181640625,
      -47.72768554687,8.07),(2.68017578125,-47.72768554687,8.07),(
      2.610888671875,-47.77065429687,8.07),(2.610888671875,
      -47.77065429687,8.05),(2.610888671875,-47.77065429687,8.07),(
      2.51044921875,-47.89633789062,8.05),(2.51044921875,-47.89633789062
      ,8.07),(2.610888671875,-47.77065429687,8.05),(2.5416015625,
      -47.81362304687,8.05),(2.51044921875,-47.89633789062,8.05),(
      2.610888671875,-47.77065429687,8.07),(2.5416015625,-47.81362304687
      ,8.07),(2.51044921875,-47.89633789062,8.07),(2.51044921875,
      -47.89633789062,8.05),(2.51044921875,-47.89633789062,8.07),(
      2.479296875,-48.13481445312,8.05),(2.479296875,-48.13481445312,
      8.07),(2.51044921875,-47.89633789062,8.05),(2.479296875,
      -47.97905273437,8.05),(2.479296875,-48.13481445312,8.05),(
      2.51044921875,-47.89633789062,8.07),(2.479296875,-47.97905273437,
      8.07),(2.479296875,-48.13481445312,8.07),(2.479296875,
      -48.13481445312,8.05),(2.479296875,-48.13481445312,8.07),(
      2.479296875,-48.72670898437,8.05),(2.479296875,-48.72670898437,
      8.07),(2.479296875,-48.13481445312,8.05),(2.479296875,
      -48.72670898437,8.05),(2.479296875,-48.13481445312,8.07),(
      2.479296875,-48.72670898437,8.07),(2.479296875,-48.72670898437,
      8.05),(2.2859375,-48.72670898437,8.05),(2.2859375,-48.72670898437,
      8.05),(2.2859375,-47.58588867187,8.05),(2.2859375,-47.58588867187,
      8.05),(2.45888671875,-47.58588867187,8.05),(2.45888671875,
      -47.58588867187,8.05),(2.45888671875,-47.74594726562,8.05),(
      2.45888671875,-47.74594726562,8.05),(2.51259765625,-47.66215820312
      ,8.05),(2.6017578125,-47.6111328125,8.05),(2.6017578125,
      -47.6111328125,8.05),(2.69091796875,-47.56010742187,8.05),(
      2.80478515625,-47.56010742187,8.05),(2.80478515625,-47.56010742187
      ,8.05),(2.93154296875,-47.56010742187,8.05),(3.012646484375,
      -47.61274414062,8.05),(3.012646484375,-47.61274414062,8.05),(
      3.09375,-47.66538085937,8.05),(3.12705078125,-47.75991210937,8.05)
    ,(3.12705078125,-47.75991210937,8.05),(3.26240234375,-47.56010742187
      ,8.05),(3.47939453125,-47.56010742187,8.05),(3.47939453125,
      -47.56010742187,8.05),(3.64912109375,-47.56010742187,8.05),(
      3.7404296875,-47.6541015625,8.05),(3.7404296875,-47.6541015625,
      8.05),(3.83173828125,-47.74809570312,8.05),(3.83173828125,
      -47.94360351562,8.05),(3.83173828125,-47.94360351562,8.05),(
      3.83173828125,-48.72670898437,8.05),(3.83173828125,-48.72670898437
      ,8.05),(3.639453125,-48.72670898437,8.05),(3.639453125,
      -48.72670898437,8.05),(3.639453125,-48.00805664062,8.05),(
      3.639453125,-48.00805664062,8.05),(3.639453125,-47.89204101562,
      8.05),(3.620654296875,-47.841015625,8.05),(3.620654296875,
      -47.841015625,8.05),(3.60185546875,-47.78999023437,8.05),(
      3.55244140625,-47.75883789062,8.05),(3.55244140625,-47.75883789062
      ,8.05),(3.50302734375,-47.72768554687,8.05),(3.43642578125,
      -47.72768554687,8.05),(3.43642578125,-47.72768554687,8.05),(
      3.31611328125,-47.72768554687,8.05),(3.23662109375,-47.80771484375
      ,8.05),(3.23662109375,-47.80771484375,8.05),(3.15712890625,
      -47.88774414062,8.05),(3.15712890625,-48.06391601562,8.05),(
      3.15712890625,-48.06391601562,8.05),(3.15712890625,-48.72670898437
      ,8.05),(3.15712890625,-48.72670898437,8.05),(2.96376953125,
      -48.72670898437,8.05),(2.96376953125,-48.72670898437,8.05),(
      2.96376953125,-47.98549804687,8.05),(2.96376953125,-47.98549804687
      ,8.05),(2.96376953125,-47.85659179687,8.05),(2.91650390625,
      -47.79213867187,8.05),(2.91650390625,-47.79213867187,8.05),(
      2.86923828125,-47.72768554687,8.05),(2.76181640625,-47.72768554687
      ,8.05),(2.76181640625,-47.72768554687,8.05),(2.68017578125,
      -47.72768554687,8.05),(2.610888671875,-47.77065429687,8.05),(
      2.610888671875,-47.77065429687,8.05),(2.5416015625,-47.81362304687
      ,8.05),(2.51044921875,-47.89633789062,8.05),(2.51044921875,
      -47.89633789062,8.05),(2.479296875,-47.97905273437,8.05),(
      2.479296875,-48.13481445312,8.05),(2.479296875,-48.13481445312,
      8.05),(2.479296875,-48.72670898437,8.05),(2.479296875,
      -48.72670898437,8.07),(2.2859375,-48.72670898437,8.07),(2.2859375,
      -48.72670898437,8.07),(2.2859375,-47.58588867187,8.07),(2.2859375,
      -47.58588867187,8.07),(2.45888671875,-47.58588867187,8.07),(
      2.45888671875,-47.58588867187,8.07),(2.45888671875,-47.74594726562
      ,8.07),(2.45888671875,-47.74594726562,8.07),(2.51259765625,
      -47.66215820312,8.07),(2.6017578125,-47.6111328125,8.07),(
      2.6017578125,-47.6111328125,8.07),(2.69091796875,-47.56010742187,
      8.07),(2.80478515625,-47.56010742187,8.07),(2.80478515625,
      -47.56010742187,8.07),(2.93154296875,-47.56010742187,8.07),(
      3.012646484375,-47.61274414062,8.07),(3.012646484375,
      -47.61274414062,8.07),(3.09375,-47.66538085937,8.07),(
      3.12705078125,-47.75991210937,8.07),(3.12705078125,-47.75991210937
      ,8.07),(3.26240234375,-47.56010742187,8.07),(3.47939453125,
      -47.56010742187,8.07),(3.47939453125,-47.56010742187,8.07),(
      3.64912109375,-47.56010742187,8.07),(3.7404296875,-47.6541015625,
      8.07),(3.7404296875,-47.6541015625,8.07),(3.83173828125,
      -47.74809570312,8.07),(3.83173828125,-47.94360351562,8.07),(
      3.83173828125,-47.94360351562,8.07),(3.83173828125,-48.72670898437
      ,8.07),(3.83173828125,-48.72670898437,8.07),(3.639453125,
      -48.72670898437,8.07),(3.639453125,-48.72670898437,8.07),(
      3.639453125,-48.00805664062,8.07),(3.639453125,-48.00805664062,
      8.07),(3.639453125,-47.89204101562,8.07),(3.620654296875,
      -47.841015625,8.07),(3.620654296875,-47.841015625,8.07),(
      3.60185546875,-47.78999023437,8.07),(3.55244140625,-47.75883789062
      ,8.07),(3.55244140625,-47.75883789062,8.07),(3.50302734375,
      -47.72768554687,8.07),(3.43642578125,-47.72768554687,8.07),(
      3.43642578125,-47.72768554687,8.07),(3.31611328125,-47.72768554687
      ,8.07),(3.23662109375,-47.80771484375,8.07),(3.23662109375,
      -47.80771484375,8.07),(3.15712890625,-47.88774414062,8.07),(
      3.15712890625,-48.06391601562,8.07),(3.15712890625,-48.06391601562
      ,8.07),(3.15712890625,-48.72670898437,8.07),(3.15712890625,
      -48.72670898437,8.07),(2.96376953125,-48.72670898437,8.07),(
      2.96376953125,-48.72670898437,8.07),(2.96376953125,-47.98549804687
      ,8.07),(2.96376953125,-47.98549804687,8.07),(2.96376953125,
      -47.85659179687,8.07),(2.91650390625,-47.79213867187,8.07),(
      2.91650390625,-47.79213867187,8.07),(2.86923828125,-47.72768554687
      ,8.07),(2.76181640625,-47.72768554687,8.07),(2.76181640625,
      -47.72768554687,8.07),(2.68017578125,-47.72768554687,8.07),(
      2.610888671875,-47.77065429687,8.07),(2.610888671875,
      -47.77065429687,8.07),(2.5416015625,-47.81362304687,8.07),(
      2.51044921875,-47.89633789062,8.07),(2.51044921875,-47.89633789062
      ,8.07),(2.479296875,-47.97905273437,8.07),(2.479296875,
      -48.13481445312,8.07),(2.479296875,-48.13481445312,8.07),(
      2.479296875,-48.72670898437,8.07)));
#3090 = ANNOTATION_PLANE('',(#3091),#3093,(#3076));
#3091 = PRESENTATION_STYLE_ASSIGNMENT((NULL_STYLE(.NULL.)));
#3093 = PLANE('',#3094);
#3094 = AXIS2_PLACEMENT_3D('',#3095,#3096,#3097);
#3095 = CARTESIAN_POINT('',(0.,-48.,8.));
#3096 = DIRECTION('',(0.,0.,1.));
#3097 = DIRECTION('',(1.,0.,-0.));
#3098 = SHAPE_ASPECT('height','',#4,.T.);
#3099 = GEOMETRIC_ITEM_SPECIFIC_USAGE('height','',#3098,#10,#15);
#3100 = SHAPE_ASPECT('height','',#4,.T.);
#3101 = GEOMETRIC_ITEM_SPECIFIC_USAGE('height','',#3100,#10,#15);
#3102 = GEOMETRIC_ITEM_SPECIFIC_USAGE('','',#3103,#3279,#3104);
#3103 = DERIVED_SHAPE_ASPECT('','',#4,.F.);
#3104 = CARTESIAN_POINT('',(-90.,-39.,8.));
#3105 = SHAPE_ASPECT_DERIVING_RELATIONSHIP('',$,#3103,#3098);
#3106 = GEOMETRIC_ITEM_SPECIFIC_USAGE('','',#3107,#3279,#3108);
#3107 = DERIVED_SHAPE_ASPECT('','',#4,.F.);
#3108 = CARTESIAN_POINT('',(-90.,39.,8.));
#3109 = SHAPE_ASPECT_DERIVING_RELATIONSHIP('',$,#3107,#3100);
#3110 = ( LENGTH_MEASURE_WITH_UNIT() MEASURE_REPRESENTATION_ITEM() 
MEASURE_WITH_UNIT(POSITIVE_LENGTH_MEASURE(78.),#3054) 
REPRESENTATION_ITEM('nominal value') );
#3111 = SHAPE_DIMENSION_REPRESENTATION('',(#3110),#3053);
#3112 = DIMENSIONAL_CHARACTERISTIC_REPRESENTATION(#3113,#3111);
#3113 = DIMENSIONAL_LOCATION('linear distance outer outer',$,#3103,#3107
  );
#3114 = DRAUGHTING_MODEL_ITEM_ASSOCIATION(
  'PMI representation to presentation link','',#3113,#3280,#3115);
#3115 = DRAUGHTING_CALLOUT('78 mm - Overall height',(#3116));
#3116 = TESSELLATED_ANNOTATION_OCCURRENCE('',(#3078),#3117);
#3117 = TESSELLATED_GEOMETRIC_SET('',(#3118));
#3118 = TESSELLATED_CURVE_SET('',#3119,((1,2),(3,4),(5,6),(7,8),(9,10),(
      11,12),(13,14),(15,16),(17,18),(19,20),(21,22),(23,24),(25,26),(27
      ,28),(29,30),(31,32),(33,34),(35,36),(37,38),(39,40),(41,42),(43,
      44),(45,46),(47,48),(49,50),(51,52,53),(54,55,56),(57,58),(59,60),
    (61,62,63),(64,65,66),(67,68),(69,70),(71,72,73),(74,75,76),(77,78),
    (79,80),(81,82),(83,84),(85,86),(87,88),(89,90,91),(92,93,94),(95,96
      ),(97,98),(99,100,101),(102,103,104),(105,106),(107,108),(109,110,
      111),(112,113,114),(115,116),(117,118),(119,120),(121,122),(123,
      124,125),(126,127,128),(129,130,131),(132,133),(134,135,136),(137,
      138,139),(140,141,142),(143,144),(145,146),(147,148),(149,150),(
      151,152,153),(154,155,156),(157,158,159),(160,161),(162,163,164),(
      165,166,167),(168,169,170),(171,172),(173,174),(175,176,177),(178,
      179,180),(181,182),(183,184),(185,186,187),(188,189,190),(191,192)
    ,(193,194),(195,196,197),(198,199,200),(201,202),(203,204),(205,206,
      207),(208,209,210),(211,212),(213,214),(215,216,217),(218,219,220)
    ,(221,222),(223,224),(225,226,227),(228,229,230),(231,232),(233,234)
    ,(235,236,237),(238,239,240),(241,242),(243,244),(245,246,247),(248,
      249,250),(251,252),(253,254),(255,256,257),(258,259,260),(261,262)
    ,(263,264),(265,266,267),(268,269,270),(271,272),(273,274),(275,276,
      277),(278,279,280),(281,282),(283,284),(285,286,287),(288,289,290)
    ,(291,292),(293,294),(295,296,297),(298,299,300),(301,302),(303,304)
    ,(305,306,307),(308,309,310),(311,312),(313,314),(315,316,317),(318,
      319,320),(321,322),(323,324),(325,326,327),(328,329,330),(331,332)
    ,(333,334),(335,336,337),(338,339,340),(341,342),(343,344),(345,346,
      347),(348,349,350),(351,352),(353,354),(355,356,357),(358,359,360)
    ,(361,362),(363,364),(365,366,367),(368,369,370),(371,372),(373,374)
    ,(375,376,377),(378,379,380),(381,382),(383,384),(385,386,387),(388,
      389,390),(391,392),(393,394),(395,396,397),(398,399,400),(401,402)
    ,(403,404),(405,406,407),(408,409,410),(411,412),(413,414),(415,416,
      417),(418,419,420),(421,422),(423,424),(425,426,427),(428,429,430)
    ,(431,432),(433,434),(435,436,437),(438,439,440),(441,442),(443,444)
    ,(445,446,447),(448,449,450),(451,452),(453,454),(455,456,457),(458,
      459,460),(461,462),(463,464),(465,466,467),(468,469,470),(471,472)
    ,(473,474),(475,476,477),(478,479,480),(481,482),(483,484),(485,486,
      487),(488,489,490),(491,492),(493,494),(495,496,497),(498,499,500)
    ,(501,502,503),(504,505,506),(507,508,509),(510,511,512),(513,514,
      515),(516,517,518),(519,520,521),(522,523,524),(525,526,527),(528,
      529,530),(531,532,533),(534,535,536),(537,538,539),(540,541,542),(
      543,544,545),(546,547,548),(549,550,551),(552,553,554),(555,556,
      557),(558,559,560),(561,562,563),(564,565,566),(567,568,569),(570,
      571,572),(573,574,575),(576,577,578),(579,580,581),(582,583,584),(
      585,586,587),(588,589,590),(591,592,593),(594,595,596),(597,598,
      599),(600,601,602),(603,604,605),(606,607,608),(609,610,611),(612,
      613,614),(615,616,617),(618,619,620),(621,622,623),(624,625,626),(
      627,628,629),(630,631,632),(633,634,635),(636,637,638),(639,640,
      641),(642,643,644),(645,646,647),(648,649,650),(651,652,653),(654,
      655,656),(657,658,659),(660,661,662),(663,664,665),(666,667,668),(
      669,670,671),(672,673,674),(675,676,677),(678,679,680),(681,682,
      683),(684,685,686),(687,688,689),(690,691,692),(693,694,695),(696,
      697,698),(699,700),(701,702),(703,704),(705,706),(707,708),(709,
      710),(711,712),(713,714),(715,716),(717,718),(719,720),(721,722),(
      723,724),(725,726),(727,728),(729,730),(731,732),(733,734),(735,
      736,737),(738,739,740),(741,742),(743,744),(745,746,747),(748,749,
      750),(751,752),(753,754),(755,756,757),(758,759,760),(761,762),(
      763,764),(765,766,767),(768,769,770),(771,772),(773,774),(775,776,
      777),(778,779,780),(781,782),(783,784),(785,786,787),(788,789,790)
    ,(791,792),(793,794),(795,796,797),(798,799,800),(801,802),(803,804)
    ,(805,806),(807,808),(809,810),(811,812),(813,814),(815,816),(817,
      818),(819,820),(821,822),(823,824),(825,826),(827,828),(829,830,
      831),(832,833,834),(835,836),(837,838),(839,840,841),(842,843,844)
    ,(845,846),(847,848),(849,850,851),(852,853,854),(855,856),(857,858)
    ,(859,860,861),(862,863,864),(865,866),(867,868),(869,870,871),(872,
      873,874),(875,876),(877,878),(879,880),(881,882),(883,884),(885,
      886),(887,888),(889,890),(891,892),(893,894),(895,896),(897,898),(
      899,900),(901,902),(903,904,905),(906,907,908),(909,910),(911,912)
    ,(913,914,915),(916,917,918),(919,920),(921,922),(923,924,925),(926,
      927,928),(929,930),(931,932),(933,934,935),(936,937,938),(939,940)
    ,(941,942),(943,944,945),(946,947,948),(949,950),(951,952),(953,954)
    ,(955,956),(957,958),(959,960),(961,962),(963,964),(965,966,967),(
      968,969,970),(971,972,973),(974,975,976),(977,978,979),(980,981,
      982),(983,984,985),(986,987),(988,989),(990,991),(992,993,994),(
      995,996,997),(998,999,1000),(1001,1002,1003),(1004,1005,1006),(
      1007,1008),(1009,1010),(1011,1012),(1013,1014,1015),(1016,1017,
      1018),(1019,1020,1021),(1022,1023,1024),(1025,1026,1027),(1028,
      1029),(1030,1031),(1032,1033),(1034,1035),(1036,1037),(1038,1039,
      1040),(1041,1042,1043),(1044,1045,1046),(1047,1048,1049),(1050,
      1051,1052),(1053,1054,1055),(1056,1057,1058),(1059,1060),(1061,
      1062),(1063,1064),(1065,1066,1067),(1068,1069,1070),(1071,1072,
      1073),(1074,1075,1076),(1077,1078,1079),(1080,1081),(1082,1083),(
      1084,1085),(1086,1087,1088),(1089,1090,1091),(1092,1093,1094),(
      1095,1096,1097),(1098,1099,1100),(1101,1102),(1103,1104),(1105,
      1106),(1107,1108),(1109,1110),(1111,1112),(1113,1114),(1115,1116),
    (1117,1118),(1119,1120),(1121,1122),(1123,1124),(1125,1126),(1127,
      1128),(1129,1130),(1131,1132),(1133,1134),(1135,1136),(1137,1138),
    (1139,1140,1141),(1142,1143,1144),(1145,1146),(1147,1148),(1149,1150
      ,1151),(1152,1153,1154),(1155,1156),(1157,1158),(1159,1160,1161),(
      1162,1163,1164),(1165,1166),(1167,1168),(1169,1170,1171),(1172,
      1173,1174),(1175,1176),(1177,1178),(1179,1180,1181),(1182,1183,
      1184),(1185,1186),(1187,1188),(1189,1190,1191),(1192,1193,1194),(
      1195,1196),(1197,1198),(1199,1200,1201),(1202,1203,1204),(1205,
      1206),(1207,1208),(1209,1210),(1211,1212),(1213,1214),(1215,1216),
    (1217,1218),(1219,1220),(1221,1222),(1223,1224),(1225,1226),(1227,
      1228),(1229,1230),(1231,1232),(1233,1234,1235),(1236,1237,1238),(
      1239,1240),(1241,1242),(1243,1244,1245),(1246,1247,1248),(1249,
      1250),(1251,1252),(1253,1254,1255),(1256,1257,1258),(1259,1260),(
      1261,1262),(1263,1264,1265),(1266,1267,1268),(1269,1270),(1271,
      1272),(1273,1274,1275),(1276,1277,1278),(1279,1280),(1281,1282),(
      1283,1284),(1285,1286),(1287,1288),(1289,1290),(1291,1292),(1293,
      1294),(1295,1296),(1297,1298),(1299,1300),(1301,1302),(1303,1304),
    (1305,1306),(1307,1308,1309),(1310,1311,1312),(1313,1314),(1315,1316
      ),(1317,1318,1319),(1320,1321,1322),(1323,1324),(1325,1326),(1327,
      1328,1329),(1330,1331,1332),(1333,1334),(1335,1336),(1337,1338,
      1339),(1340,1341,1342),(1343,1344),(1345,1346),(1347,1348,1349),(
      1350,1351,1352),(1353,1354),(1355,1356),(1357,1358),(1359,1360),(
      1361,1362),(1363,1364),(1365,1366),(1367,1368),(1369,1370,1371),(
      1372,1373,1374),(1375,1376,1377),(1378,1379,1380),(1381,1382,1383)
    ,(1384,1385,1386),(1387,1388,1389),(1390,1391),(1392,1393),(1394,
      1395),(1396,1397,1398),(1399,1400,1401),(1402,1403,1404),(1405,
      1406,1407),(1408,1409,1410),(1411,1412),(1413,1414),(1415,1416),(
      1417,1418,1419),(1420,1421,1422),(1423,1424,1425),(1426,1427,1428)
    ,(1429,1430,1431),(1432,1433),(1434,1435),(1436,1437),(1438,1439),(
      1440,1441),(1442,1443,1444),(1445,1446,1447),(1448,1449,1450),(
      1451,1452,1453),(1454,1455,1456),(1457,1458,1459),(1460,1461,1462)
    ,(1463,1464),(1465,1466),(1467,1468),(1469,1470,1471),(1472,1473,
      1474),(1475,1476,1477),(1478,1479,1480),(1481,1482,1483),(1484,
      1485),(1486,1487),(1488,1489),(1490,1491,1492),(1493,1494,1495),(
      1496,1497,1498),(1499,1500,1501),(1502,1503,1504),(1505,1506)));
#3119 = COORDINATES_LIST('',1506,((-90.,-39.,8.),(-101.,-39.,8.),(-90.,
      39.,8.),(-101.,39.,8.),(-101.,-39.,8.),(-101.,39.,8.),(-101.,-39.,
      8.),(-101.76,-37.,8.),(-101.,-39.,8.),(-100.24,-37.,8.),(-101.,39.
      ,8.),(-101.76,37.,8.),(-101.,39.,8.),(-100.24,37.,8.),(
      -101.6418457031,-2.486279296875,8.05),(-101.6418457031,
      -2.486279296875,8.07),(-101.6418457031,-3.257568359375,8.05),(
      -101.6418457031,-3.257568359375,8.07),(-101.6418457031,
      -2.486279296875,8.05),(-101.6418457031,-3.257568359375,8.05),(
      -101.6418457031,-2.486279296875,8.07),(-101.6418457031,
      -3.257568359375,8.07),(-101.6418457031,-3.257568359375,8.05),(
      -101.6418457031,-3.257568359375,8.07),(-101.8276855468,
      -3.257568359375,8.05),(-101.8276855468,-3.257568359375,8.07),(
      -101.6418457031,-3.257568359375,8.05),(-101.8276855468,
      -3.257568359375,8.05),(-101.6418457031,-3.257568359375,8.07),(
      -101.8276855468,-3.257568359375,8.07),(-101.8276855468,
      -3.257568359375,8.05),(-101.8276855468,-3.257568359375,8.07),(
      -101.8276855468,-2.238134765625,8.05),(-101.8276855468,
      -2.238134765625,8.07),(-101.8276855468,-3.257568359375,8.05),(
      -101.8276855468,-2.238134765625,8.05),(-101.8276855468,
      -3.257568359375,8.07),(-101.8276855468,-2.238134765625,8.07),(
      -101.8276855468,-2.238134765625,8.05),(-101.8276855468,
      -2.238134765625,8.07),(-101.6772949218,-2.238134765625,8.05),(
      -101.6772949218,-2.238134765625,8.07),(-101.8276855468,
      -2.238134765625,8.05),(-101.6772949218,-2.238134765625,8.05),(
      -101.8276855468,-2.238134765625,8.07),(-101.6772949218,
      -2.238134765625,8.07),(-101.6772949218,-2.238134765625,8.05),(
      -101.6772949218,-2.238134765625,8.07),(-101.2519042968,
      -2.53623046875,8.05),(-101.2519042968,-2.53623046875,8.07),(
      -101.6772949218,-2.238134765625,8.05),(-101.5172363281,
      -2.388525390625,8.05),(-101.2519042968,-2.53623046875,8.05),(
      -101.6772949218,-2.238134765625,8.07),(-101.5172363281,
      -2.388525390625,8.07),(-101.2519042968,-2.53623046875,8.07),(
      -101.2519042968,-2.53623046875,8.05),(-101.2519042968,
      -2.53623046875,8.07),(-100.7062011718,-2.764501953125,8.05),(
      -100.7062011718,-2.764501953125,8.07),(-101.2519042968,
      -2.53623046875,8.05),(-100.9865722656,-2.683935546875,8.05),(
      -100.7062011718,-2.764501953125,8.05),(-101.2519042968,
      -2.53623046875,8.07),(-100.9865722656,-2.683935546875,8.07),(
      -100.7062011718,-2.764501953125,8.07),(-100.7062011718,
      -2.764501953125,8.05),(-100.7062011718,-2.764501953125,8.07),(
      -100.2732910156,-2.838623046875,8.05),(-100.2732910156,
      -2.838623046875,8.07),(-100.7062011718,-2.764501953125,8.05),(
      -100.5085449218,-2.822509765625,8.05),(-100.2732910156,
      -2.838623046875,8.05),(-100.7062011718,-2.764501953125,8.07),(
      -100.5085449218,-2.822509765625,8.07),(-100.2732910156,
      -2.838623046875,8.07),(-100.2732910156,-2.838623046875,8.05),(
      -100.2732910156,-2.838623046875,8.07),(-100.2732910156,
      -3.037353515625,8.05),(-100.2732910156,-3.037353515625,8.07),(
      -100.2732910156,-2.838623046875,8.05),(-100.2732910156,
      -3.037353515625,8.05),(-100.2732910156,-2.838623046875,8.07),(
      -100.2732910156,-3.037353515625,8.07),(-100.2732910156,
      -3.037353515625,8.05),(-100.2732910156,-3.037353515625,8.07),(
      -100.7223144531,-2.964306640625,8.05),(-100.7223144531,
      -2.964306640625,8.07),(-100.2732910156,-3.037353515625,8.05),(
      -100.4591308593,-3.034130859375,8.05),(-100.7223144531,
      -2.964306640625,8.05),(-100.2732910156,-3.037353515625,8.07),(
      -100.4591308593,-3.034130859375,8.07),(-100.7223144531,
      -2.964306640625,8.07),(-100.7223144531,-2.964306640625,8.05),(
      -100.7223144531,-2.964306640625,8.07),(-101.2298828125,
      -2.76396484375,8.05),(-101.2298828125,-2.76396484375,8.07),(
      -100.7223144531,-2.964306640625,8.05),(-100.9854980468,
      -2.894482421875,8.05),(-101.2298828125,-2.76396484375,8.05),(
      -100.7223144531,-2.964306640625,8.07),(-100.9854980468,
      -2.894482421875,8.07),(-101.2298828125,-2.76396484375,8.07),(
      -101.2298828125,-2.76396484375,8.05),(-101.2298828125,
      -2.76396484375,8.07),(-101.6418457031,-2.486279296875,8.05),(
      -101.6418457031,-2.486279296875,8.07),(-101.2298828125,
      -2.76396484375,8.05),(-101.4742675781,-2.633447265625,8.05),(
      -101.6418457031,-2.486279296875,8.05),(-101.2298828125,
      -2.76396484375,8.07),(-101.4742675781,-2.633447265625,8.07),(
      -101.6418457031,-2.486279296875,8.07),(-101.6418457031,
      -2.486279296875,8.05),(-101.6418457031,-3.257568359375,8.05),(
      -101.6418457031,-3.257568359375,8.05),(-101.8276855468,
      -3.257568359375,8.05),(-101.8276855468,-3.257568359375,8.05),(
      -101.8276855468,-2.238134765625,8.05),(-101.8276855468,
      -2.238134765625,8.05),(-101.6772949218,-2.238134765625,8.05),(
      -101.6772949218,-2.238134765625,8.05),(-101.5172363281,
      -2.388525390625,8.05),(-101.2519042968,-2.53623046875,8.05),(
      -101.2519042968,-2.53623046875,8.05),(-100.9865722656,
      -2.683935546875,8.05),(-100.7062011718,-2.764501953125,8.05),(
      -100.7062011718,-2.764501953125,8.05),(-100.5085449218,
      -2.822509765625,8.05),(-100.2732910156,-2.838623046875,8.05),(
      -100.2732910156,-2.838623046875,8.05),(-100.2732910156,
      -3.037353515625,8.05),(-100.2732910156,-3.037353515625,8.05),(
      -100.4591308593,-3.034130859375,8.05),(-100.7223144531,
      -2.964306640625,8.05),(-100.7223144531,-2.964306640625,8.05),(
      -100.9854980468,-2.894482421875,8.05),(-101.2298828125,
      -2.76396484375,8.05),(-101.2298828125,-2.76396484375,8.05),(
      -101.4742675781,-2.633447265625,8.05),(-101.6418457031,
      -2.486279296875,8.05),(-101.6418457031,-2.486279296875,8.07),(
      -101.6418457031,-3.257568359375,8.07),(-101.6418457031,
      -3.257568359375,8.07),(-101.8276855468,-3.257568359375,8.07),(
      -101.8276855468,-3.257568359375,8.07),(-101.8276855468,
      -2.238134765625,8.07),(-101.8276855468,-2.238134765625,8.07),(
      -101.6772949218,-2.238134765625,8.07),(-101.6772949218,
      -2.238134765625,8.07),(-101.5172363281,-2.388525390625,8.07),(
      -101.2519042968,-2.53623046875,8.07),(-101.2519042968,
      -2.53623046875,8.07),(-100.9865722656,-2.683935546875,8.07),(
      -100.7062011718,-2.764501953125,8.07),(-100.7062011718,
      -2.764501953125,8.07),(-100.5085449218,-2.822509765625,8.07),(
      -100.2732910156,-2.838623046875,8.07),(-100.2732910156,
      -2.838623046875,8.07),(-100.2732910156,-3.037353515625,8.07),(
      -100.2732910156,-3.037353515625,8.07),(-100.4591308593,
      -3.034130859375,8.07),(-100.7223144531,-2.964306640625,8.07),(
      -100.7223144531,-2.964306640625,8.07),(-100.9854980468,
      -2.894482421875,8.07),(-101.2298828125,-2.76396484375,8.07),(
      -101.2298828125,-2.76396484375,8.07),(-101.4742675781,
      -2.633447265625,8.07),(-101.6418457031,-2.486279296875,8.07),(
      -101.1272949218,-1.749365234375,8.05),(-101.1272949218,
      -1.749365234375,8.07),(-101.2529785156,-1.927685546875,8.05),(
      -101.2529785156,-1.927685546875,8.07),(-101.1272949218,
      -1.749365234375,8.05),(-101.1713378906,-1.869677734375,8.05),(
      -101.2529785156,-1.927685546875,8.05),(-101.1272949218,
      -1.749365234375,8.07),(-101.1713378906,-1.869677734375,8.07),(
      -101.2529785156,-1.927685546875,8.07),(-101.2529785156,
      -1.927685546875,8.05),(-101.2529785156,-1.927685546875,8.07),(
      -101.4484863281,-1.985693359375,8.05),(-101.4484863281,
      -1.985693359375,8.07),(-101.2529785156,-1.927685546875,8.05),(
      -101.3346191406,-1.985693359375,8.05),(-101.4484863281,
      -1.985693359375,8.05),(-101.2529785156,-1.927685546875,8.07),(
      -101.3346191406,-1.985693359375,8.07),(-101.4484863281,
      -1.985693359375,8.07),(-101.4484863281,-1.985693359375,8.05),(
      -101.4484863281,-1.985693359375,8.07),(-101.7374511718,
      -1.862158203125,8.05),(-101.7374511718,-1.862158203125,8.07),(
      -101.4484863281,-1.985693359375,8.05),(-101.6203613281,
      -1.985693359375,8.05),(-101.7374511718,-1.862158203125,8.05),(
      -101.4484863281,-1.985693359375,8.07),(-101.6203613281,
      -1.985693359375,8.07),(-101.7374511718,-1.862158203125,8.07),(
      -101.7374511718,-1.862158203125,8.05),(-101.7374511718,
      -1.862158203125,8.07),(-101.8545410156,-1.533447265625,8.05),(
      -101.8545410156,-1.533447265625,8.07),(-101.7374511718,
      -1.862158203125,8.05),(-101.8545410156,-1.738623046875,8.05),(
      -101.8545410156,-1.533447265625,8.05),(-101.7374511718,
      -1.862158203125,8.07),(-101.8545410156,-1.738623046875,8.07),(
      -101.8545410156,-1.533447265625,8.07),(-101.8545410156,
      -1.533447265625,8.05),(-101.8545410156,-1.533447265625,8.07),(
      -101.734765625,-1.201513671875,8.05),(-101.734765625,
      -1.201513671875,8.07),(-101.8545410156,-1.533447265625,8.05),(
      -101.8545410156,-1.327197265625,8.05),(-101.734765625,
      -1.201513671875,8.05),(-101.8545410156,-1.533447265625,8.07),(
      -101.8545410156,-1.327197265625,8.07),(-101.734765625,
      -1.201513671875,8.07),(-101.734765625,-1.201513671875,8.05),(
      -101.734765625,-1.201513671875,8.07),(-101.4431152343,
      -1.075830078125,8.05),(-101.4431152343,-1.075830078125,8.07),(
      -101.734765625,-1.201513671875,8.05),(-101.6149902343,
      -1.075830078125,8.05),(-101.4431152343,-1.075830078125,8.05),(
      -101.734765625,-1.201513671875,8.07),(-101.6149902343,
      -1.075830078125,8.07),(-101.4431152343,-1.075830078125,8.07),(
      -101.4431152343,-1.075830078125,8.05),(-101.4431152343,
      -1.075830078125,8.07),(-101.2524414062,-1.13330078125,8.05),(
      -101.2524414062,-1.13330078125,8.07),(-101.4431152343,
      -1.075830078125,8.05),(-101.3335449218,-1.075830078125,8.05),(
      -101.2524414062,-1.13330078125,8.05),(-101.4431152343,
      -1.075830078125,8.07),(-101.3335449218,-1.075830078125,8.07),(
      -101.2524414062,-1.13330078125,8.07),(-101.2524414062,
      -1.13330078125,8.05),(-101.2524414062,-1.13330078125,8.07),(
      -101.1272949218,-1.307861328125,8.05),(-101.1272949218,
      -1.307861328125,8.07),(-101.2524414062,-1.13330078125,8.05),(
      -101.1713378906,-1.190771484375,8.05),(-101.1272949218,
      -1.307861328125,8.05),(-101.2524414062,-1.13330078125,8.07),(
      -101.1713378906,-1.190771484375,8.07),(-101.1272949218,
      -1.307861328125,8.07),(-101.1272949218,-1.307861328125,8.05),(
      -101.1272949218,-1.307861328125,8.07),(-100.9747558593,
      -1.087109375,8.05),(-100.9747558593,-1.087109375,8.07),(
      -101.1272949218,-1.307861328125,8.05),(-101.0800292968,
      -1.162841796875,8.05),(-100.9747558593,-1.087109375,8.05),(
      -101.1272949218,-1.307861328125,8.07),(-101.0800292968,
      -1.162841796875,8.07),(-100.9747558593,-1.087109375,8.07),(
      -100.9747558593,-1.087109375,8.05),(-100.9747558593,-1.087109375,
      8.07),(-100.7233886718,-1.011376953125,8.05),(-100.7233886718,
      -1.011376953125,8.07),(-100.9747558593,-1.087109375,8.05),(
      -100.8694824218,-1.011376953125,8.05),(-100.7233886718,
      -1.011376953125,8.05),(-100.9747558593,-1.087109375,8.07),(
      -100.8694824218,-1.011376953125,8.07),(-100.7233886718,
      -1.011376953125,8.07),(-100.7233886718,-1.011376953125,8.05),(
      -100.7233886718,-1.011376953125,8.07),(-100.3839355468,
      -1.154248046875,8.05),(-100.3839355468,-1.154248046875,8.07),(
      -100.7233886718,-1.011376953125,8.05),(-100.5214355468,
      -1.011376953125,8.05),(-100.3839355468,-1.154248046875,8.05),(
      -100.7233886718,-1.011376953125,8.07),(-100.5214355468,
      -1.011376953125,8.07),(-100.3839355468,-1.154248046875,8.07),(
      -100.3839355468,-1.154248046875,8.05),(-100.3839355468,
      -1.154248046875,8.07),(-100.2464355468,-1.530224609375,8.05),(
      -100.2464355468,-1.530224609375,8.07),(-100.3839355468,
      -1.154248046875,8.05),(-100.2464355468,-1.297119140625,8.05),(
      -100.2464355468,-1.530224609375,8.05),(-100.3839355468,
      -1.154248046875,8.07),(-100.2464355468,-1.297119140625,8.07),(
      -100.2464355468,-1.530224609375,8.07),(-100.2464355468,
      -1.530224609375,8.05),(-100.2464355468,-1.530224609375,8.07),(
      -100.3844726562,-1.906201171875,8.05),(-100.3844726562,
      -1.906201171875,8.07),(-100.2464355468,-1.530224609375,8.05),(
      -100.2464355468,-1.763330078125,8.05),(-100.3844726562,
      -1.906201171875,8.05),(-100.2464355468,-1.530224609375,8.07),(
      -100.2464355468,-1.763330078125,8.07),(-100.3844726562,
      -1.906201171875,8.07),(-100.3844726562,-1.906201171875,8.05),(
      -100.3844726562,-1.906201171875,8.07),(-100.7287597656,
      -2.049072265625,8.05),(-100.7287597656,-2.049072265625,8.07),(
      -100.3844726562,-1.906201171875,8.05),(-100.5225097656,
      -2.049072265625,8.05),(-100.7287597656,-2.049072265625,8.05),(
      -100.3844726562,-1.906201171875,8.07),(-100.5225097656,
      -2.049072265625,8.07),(-100.7287597656,-2.049072265625,8.07),(
      -100.7287597656,-2.049072265625,8.05),(-100.7287597656,
      -2.049072265625,8.07),(-100.9860351562,-1.97119140625,8.05),(
      -100.9860351562,-1.97119140625,8.07),(-100.7287597656,
      -2.049072265625,8.05),(-100.8823730468,-2.049072265625,8.05),(
      -100.9860351562,-1.97119140625,8.05),(-100.7287597656,
      -2.049072265625,8.07),(-100.8823730468,-2.049072265625,8.07),(
      -100.9860351562,-1.97119140625,8.07),(-100.9860351562,
      -1.97119140625,8.05),(-100.9860351562,-1.97119140625,8.07),(
      -101.1272949218,-1.749365234375,8.05),(-101.1272949218,
      -1.749365234375,8.07),(-100.9860351562,-1.97119140625,8.05),(
      -101.0896972656,-1.893310546875,8.05),(-101.1272949218,
      -1.749365234375,8.05),(-100.9860351562,-1.97119140625,8.07),(
      -101.0896972656,-1.893310546875,8.07),(-101.1272949218,
      -1.749365234375,8.07),(-101.4549316406,-1.788037109375,8.05),(
      -101.4549316406,-1.788037109375,8.07),(-101.2723144531,
      -1.716064453125,8.05),(-101.2723144531,-1.716064453125,8.07),(
      -101.4549316406,-1.788037109375,8.05),(-101.3432128906,
      -1.788037109375,8.05),(-101.2723144531,-1.716064453125,8.05),(
      -101.4549316406,-1.788037109375,8.07),(-101.3432128906,
      -1.788037109375,8.07),(-101.2723144531,-1.716064453125,8.07),(
      -101.2723144531,-1.716064453125,8.05),(-101.2723144531,
      -1.716064453125,8.07),(-101.2014160156,-1.529150390625,8.05),(
      -101.2014160156,-1.529150390625,8.07),(-101.2723144531,
      -1.716064453125,8.05),(-101.2014160156,-1.644091796875,8.05),(
      -101.2014160156,-1.529150390625,8.05),(-101.2723144531,
      -1.716064453125,8.07),(-101.2014160156,-1.644091796875,8.07),(
      -101.2014160156,-1.529150390625,8.07),(-101.2014160156,
      -1.529150390625,8.05),(-101.2014160156,-1.529150390625,8.07),(
      -101.2717773437,-1.34599609375,8.05),(-101.2717773437,
      -1.34599609375,8.07),(-101.2014160156,-1.529150390625,8.05),(
      -101.2014160156,-1.417431640625,8.05),(-101.2717773437,
      -1.34599609375,8.05),(-101.2014160156,-1.529150390625,8.07),(
      -101.2014160156,-1.417431640625,8.07),(-101.2717773437,
      -1.34599609375,8.07),(-101.2717773437,-1.34599609375,8.05),(
      -101.2717773437,-1.34599609375,8.07),(-101.4441894531,
      -1.274560546875,8.05),(-101.4441894531,-1.274560546875,8.07),(
      -101.2717773437,-1.34599609375,8.05),(-101.3421386718,
      -1.274560546875,8.05),(-101.4441894531,-1.274560546875,8.05),(
      -101.2717773437,-1.34599609375,8.07),(-101.3421386718,
      -1.274560546875,8.07),(-101.4441894531,-1.274560546875,8.07),(
      -101.4441894531,-1.274560546875,8.05),(-101.4441894531,
      -1.274560546875,8.07),(-101.623046875,-1.34814453125,8.05),(
      -101.623046875,-1.34814453125,8.07),(-101.4441894531,
      -1.274560546875,8.05),(-101.5505371093,-1.274560546875,8.05),(
      -101.623046875,-1.34814453125,8.05),(-101.4441894531,
      -1.274560546875,8.07),(-101.5505371093,-1.274560546875,8.07),(
      -101.623046875,-1.34814453125,8.07),(-101.623046875,-1.34814453125
      ,8.05),(-101.623046875,-1.34814453125,8.07),(-101.6955566406,
      -1.531298828125,8.05),(-101.6955566406,-1.531298828125,8.07),(
      -101.623046875,-1.34814453125,8.05),(-101.6955566406,
      -1.421728515625,8.05),(-101.6955566406,-1.531298828125,8.05),(
      -101.623046875,-1.34814453125,8.07),(-101.6955566406,
      -1.421728515625,8.07),(-101.6955566406,-1.531298828125,8.07),(
      -101.6955566406,-1.531298828125,8.05),(-101.6955566406,
      -1.531298828125,8.07),(-101.6246582031,-1.714990234375,8.05),(
      -101.6246582031,-1.714990234375,8.07),(-101.6955566406,
      -1.531298828125,8.05),(-101.6955566406,-1.641943359375,8.05),(
      -101.6246582031,-1.714990234375,8.05),(-101.6955566406,
      -1.531298828125,8.07),(-101.6955566406,-1.641943359375,8.07),(
      -101.6246582031,-1.714990234375,8.07),(-101.6246582031,
      -1.714990234375,8.05),(-101.6246582031,-1.714990234375,8.07),(
      -101.4549316406,-1.788037109375,8.05),(-101.4549316406,
      -1.788037109375,8.07),(-101.6246582031,-1.714990234375,8.05),(
      -101.5537597656,-1.788037109375,8.05),(-101.4549316406,
      -1.788037109375,8.05),(-101.6246582031,-1.714990234375,8.07),(
      -101.5537597656,-1.788037109375,8.07),(-101.4549316406,
      -1.788037109375,8.07),(-100.7276855468,-1.850341796875,8.05),(
      -100.7276855468,-1.850341796875,8.07),(-100.5676269531,
      -1.8111328125,8.05),(-100.5676269531,-1.8111328125,8.07),(
      -100.7276855468,-1.850341796875,8.05),(-100.6449707031,
      -1.850341796875,8.05),(-100.5676269531,-1.8111328125,8.05),(
      -100.7276855468,-1.850341796875,8.07),(-100.6449707031,
      -1.850341796875,8.07),(-100.5676269531,-1.8111328125,8.07),(
      -100.5676269531,-1.8111328125,8.05),(-100.5676269531,-1.8111328125
      ,8.07),(-100.4478515625,-1.694580078125,8.05),(-100.4478515625,
      -1.694580078125,8.07),(-100.5676269531,-1.8111328125,8.05),(
      -100.4902832031,-1.771923828125,8.05),(-100.4478515625,
      -1.694580078125,8.05),(-100.5676269531,-1.8111328125,8.07),(
      -100.4902832031,-1.771923828125,8.07),(-100.4478515625,
      -1.694580078125,8.07),(-100.4478515625,-1.694580078125,8.05),(
      -100.4478515625,-1.694580078125,8.07),(-100.4054199218,
      -1.528076171875,8.05),(-100.4054199218,-1.528076171875,8.07),(
      -100.4478515625,-1.694580078125,8.05),(-100.4054199218,
      -1.617236328125,8.05),(-100.4054199218,-1.528076171875,8.05),(
      -100.4478515625,-1.694580078125,8.07),(-100.4054199218,
      -1.617236328125,8.07),(-100.4054199218,-1.528076171875,8.07),(
      -100.4054199218,-1.528076171875,8.05),(-100.4054199218,
      -1.528076171875,8.07),(-100.4945800781,-1.299267578125,8.05),(
      -100.4945800781,-1.299267578125,8.07),(-100.4054199218,
      -1.528076171875,8.05),(-100.4054199218,-1.389501953125,8.05),(
      -100.4945800781,-1.299267578125,8.05),(-100.4054199218,
      -1.528076171875,8.07),(-100.4054199218,-1.389501953125,8.07),(
      -100.4945800781,-1.299267578125,8.07),(-100.4945800781,
      -1.299267578125,8.05),(-100.4945800781,-1.299267578125,8.07),(
      -100.7212402343,-1.209033203125,8.05),(-100.7212402343,
      -1.209033203125,8.07),(-100.4945800781,-1.299267578125,8.05),(
      -100.5837402343,-1.209033203125,8.05),(-100.7212402343,
      -1.209033203125,8.05),(-100.4945800781,-1.299267578125,8.07),(
      -100.5837402343,-1.209033203125,8.07),(-100.7212402343,
      -1.209033203125,8.07),(-100.7212402343,-1.209033203125,8.05),(
      -100.7212402343,-1.209033203125,8.07),(-100.9521972656,
      -1.301953125,8.05),(-100.9521972656,-1.301953125,8.07),(
      -100.7212402343,-1.209033203125,8.05),(-100.8608886718,
      -1.209033203125,8.05),(-100.9521972656,-1.301953125,8.05),(
      -100.7212402343,-1.209033203125,8.07),(-100.8608886718,
      -1.209033203125,8.07),(-100.9521972656,-1.301953125,8.07),(
      -100.9521972656,-1.301953125,8.05),(-100.9521972656,-1.301953125,
      8.07),(-101.0435058593,-1.534521484375,8.05),(-101.0435058593,
      -1.534521484375,8.07),(-100.9521972656,-1.301953125,8.05),(
      -101.0435058593,-1.394873046875,8.05),(-101.0435058593,
      -1.534521484375,8.05),(-100.9521972656,-1.301953125,8.07),(
      -101.0435058593,-1.394873046875,8.07),(-101.0435058593,
      -1.534521484375,8.07),(-101.0435058593,-1.534521484375,8.05),(
      -101.0435058593,-1.534521484375,8.07),(-100.9532714843,
      -1.76064453125,8.05),(-100.9532714843,-1.76064453125,8.07),(
      -101.0435058593,-1.534521484375,8.05),(-101.0435058593,
      -1.670947265625,8.05),(-100.9532714843,-1.76064453125,8.05),(
      -101.0435058593,-1.534521484375,8.07),(-101.0435058593,
      -1.670947265625,8.07),(-100.9532714843,-1.76064453125,8.07),(
      -100.9532714843,-1.76064453125,8.05),(-100.9532714843,
      -1.76064453125,8.07),(-100.7276855468,-1.850341796875,8.05),(
      -100.7276855468,-1.850341796875,8.07),(-100.9532714843,
      -1.76064453125,8.05),(-100.8630371093,-1.850341796875,8.05),(
      -100.7276855468,-1.850341796875,8.05),(-100.9532714843,
      -1.76064453125,8.07),(-100.8630371093,-1.850341796875,8.07),(
      -100.7276855468,-1.850341796875,8.07),(-101.1272949218,
      -1.749365234375,8.05),(-101.1713378906,-1.869677734375,8.05),(
      -101.2529785156,-1.927685546875,8.05),(-101.2529785156,
      -1.927685546875,8.05),(-101.3346191406,-1.985693359375,8.05),(
      -101.4484863281,-1.985693359375,8.05),(-101.4484863281,
      -1.985693359375,8.05),(-101.6203613281,-1.985693359375,8.05),(
      -101.7374511718,-1.862158203125,8.05),(-101.7374511718,
      -1.862158203125,8.05),(-101.8545410156,-1.738623046875,8.05),(
      -101.8545410156,-1.533447265625,8.05),(-101.8545410156,
      -1.533447265625,8.05),(-101.8545410156,-1.327197265625,8.05),(
      -101.734765625,-1.201513671875,8.05),(-101.734765625,
      -1.201513671875,8.05),(-101.6149902343,-1.075830078125,8.05),(
      -101.4431152343,-1.075830078125,8.05),(-101.4431152343,
      -1.075830078125,8.05),(-101.3335449218,-1.075830078125,8.05),(
      -101.2524414062,-1.13330078125,8.05),(-101.2524414062,
      -1.13330078125,8.05),(-101.1713378906,-1.190771484375,8.05),(
      -101.1272949218,-1.307861328125,8.05),(-101.1272949218,
      -1.307861328125,8.05),(-101.0800292968,-1.162841796875,8.05),(
      -100.9747558593,-1.087109375,8.05),(-100.9747558593,-1.087109375,
      8.05),(-100.8694824218,-1.011376953125,8.05),(-100.7233886718,
      -1.011376953125,8.05),(-100.7233886718,-1.011376953125,8.05),(
      -100.5214355468,-1.011376953125,8.05),(-100.3839355468,
      -1.154248046875,8.05),(-100.3839355468,-1.154248046875,8.05),(
      -100.2464355468,-1.297119140625,8.05),(-100.2464355468,
      -1.530224609375,8.05),(-100.2464355468,-1.530224609375,8.05),(
      -100.2464355468,-1.763330078125,8.05),(-100.3844726562,
      -1.906201171875,8.05),(-100.3844726562,-1.906201171875,8.05),(
      -100.5225097656,-2.049072265625,8.05),(-100.7287597656,
      -2.049072265625,8.05),(-100.7287597656,-2.049072265625,8.05),(
      -100.8823730468,-2.049072265625,8.05),(-100.9860351562,
      -1.97119140625,8.05),(-100.9860351562,-1.97119140625,8.05),(
      -101.0896972656,-1.893310546875,8.05),(-101.1272949218,
      -1.749365234375,8.05),(-101.4549316406,-1.788037109375,8.05),(
      -101.3432128906,-1.788037109375,8.05),(-101.2723144531,
      -1.716064453125,8.05),(-101.2723144531,-1.716064453125,8.05),(
      -101.2014160156,-1.644091796875,8.05),(-101.2014160156,
      -1.529150390625,8.05),(-101.2014160156,-1.529150390625,8.05),(
      -101.2014160156,-1.417431640625,8.05),(-101.2717773437,
      -1.34599609375,8.05),(-101.2717773437,-1.34599609375,8.05),(
      -101.3421386718,-1.274560546875,8.05),(-101.4441894531,
      -1.274560546875,8.05),(-101.4441894531,-1.274560546875,8.05),(
      -101.5505371093,-1.274560546875,8.05),(-101.623046875,
      -1.34814453125,8.05),(-101.623046875,-1.34814453125,8.05),(
      -101.6955566406,-1.421728515625,8.05),(-101.6955566406,
      -1.531298828125,8.05),(-101.6955566406,-1.531298828125,8.05),(
      -101.6955566406,-1.641943359375,8.05),(-101.6246582031,
      -1.714990234375,8.05),(-101.6246582031,-1.714990234375,8.05),(
      -101.5537597656,-1.788037109375,8.05),(-101.4549316406,
      -1.788037109375,8.05),(-100.7276855468,-1.850341796875,8.05),(
      -100.6449707031,-1.850341796875,8.05),(-100.5676269531,
      -1.8111328125,8.05),(-100.5676269531,-1.8111328125,8.05),(
      -100.4902832031,-1.771923828125,8.05),(-100.4478515625,
      -1.694580078125,8.05),(-100.4478515625,-1.694580078125,8.05),(
      -100.4054199218,-1.617236328125,8.05),(-100.4054199218,
      -1.528076171875,8.05),(-100.4054199218,-1.528076171875,8.05),(
      -100.4054199218,-1.389501953125,8.05),(-100.4945800781,
      -1.299267578125,8.05),(-100.4945800781,-1.299267578125,8.05),(
      -100.5837402343,-1.209033203125,8.05),(-100.7212402343,
      -1.209033203125,8.05),(-100.7212402343,-1.209033203125,8.05),(
      -100.8608886718,-1.209033203125,8.05),(-100.9521972656,
      -1.301953125,8.05),(-100.9521972656,-1.301953125,8.05),(
      -101.0435058593,-1.394873046875,8.05),(-101.0435058593,
      -1.534521484375,8.05),(-101.0435058593,-1.534521484375,8.05),(
      -101.0435058593,-1.670947265625,8.05),(-100.9532714843,
      -1.76064453125,8.05),(-100.9532714843,-1.76064453125,8.05),(
      -100.8630371093,-1.850341796875,8.05),(-100.7276855468,
      -1.850341796875,8.05),(-101.1272949218,-1.749365234375,8.07),(
      -101.1713378906,-1.869677734375,8.07),(-101.2529785156,
      -1.927685546875,8.07),(-101.2529785156,-1.927685546875,8.07),(
      -101.3346191406,-1.985693359375,8.07),(-101.4484863281,
      -1.985693359375,8.07),(-101.4484863281,-1.985693359375,8.07),(
      -101.6203613281,-1.985693359375,8.07),(-101.7374511718,
      -1.862158203125,8.07),(-101.7374511718,-1.862158203125,8.07),(
      -101.8545410156,-1.738623046875,8.07),(-101.8545410156,
      -1.533447265625,8.07),(-101.8545410156,-1.533447265625,8.07),(
      -101.8545410156,-1.327197265625,8.07),(-101.734765625,
      -1.201513671875,8.07),(-101.734765625,-1.201513671875,8.07),(
      -101.6149902343,-1.075830078125,8.07),(-101.4431152343,
      -1.075830078125,8.07),(-101.4431152343,-1.075830078125,8.07),(
      -101.3335449218,-1.075830078125,8.07),(-101.2524414062,
      -1.13330078125,8.07),(-101.2524414062,-1.13330078125,8.07),(
      -101.1713378906,-1.190771484375,8.07),(-101.1272949218,
      -1.307861328125,8.07),(-101.1272949218,-1.307861328125,8.07),(
      -101.0800292968,-1.162841796875,8.07),(-100.9747558593,
      -1.087109375,8.07),(-100.9747558593,-1.087109375,8.07),(
      -100.8694824218,-1.011376953125,8.07),(-100.7233886718,
      -1.011376953125,8.07),(-100.7233886718,-1.011376953125,8.07),(
      -100.5214355468,-1.011376953125,8.07),(-100.3839355468,
      -1.154248046875,8.07),(-100.3839355468,-1.154248046875,8.07),(
      -100.2464355468,-1.297119140625,8.07),(-100.2464355468,
      -1.530224609375,8.07),(-100.2464355468,-1.530224609375,8.07),(
      -100.2464355468,-1.763330078125,8.07),(-100.3844726562,
      -1.906201171875,8.07),(-100.3844726562,-1.906201171875,8.07),(
      -100.5225097656,-2.049072265625,8.07),(-100.7287597656,
      -2.049072265625,8.07),(-100.7287597656,-2.049072265625,8.07),(
      -100.8823730468,-2.049072265625,8.07),(-100.9860351562,
      -1.97119140625,8.07),(-100.9860351562,-1.97119140625,8.07),(
      -101.0896972656,-1.893310546875,8.07),(-101.1272949218,
      -1.749365234375,8.07),(-101.4549316406,-1.788037109375,8.07),(
      -101.3432128906,-1.788037109375,8.07),(-101.2723144531,
      -1.716064453125,8.07),(-101.2723144531,-1.716064453125,8.07),(
      -101.2014160156,-1.644091796875,8.07),(-101.2014160156,
      -1.529150390625,8.07),(-101.2014160156,-1.529150390625,8.07),(
      -101.2014160156,-1.417431640625,8.07),(-101.2717773437,
      -1.34599609375,8.07),(-101.2717773437,-1.34599609375,8.07),(
      -101.3421386718,-1.274560546875,8.07),(-101.4441894531,
      -1.274560546875,8.07),(-101.4441894531,-1.274560546875,8.07),(
      -101.5505371093,-1.274560546875,8.07),(-101.623046875,
      -1.34814453125,8.07),(-101.623046875,-1.34814453125,8.07),(
      -101.6955566406,-1.421728515625,8.07),(-101.6955566406,
      -1.531298828125,8.07),(-101.6955566406,-1.531298828125,8.07),(
      -101.6955566406,-1.641943359375,8.07),(-101.6246582031,
      -1.714990234375,8.07),(-101.6246582031,-1.714990234375,8.07),(
      -101.5537597656,-1.788037109375,8.07),(-101.4549316406,
      -1.788037109375,8.07),(-100.7276855468,-1.850341796875,8.07),(
      -100.6449707031,-1.850341796875,8.07),(-100.5676269531,
      -1.8111328125,8.07),(-100.5676269531,-1.8111328125,8.07),(
      -100.4902832031,-1.771923828125,8.07),(-100.4478515625,
      -1.694580078125,8.07),(-100.4478515625,-1.694580078125,8.07),(
      -100.4054199218,-1.617236328125,8.07),(-100.4054199218,
      -1.528076171875,8.07),(-100.4054199218,-1.528076171875,8.07),(
      -100.4054199218,-1.389501953125,8.07),(-100.4945800781,
      -1.299267578125,8.07),(-100.4945800781,-1.299267578125,8.07),(
      -100.5837402343,-1.209033203125,8.07),(-100.7212402343,
      -1.209033203125,8.07),(-100.7212402343,-1.209033203125,8.07),(
      -100.8608886718,-1.209033203125,8.07),(-100.9521972656,
      -1.301953125,8.07),(-100.9521972656,-1.301953125,8.07),(
      -101.0435058593,-1.394873046875,8.07),(-101.0435058593,
      -1.534521484375,8.07),(-101.0435058593,-1.534521484375,8.07),(
      -101.0435058593,-1.670947265625,8.07),(-100.9532714843,
      -1.76064453125,8.07),(-100.9532714843,-1.76064453125,8.07),(
      -100.8630371093,-1.850341796875,8.07),(-100.7276855468,
      -1.850341796875,8.07),(-100.2732910156,3.4912109375E-02,8.05),(
      -100.2732910156,3.4912109375E-02,8.07),(-100.2732910156,
      -0.158447265625,8.05),(-100.2732910156,-0.158447265625,8.07),(
      -100.2732910156,3.4912109375E-02,8.05),(-100.2732910156,
      -0.158447265625,8.05),(-100.2732910156,3.4912109375E-02,8.07),(
      -100.2732910156,-0.158447265625,8.07),(-100.2732910156,
      -0.158447265625,8.05),(-100.2732910156,-0.158447265625,8.07),(
      -101.4141113281,-0.158447265625,8.05),(-101.4141113281,
      -0.158447265625,8.07),(-100.2732910156,-0.158447265625,8.05),(
      -101.4141113281,-0.158447265625,8.05),(-100.2732910156,
      -0.158447265625,8.07),(-101.4141113281,-0.158447265625,8.07),(
      -101.4141113281,-0.158447265625,8.05),(-101.4141113281,
      -0.158447265625,8.07),(-101.4141113281,1.4501953125E-02,8.05),(
      -101.4141113281,1.4501953125E-02,8.07),(-101.4141113281,
      -0.158447265625,8.05),(-101.4141113281,1.4501953125E-02,8.05),(
      -101.4141113281,-0.158447265625,8.07),(-101.4141113281,
      1.4501953125E-02,8.07),(-101.4141113281,1.4501953125E-02,8.05),(
      -101.4141113281,1.4501953125E-02,8.07),(-101.2540527343,
      1.4501953125E-02,8.05),(-101.2540527343,1.4501953125E-02,8.07),(
      -101.4141113281,1.4501953125E-02,8.05),(-101.2540527343,
      1.4501953125E-02,8.05),(-101.4141113281,1.4501953125E-02,8.07),(
      -101.2540527343,1.4501953125E-02,8.07),(-101.2540527343,
      1.4501953125E-02,8.05),(-101.2540527343,1.4501953125E-02,8.07),(
      -101.3888671875,0.157373046875,8.05),(-101.3888671875,
      0.157373046875,8.07),(-101.2540527343,1.4501953125E-02,8.05),(
      -101.3378417968,6.8212890625E-02,8.05),(-101.3888671875,
      0.157373046875,8.05),(-101.2540527343,1.4501953125E-02,8.07),(
      -101.3378417968,6.8212890625E-02,8.07),(-101.3888671875,
      0.157373046875,8.07),(-101.3888671875,0.157373046875,8.05),(
      -101.3888671875,0.157373046875,8.07),(-101.4398925781,
      0.360400390625,8.05),(-101.4398925781,0.360400390625,8.07),(
      -101.3888671875,0.157373046875,8.05),(-101.4398925781,
      0.246533203125,8.05),(-101.4398925781,0.360400390625,8.05),(
      -101.3888671875,0.157373046875,8.07),(-101.4398925781,
      0.246533203125,8.07),(-101.4398925781,0.360400390625,8.07),(
      -101.4398925781,0.360400390625,8.05),(-101.4398925781,
      0.360400390625,8.07),(-101.3872558593,0.56826171875,8.05),(
      -101.3872558593,0.56826171875,8.07),(-101.4398925781,
      0.360400390625,8.05),(-101.4398925781,0.487158203125,8.05),(
      -101.3872558593,0.56826171875,8.05),(-101.4398925781,
      0.360400390625,8.07),(-101.4398925781,0.487158203125,8.07),(
      -101.3872558593,0.56826171875,8.07),(-101.3872558593,0.56826171875
      ,8.05),(-101.3872558593,0.56826171875,8.07),(-101.2400878906,
      0.682666015625,8.05),(-101.2400878906,0.682666015625,8.07),(
      -101.3872558593,0.56826171875,8.05),(-101.3346191406,
      0.649365234375,8.05),(-101.2400878906,0.682666015625,8.05),(
      -101.3872558593,0.56826171875,8.07),(-101.3346191406,
      0.649365234375,8.07),(-101.2400878906,0.682666015625,8.07),(
      -101.2400878906,0.682666015625,8.05),(-101.2400878906,
      0.682666015625,8.07),(-101.4398925781,1.035009765625,8.05),(
      -101.4398925781,1.035009765625,8.07),(-101.2400878906,
      0.682666015625,8.05),(-101.4398925781,0.818017578125,8.05),(
      -101.4398925781,1.035009765625,8.05),(-101.2400878906,
      0.682666015625,8.07),(-101.4398925781,0.818017578125,8.07),(
      -101.4398925781,1.035009765625,8.07),(-101.4398925781,
      1.035009765625,8.05),(-101.4398925781,1.035009765625,8.07),(
      -101.3458984375,1.296044921875,8.05),(-101.3458984375,
      1.296044921875,8.07),(-101.4398925781,1.035009765625,8.05),(
      -101.4398925781,1.204736328125,8.05),(-101.3458984375,
      1.296044921875,8.05),(-101.4398925781,1.035009765625,8.07),(
      -101.4398925781,1.204736328125,8.07),(-101.3458984375,
      1.296044921875,8.07),(-101.3458984375,1.296044921875,8.05),(
      -101.3458984375,1.296044921875,8.07),(-101.0563964843,
      1.387353515625,8.05),(-101.0563964843,1.387353515625,8.07),(
      -101.3458984375,1.296044921875,8.05),(-101.2519042968,
      1.387353515625,8.05),(-101.0563964843,1.387353515625,8.05),(
      -101.3458984375,1.296044921875,8.07),(-101.2519042968,
      1.387353515625,8.07),(-101.0563964843,1.387353515625,8.07),(
      -101.0563964843,1.387353515625,8.05),(-101.0563964843,
      1.387353515625,8.07),(-100.2732910156,1.387353515625,8.05),(
      -100.2732910156,1.387353515625,8.07),(-101.0563964843,
      1.387353515625,8.05),(-100.2732910156,1.387353515625,8.05),(
      -101.0563964843,1.387353515625,8.07),(-100.2732910156,
      1.387353515625,8.07),(-100.2732910156,1.387353515625,8.05),(
      -100.2732910156,1.387353515625,8.07),(-100.2732910156,
      1.195068359375,8.05),(-100.2732910156,1.195068359375,8.07),(
      -100.2732910156,1.387353515625,8.05),(-100.2732910156,
      1.195068359375,8.05),(-100.2732910156,1.387353515625,8.07),(
      -100.2732910156,1.195068359375,8.07),(-100.2732910156,
      1.195068359375,8.05),(-100.2732910156,1.195068359375,8.07),(
      -100.9919433593,1.195068359375,8.05),(-100.9919433593,
      1.195068359375,8.07),(-100.2732910156,1.195068359375,8.05),(
      -100.9919433593,1.195068359375,8.05),(-100.2732910156,
      1.195068359375,8.07),(-100.9919433593,1.195068359375,8.07),(
      -100.9919433593,1.195068359375,8.05),(-100.9919433593,
      1.195068359375,8.07),(-101.158984375,1.17626953125,8.05),(
      -101.158984375,1.17626953125,8.07),(-100.9919433593,1.195068359375
      ,8.05),(-101.1079589843,1.195068359375,8.05),(-101.158984375,
      1.17626953125,8.05),(-100.9919433593,1.195068359375,8.07),(
      -101.1079589843,1.195068359375,8.07),(-101.158984375,1.17626953125
      ,8.07),(-101.158984375,1.17626953125,8.05),(-101.158984375,
      1.17626953125,8.07),(-101.2411621093,1.108056640625,8.05),(
      -101.2411621093,1.108056640625,8.07),(-101.158984375,1.17626953125
      ,8.05),(-101.2100097656,1.157470703125,8.05),(-101.2411621093,
      1.108056640625,8.05),(-101.158984375,1.17626953125,8.07),(
      -101.2100097656,1.157470703125,8.07),(-101.2411621093,
      1.108056640625,8.07),(-101.2411621093,1.108056640625,8.05),(
      -101.2411621093,1.108056640625,8.07),(-101.2723144531,
      0.992041015625,8.05),(-101.2723144531,0.992041015625,8.07),(
      -101.2411621093,1.108056640625,8.05),(-101.2723144531,
      1.058642578125,8.05),(-101.2723144531,0.992041015625,8.05),(
      -101.2411621093,1.108056640625,8.07),(-101.2723144531,
      1.058642578125,8.07),(-101.2723144531,0.992041015625,8.07),(
      -101.2723144531,0.992041015625,8.05),(-101.2723144531,
      0.992041015625,8.07),(-101.1922851562,0.792236328125,8.05),(
      -101.1922851562,0.792236328125,8.07),(-101.2723144531,
      0.992041015625,8.05),(-101.2723144531,0.871728515625,8.05),(
      -101.1922851562,0.792236328125,8.05),(-101.2723144531,
      0.992041015625,8.07),(-101.2723144531,0.871728515625,8.07),(
      -101.1922851562,0.792236328125,8.07),(-101.1922851562,
      0.792236328125,8.05),(-101.1922851562,0.792236328125,8.07),(
      -100.9360839843,0.712744140625,8.05),(-100.9360839843,
      0.712744140625,8.07),(-101.1922851562,0.792236328125,8.05),(
      -101.1122558593,0.712744140625,8.05),(-100.9360839843,
      0.712744140625,8.05),(-101.1922851562,0.792236328125,8.07),(
      -101.1122558593,0.712744140625,8.07),(-100.9360839843,
      0.712744140625,8.07),(-100.9360839843,0.712744140625,8.05),(
      -100.9360839843,0.712744140625,8.07),(-100.2732910156,
      0.712744140625,8.05),(-100.2732910156,0.712744140625,8.07),(
      -100.9360839843,0.712744140625,8.05),(-100.2732910156,
      0.712744140625,8.05),(-100.9360839843,0.712744140625,8.07),(
      -100.2732910156,0.712744140625,8.07),(-100.2732910156,
      0.712744140625,8.05),(-100.2732910156,0.712744140625,8.07),(
      -100.2732910156,0.519384765625,8.05),(-100.2732910156,
      0.519384765625,8.07),(-100.2732910156,0.712744140625,8.05),(
      -100.2732910156,0.519384765625,8.05),(-100.2732910156,
      0.712744140625,8.07),(-100.2732910156,0.519384765625,8.07),(
      -100.2732910156,0.519384765625,8.05),(-100.2732910156,
      0.519384765625,8.07),(-101.0145019531,0.519384765625,8.05),(
      -101.0145019531,0.519384765625,8.07),(-100.2732910156,
      0.519384765625,8.05),(-101.0145019531,0.519384765625,8.05),(
      -100.2732910156,0.519384765625,8.07),(-101.0145019531,
      0.519384765625,8.07),(-101.0145019531,0.519384765625,8.05),(
      -101.0145019531,0.519384765625,8.07),(-101.2078613281,
      0.472119140625,8.05),(-101.2078613281,0.472119140625,8.07),(
      -101.0145019531,0.519384765625,8.05),(-101.1434082031,
      0.519384765625,8.05),(-101.2078613281,0.472119140625,8.05),(
      -101.0145019531,0.519384765625,8.07),(-101.1434082031,
      0.519384765625,8.07),(-101.2078613281,0.472119140625,8.07),(
      -101.2078613281,0.472119140625,8.05),(-101.2078613281,
      0.472119140625,8.07),(-101.2723144531,0.317431640625,8.05),(
      -101.2723144531,0.317431640625,8.07),(-101.2078613281,
      0.472119140625,8.05),(-101.2723144531,0.424853515625,8.05),(
      -101.2723144531,0.317431640625,8.05),(-101.2078613281,
      0.472119140625,8.07),(-101.2723144531,0.424853515625,8.07),(
      -101.2723144531,0.317431640625,8.07),(-101.2723144531,
      0.317431640625,8.05),(-101.2723144531,0.317431640625,8.07),(
      -101.2293457031,0.16650390625,8.05),(-101.2293457031,0.16650390625
      ,8.07),(-101.2723144531,0.317431640625,8.05),(-101.2723144531,
      0.235791015625,8.05),(-101.2293457031,0.16650390625,8.05),(
      -101.2723144531,0.317431640625,8.07),(-101.2723144531,
      0.235791015625,8.07),(-101.2293457031,0.16650390625,8.07),(
      -101.2293457031,0.16650390625,8.05),(-101.2293457031,0.16650390625
      ,8.07),(-101.1036621093,6.6064453125E-02,8.05),(-101.1036621093,
      6.6064453125E-02,8.07),(-101.2293457031,0.16650390625,8.05),(
      -101.1863769531,9.7216796875E-02,8.05),(-101.1036621093,
      6.6064453125E-02,8.05),(-101.2293457031,0.16650390625,8.07),(
      -101.1863769531,9.7216796875E-02,8.07),(-101.1036621093,
      6.6064453125E-02,8.07),(-101.1036621093,6.6064453125E-02,8.05),(
      -101.1036621093,6.6064453125E-02,8.07),(-100.8651855468,
      3.4912109375E-02,8.05),(-100.8651855468,3.4912109375E-02,8.07),(
      -101.1036621093,6.6064453125E-02,8.05),(-101.0209472656,
      3.4912109375E-02,8.05),(-100.8651855468,3.4912109375E-02,8.05),(
      -101.1036621093,6.6064453125E-02,8.07),(-101.0209472656,
      3.4912109375E-02,8.07),(-100.8651855468,3.4912109375E-02,8.07),(
      -100.8651855468,3.4912109375E-02,8.05),(-100.8651855468,
      3.4912109375E-02,8.07),(-100.2732910156,3.4912109375E-02,8.05),(
      -100.2732910156,3.4912109375E-02,8.07),(-100.8651855468,
      3.4912109375E-02,8.05),(-100.2732910156,3.4912109375E-02,8.05),(
      -100.8651855468,3.4912109375E-02,8.07),(-100.2732910156,
      3.4912109375E-02,8.07),(-100.2732910156,3.4912109375E-02,8.05),(
      -100.2732910156,-0.158447265625,8.05),(-100.2732910156,
      -0.158447265625,8.05),(-101.4141113281,-0.158447265625,8.05),(
      -101.4141113281,-0.158447265625,8.05),(-101.4141113281,
      1.4501953125E-02,8.05),(-101.4141113281,1.4501953125E-02,8.05),(
      -101.2540527343,1.4501953125E-02,8.05),(-101.2540527343,
      1.4501953125E-02,8.05),(-101.3378417968,6.8212890625E-02,8.05),(
      -101.3888671875,0.157373046875,8.05),(-101.3888671875,
      0.157373046875,8.05),(-101.4398925781,0.246533203125,8.05),(
      -101.4398925781,0.360400390625,8.05),(-101.4398925781,
      0.360400390625,8.05),(-101.4398925781,0.487158203125,8.05),(
      -101.3872558593,0.56826171875,8.05),(-101.3872558593,0.56826171875
      ,8.05),(-101.3346191406,0.649365234375,8.05),(-101.2400878906,
      0.682666015625,8.05),(-101.2400878906,0.682666015625,8.05),(
      -101.4398925781,0.818017578125,8.05),(-101.4398925781,
      1.035009765625,8.05),(-101.4398925781,1.035009765625,8.05),(
      -101.4398925781,1.204736328125,8.05),(-101.3458984375,
      1.296044921875,8.05),(-101.3458984375,1.296044921875,8.05),(
      -101.2519042968,1.387353515625,8.05),(-101.0563964843,
      1.387353515625,8.05),(-101.0563964843,1.387353515625,8.05),(
      -100.2732910156,1.387353515625,8.05),(-100.2732910156,
      1.387353515625,8.05),(-100.2732910156,1.195068359375,8.05),(
      -100.2732910156,1.195068359375,8.05),(-100.9919433593,
      1.195068359375,8.05),(-100.9919433593,1.195068359375,8.05),(
      -101.1079589843,1.195068359375,8.05),(-101.158984375,1.17626953125
      ,8.05),(-101.158984375,1.17626953125,8.05),(-101.2100097656,
      1.157470703125,8.05),(-101.2411621093,1.108056640625,8.05),(
      -101.2411621093,1.108056640625,8.05),(-101.2723144531,
      1.058642578125,8.05),(-101.2723144531,0.992041015625,8.05),(
      -101.2723144531,0.992041015625,8.05),(-101.2723144531,
      0.871728515625,8.05),(-101.1922851562,0.792236328125,8.05),(
      -101.1922851562,0.792236328125,8.05),(-101.1122558593,
      0.712744140625,8.05),(-100.9360839843,0.712744140625,8.05),(
      -100.9360839843,0.712744140625,8.05),(-100.2732910156,
      0.712744140625,8.05),(-100.2732910156,0.712744140625,8.05),(
      -100.2732910156,0.519384765625,8.05),(-100.2732910156,
      0.519384765625,8.05),(-101.0145019531,0.519384765625,8.05),(
      -101.0145019531,0.519384765625,8.05),(-101.1434082031,
      0.519384765625,8.05),(-101.2078613281,0.472119140625,8.05),(
      -101.2078613281,0.472119140625,8.05),(-101.2723144531,
      0.424853515625,8.05),(-101.2723144531,0.317431640625,8.05),(
      -101.2723144531,0.317431640625,8.05),(-101.2723144531,
      0.235791015625,8.05),(-101.2293457031,0.16650390625,8.05),(
      -101.2293457031,0.16650390625,8.05),(-101.1863769531,
      9.7216796875E-02,8.05),(-101.1036621093,6.6064453125E-02,8.05),(
      -101.1036621093,6.6064453125E-02,8.05),(-101.0209472656,
      3.4912109375E-02,8.05),(-100.8651855468,3.4912109375E-02,8.05),(
      -100.8651855468,3.4912109375E-02,8.05),(-100.2732910156,
      3.4912109375E-02,8.05),(-100.2732910156,3.4912109375E-02,8.07),(
      -100.2732910156,-0.158447265625,8.07),(-100.2732910156,
      -0.158447265625,8.07),(-101.4141113281,-0.158447265625,8.07),(
      -101.4141113281,-0.158447265625,8.07),(-101.4141113281,
      1.4501953125E-02,8.07),(-101.4141113281,1.4501953125E-02,8.07),(
      -101.2540527343,1.4501953125E-02,8.07),(-101.2540527343,
      1.4501953125E-02,8.07),(-101.3378417968,6.8212890625E-02,8.07),(
      -101.3888671875,0.157373046875,8.07),(-101.3888671875,
      0.157373046875,8.07),(-101.4398925781,0.246533203125,8.07),(
      -101.4398925781,0.360400390625,8.07),(-101.4398925781,
      0.360400390625,8.07),(-101.4398925781,0.487158203125,8.07),(
      -101.3872558593,0.56826171875,8.07),(-101.3872558593,0.56826171875
      ,8.07),(-101.3346191406,0.649365234375,8.07),(-101.2400878906,
      0.682666015625,8.07),(-101.2400878906,0.682666015625,8.07),(
      -101.4398925781,0.818017578125,8.07),(-101.4398925781,
      1.035009765625,8.07),(-101.4398925781,1.035009765625,8.07),(
      -101.4398925781,1.204736328125,8.07),(-101.3458984375,
      1.296044921875,8.07),(-101.3458984375,1.296044921875,8.07),(
      -101.2519042968,1.387353515625,8.07),(-101.0563964843,
      1.387353515625,8.07),(-101.0563964843,1.387353515625,8.07),(
      -100.2732910156,1.387353515625,8.07),(-100.2732910156,
      1.387353515625,8.07),(-100.2732910156,1.195068359375,8.07),(
      -100.2732910156,1.195068359375,8.07),(-100.9919433593,
      1.195068359375,8.07),(-100.9919433593,1.195068359375,8.07),(
      -101.1079589843,1.195068359375,8.07),(-101.158984375,1.17626953125
      ,8.07),(-101.158984375,1.17626953125,8.07),(-101.2100097656,
      1.157470703125,8.07),(-101.2411621093,1.108056640625,8.07),(
      -101.2411621093,1.108056640625,8.07),(-101.2723144531,
      1.058642578125,8.07),(-101.2723144531,0.992041015625,8.07),(
      -101.2723144531,0.992041015625,8.07),(-101.2723144531,
      0.871728515625,8.07),(-101.1922851562,0.792236328125,8.07),(
      -101.1922851562,0.792236328125,8.07),(-101.1122558593,
      0.712744140625,8.07),(-100.9360839843,0.712744140625,8.07),(
      -100.9360839843,0.712744140625,8.07),(-100.2732910156,
      0.712744140625,8.07),(-100.2732910156,0.712744140625,8.07),(
      -100.2732910156,0.519384765625,8.07),(-100.2732910156,
      0.519384765625,8.07),(-101.0145019531,0.519384765625,8.07),(
      -101.0145019531,0.519384765625,8.07),(-101.1434082031,
      0.519384765625,8.07),(-101.2078613281,0.472119140625,8.07),(
      -101.2078613281,0.472119140625,8.07),(-101.2723144531,
      0.424853515625,8.07),(-101.2723144531,0.317431640625,8.07),(
      -101.2723144531,0.317431640625,8.07),(-101.2723144531,
      0.235791015625,8.07),(-101.2293457031,0.16650390625,8.07),(
      -101.2293457031,0.16650390625,8.07),(-101.1863769531,
      9.7216796875E-02,8.07),(-101.1036621093,6.6064453125E-02,8.07),(
      -101.1036621093,6.6064453125E-02,8.07),(-101.0209472656,
      3.4912109375E-02,8.07),(-100.8651855468,3.4912109375E-02,8.07),(
      -100.8651855468,3.4912109375E-02,8.07),(-100.2732910156,
      3.4912109375E-02,8.07),(-100.2732910156,1.867529296875,8.05),(
      -100.2732910156,1.867529296875,8.07),(-100.2732910156,
      1.674169921875,8.05),(-100.2732910156,1.674169921875,8.07),(
      -100.2732910156,1.867529296875,8.05),(-100.2732910156,
      1.674169921875,8.05),(-100.2732910156,1.867529296875,8.07),(
      -100.2732910156,1.674169921875,8.07),(-100.2732910156,
      1.674169921875,8.05),(-100.2732910156,1.674169921875,8.07),(
      -101.4141113281,1.674169921875,8.05),(-101.4141113281,
      1.674169921875,8.07),(-100.2732910156,1.674169921875,8.05),(
      -101.4141113281,1.674169921875,8.05),(-100.2732910156,
      1.674169921875,8.07),(-101.4141113281,1.674169921875,8.07),(
      -101.4141113281,1.674169921875,8.05),(-101.4141113281,
      1.674169921875,8.07),(-101.4141113281,1.847119140625,8.05),(
      -101.4141113281,1.847119140625,8.07),(-101.4141113281,
      1.674169921875,8.05),(-101.4141113281,1.847119140625,8.05),(
      -101.4141113281,1.674169921875,8.07),(-101.4141113281,
      1.847119140625,8.07),(-101.4141113281,1.847119140625,8.05),(
      -101.4141113281,1.847119140625,8.07),(-101.2540527343,
      1.847119140625,8.05),(-101.2540527343,1.847119140625,8.07),(
      -101.4141113281,1.847119140625,8.05),(-101.2540527343,
      1.847119140625,8.05),(-101.4141113281,1.847119140625,8.07),(
      -101.2540527343,1.847119140625,8.07),(-101.2540527343,
      1.847119140625,8.05),(-101.2540527343,1.847119140625,8.07),(
      -101.3888671875,1.989990234375,8.05),(-101.3888671875,
      1.989990234375,8.07),(-101.2540527343,1.847119140625,8.05),(
      -101.3378417968,1.900830078125,8.05),(-101.3888671875,
      1.989990234375,8.05),(-101.2540527343,1.847119140625,8.07),(
      -101.3378417968,1.900830078125,8.07),(-101.3888671875,
      1.989990234375,8.07),(-101.3888671875,1.989990234375,8.05),(
      -101.3888671875,1.989990234375,8.07),(-101.4398925781,
      2.193017578125,8.05),(-101.4398925781,2.193017578125,8.07),(
      -101.3888671875,1.989990234375,8.05),(-101.4398925781,
      2.079150390625,8.05),(-101.4398925781,2.193017578125,8.05),(
      -101.3888671875,1.989990234375,8.07),(-101.4398925781,
      2.079150390625,8.07),(-101.4398925781,2.193017578125,8.07),(
      -101.4398925781,2.193017578125,8.05),(-101.4398925781,
      2.193017578125,8.07),(-101.3872558593,2.40087890625,8.05),(
      -101.3872558593,2.40087890625,8.07),(-101.4398925781,
      2.193017578125,8.05),(-101.4398925781,2.319775390625,8.05),(
      -101.3872558593,2.40087890625,8.05),(-101.4398925781,
      2.193017578125,8.07),(-101.4398925781,2.319775390625,8.07),(
      -101.3872558593,2.40087890625,8.07),(-101.3872558593,2.40087890625
      ,8.05),(-101.3872558593,2.40087890625,8.07),(-101.2400878906,
      2.515283203125,8.05),(-101.2400878906,2.515283203125,8.07),(
      -101.3872558593,2.40087890625,8.05),(-101.3346191406,
      2.481982421875,8.05),(-101.2400878906,2.515283203125,8.05),(
      -101.3872558593,2.40087890625,8.07),(-101.3346191406,
      2.481982421875,8.07),(-101.2400878906,2.515283203125,8.07),(
      -101.2400878906,2.515283203125,8.05),(-101.2400878906,
      2.515283203125,8.07),(-101.4398925781,2.867626953125,8.05),(
      -101.4398925781,2.867626953125,8.07),(-101.2400878906,
      2.515283203125,8.05),(-101.4398925781,2.650634765625,8.05),(
      -101.4398925781,2.867626953125,8.05),(-101.2400878906,
      2.515283203125,8.07),(-101.4398925781,2.650634765625,8.07),(
      -101.4398925781,2.867626953125,8.07),(-101.4398925781,
      2.867626953125,8.05),(-101.4398925781,2.867626953125,8.07),(
      -101.3458984375,3.128662109375,8.05),(-101.3458984375,
      3.128662109375,8.07),(-101.4398925781,2.867626953125,8.05),(
      -101.4398925781,3.037353515625,8.05),(-101.3458984375,
      3.128662109375,8.05),(-101.4398925781,2.867626953125,8.07),(
      -101.4398925781,3.037353515625,8.07),(-101.3458984375,
      3.128662109375,8.07),(-101.3458984375,3.128662109375,8.05),(
      -101.3458984375,3.128662109375,8.07),(-101.0563964843,
      3.219970703125,8.05),(-101.0563964843,3.219970703125,8.07),(
      -101.3458984375,3.128662109375,8.05),(-101.2519042968,
      3.219970703125,8.05),(-101.0563964843,3.219970703125,8.05),(
      -101.3458984375,3.128662109375,8.07),(-101.2519042968,
      3.219970703125,8.07),(-101.0563964843,3.219970703125,8.07),(
      -101.0563964843,3.219970703125,8.05),(-101.0563964843,
      3.219970703125,8.07),(-100.2732910156,3.219970703125,8.05),(
      -100.2732910156,3.219970703125,8.07),(-101.0563964843,
      3.219970703125,8.05),(-100.2732910156,3.219970703125,8.05),(
      -101.0563964843,3.219970703125,8.07),(-100.2732910156,
      3.219970703125,8.07),(-100.2732910156,3.219970703125,8.05),(
      -100.2732910156,3.219970703125,8.07),(-100.2732910156,
      3.027685546875,8.05),(-100.2732910156,3.027685546875,8.07),(
      -100.2732910156,3.219970703125,8.05),(-100.2732910156,
      3.027685546875,8.05),(-100.2732910156,3.219970703125,8.07),(
      -100.2732910156,3.027685546875,8.07),(-100.2732910156,
      3.027685546875,8.05),(-100.2732910156,3.027685546875,8.07),(
      -100.9919433593,3.027685546875,8.05),(-100.9919433593,
      3.027685546875,8.07),(-100.2732910156,3.027685546875,8.05),(
      -100.9919433593,3.027685546875,8.05),(-100.2732910156,
      3.027685546875,8.07),(-100.9919433593,3.027685546875,8.07),(
      -100.9919433593,3.027685546875,8.05),(-100.9919433593,
      3.027685546875,8.07),(-101.158984375,3.00888671875,8.05),(
      -101.158984375,3.00888671875,8.07),(-100.9919433593,3.027685546875
      ,8.05),(-101.1079589843,3.027685546875,8.05),(-101.158984375,
      3.00888671875,8.05),(-100.9919433593,3.027685546875,8.07),(
      -101.1079589843,3.027685546875,8.07),(-101.158984375,3.00888671875
      ,8.07),(-101.158984375,3.00888671875,8.05),(-101.158984375,
      3.00888671875,8.07),(-101.2411621093,2.940673828125,8.05),(
      -101.2411621093,2.940673828125,8.07),(-101.158984375,3.00888671875
      ,8.05),(-101.2100097656,2.990087890625,8.05),(-101.2411621093,
      2.940673828125,8.05),(-101.158984375,3.00888671875,8.07),(
      -101.2100097656,2.990087890625,8.07),(-101.2411621093,
      2.940673828125,8.07),(-101.2411621093,2.940673828125,8.05),(
      -101.2411621093,2.940673828125,8.07),(-101.2723144531,
      2.824658203125,8.05),(-101.2723144531,2.824658203125,8.07),(
      -101.2411621093,2.940673828125,8.05),(-101.2723144531,
      2.891259765625,8.05),(-101.2723144531,2.824658203125,8.05),(
      -101.2411621093,2.940673828125,8.07),(-101.2723144531,
      2.891259765625,8.07),(-101.2723144531,2.824658203125,8.07),(
      -101.2723144531,2.824658203125,8.05),(-101.2723144531,
      2.824658203125,8.07),(-101.1922851562,2.624853515625,8.05),(
      -101.1922851562,2.624853515625,8.07),(-101.2723144531,
      2.824658203125,8.05),(-101.2723144531,2.704345703125,8.05),(
      -101.1922851562,2.624853515625,8.05),(-101.2723144531,
      2.824658203125,8.07),(-101.2723144531,2.704345703125,8.07),(
      -101.1922851562,2.624853515625,8.07),(-101.1922851562,
      2.624853515625,8.05),(-101.1922851562,2.624853515625,8.07),(
      -100.9360839843,2.545361328125,8.05),(-100.9360839843,
      2.545361328125,8.07),(-101.1922851562,2.624853515625,8.05),(
      -101.1122558593,2.545361328125,8.05),(-100.9360839843,
      2.545361328125,8.05),(-101.1922851562,2.624853515625,8.07),(
      -101.1122558593,2.545361328125,8.07),(-100.9360839843,
      2.545361328125,8.07),(-100.9360839843,2.545361328125,8.05),(
      -100.9360839843,2.545361328125,8.07),(-100.2732910156,
      2.545361328125,8.05),(-100.2732910156,2.545361328125,8.07),(
      -100.9360839843,2.545361328125,8.05),(-100.2732910156,
      2.545361328125,8.05),(-100.9360839843,2.545361328125,8.07),(
      -100.2732910156,2.545361328125,8.07),(-100.2732910156,
      2.545361328125,8.05),(-100.2732910156,2.545361328125,8.07),(
      -100.2732910156,2.352001953125,8.05),(-100.2732910156,
      2.352001953125,8.07),(-100.2732910156,2.545361328125,8.05),(
      -100.2732910156,2.352001953125,8.05),(-100.2732910156,
      2.545361328125,8.07),(-100.2732910156,2.352001953125,8.07),(
      -100.2732910156,2.352001953125,8.05),(-100.2732910156,
      2.352001953125,8.07),(-101.0145019531,2.352001953125,8.05),(
      -101.0145019531,2.352001953125,8.07),(-100.2732910156,
      2.352001953125,8.05),(-101.0145019531,2.352001953125,8.05),(
      -100.2732910156,2.352001953125,8.07),(-101.0145019531,
      2.352001953125,8.07),(-101.0145019531,2.352001953125,8.05),(
      -101.0145019531,2.352001953125,8.07),(-101.2078613281,
      2.304736328125,8.05),(-101.2078613281,2.304736328125,8.07),(
      -101.0145019531,2.352001953125,8.05),(-101.1434082031,
      2.352001953125,8.05),(-101.2078613281,2.304736328125,8.05),(
      -101.0145019531,2.352001953125,8.07),(-101.1434082031,
      2.352001953125,8.07),(-101.2078613281,2.304736328125,8.07),(
      -101.2078613281,2.304736328125,8.05),(-101.2078613281,
      2.304736328125,8.07),(-101.2723144531,2.150048828125,8.05),(
      -101.2723144531,2.150048828125,8.07),(-101.2078613281,
      2.304736328125,8.05),(-101.2723144531,2.257470703125,8.05),(
      -101.2723144531,2.150048828125,8.05),(-101.2078613281,
      2.304736328125,8.07),(-101.2723144531,2.257470703125,8.07),(
      -101.2723144531,2.150048828125,8.07),(-101.2723144531,
      2.150048828125,8.05),(-101.2723144531,2.150048828125,8.07),(
      -101.2293457031,1.99912109375,8.05),(-101.2293457031,1.99912109375
      ,8.07),(-101.2723144531,2.150048828125,8.05),(-101.2723144531,
      2.068408203125,8.05),(-101.2293457031,1.99912109375,8.05),(
      -101.2723144531,2.150048828125,8.07),(-101.2723144531,
      2.068408203125,8.07),(-101.2293457031,1.99912109375,8.07),(
      -101.2293457031,1.99912109375,8.05),(-101.2293457031,1.99912109375
      ,8.07),(-101.1036621093,1.898681640625,8.05),(-101.1036621093,
      1.898681640625,8.07),(-101.2293457031,1.99912109375,8.05),(
      -101.1863769531,1.929833984375,8.05),(-101.1036621093,
      1.898681640625,8.05),(-101.2293457031,1.99912109375,8.07),(
      -101.1863769531,1.929833984375,8.07),(-101.1036621093,
      1.898681640625,8.07),(-101.1036621093,1.898681640625,8.05),(
      -101.1036621093,1.898681640625,8.07),(-100.8651855468,
      1.867529296875,8.05),(-100.8651855468,1.867529296875,8.07),(
      -101.1036621093,1.898681640625,8.05),(-101.0209472656,
      1.867529296875,8.05),(-100.8651855468,1.867529296875,8.05),(
      -101.1036621093,1.898681640625,8.07),(-101.0209472656,
      1.867529296875,8.07),(-100.8651855468,1.867529296875,8.07),(
      -100.8651855468,1.867529296875,8.05),(-100.8651855468,
      1.867529296875,8.07),(-100.2732910156,1.867529296875,8.05),(
      -100.2732910156,1.867529296875,8.07),(-100.8651855468,
      1.867529296875,8.05),(-100.2732910156,1.867529296875,8.05),(
      -100.8651855468,1.867529296875,8.07),(-100.2732910156,
      1.867529296875,8.07),(-100.2732910156,1.867529296875,8.05),(
      -100.2732910156,1.674169921875,8.05),(-100.2732910156,
      1.674169921875,8.05),(-101.4141113281,1.674169921875,8.05),(
      -101.4141113281,1.674169921875,8.05),(-101.4141113281,
      1.847119140625,8.05),(-101.4141113281,1.847119140625,8.05),(
      -101.2540527343,1.847119140625,8.05),(-101.2540527343,
      1.847119140625,8.05),(-101.3378417968,1.900830078125,8.05),(
      -101.3888671875,1.989990234375,8.05),(-101.3888671875,
      1.989990234375,8.05),(-101.4398925781,2.079150390625,8.05),(
      -101.4398925781,2.193017578125,8.05),(-101.4398925781,
      2.193017578125,8.05),(-101.4398925781,2.319775390625,8.05),(
      -101.3872558593,2.40087890625,8.05),(-101.3872558593,2.40087890625
      ,8.05),(-101.3346191406,2.481982421875,8.05),(-101.2400878906,
      2.515283203125,8.05),(-101.2400878906,2.515283203125,8.05),(
      -101.4398925781,2.650634765625,8.05),(-101.4398925781,
      2.867626953125,8.05),(-101.4398925781,2.867626953125,8.05),(
      -101.4398925781,3.037353515625,8.05),(-101.3458984375,
      3.128662109375,8.05),(-101.3458984375,3.128662109375,8.05),(
      -101.2519042968,3.219970703125,8.05),(-101.0563964843,
      3.219970703125,8.05),(-101.0563964843,3.219970703125,8.05),(
      -100.2732910156,3.219970703125,8.05),(-100.2732910156,
      3.219970703125,8.05),(-100.2732910156,3.027685546875,8.05),(
      -100.2732910156,3.027685546875,8.05),(-100.9919433593,
      3.027685546875,8.05),(-100.9919433593,3.027685546875,8.05),(
      -101.1079589843,3.027685546875,8.05),(-101.158984375,3.00888671875
      ,8.05),(-101.158984375,3.00888671875,8.05),(-101.2100097656,
      2.990087890625,8.05),(-101.2411621093,2.940673828125,8.05),(
      -101.2411621093,2.940673828125,8.05),(-101.2723144531,
      2.891259765625,8.05),(-101.2723144531,2.824658203125,8.05),(
      -101.2723144531,2.824658203125,8.05),(-101.2723144531,
      2.704345703125,8.05),(-101.1922851562,2.624853515625,8.05),(
      -101.1922851562,2.624853515625,8.05),(-101.1122558593,
      2.545361328125,8.05),(-100.9360839843,2.545361328125,8.05),(
      -100.9360839843,2.545361328125,8.05),(-100.2732910156,
      2.545361328125,8.05),(-100.2732910156,2.545361328125,8.05),(
      -100.2732910156,2.352001953125,8.05),(-100.2732910156,
      2.352001953125,8.05),(-101.0145019531,2.352001953125,8.05),(
      -101.0145019531,2.352001953125,8.05),(-101.1434082031,
      2.352001953125,8.05),(-101.2078613281,2.304736328125,8.05),(
      -101.2078613281,2.304736328125,8.05),(-101.2723144531,
      2.257470703125,8.05),(-101.2723144531,2.150048828125,8.05),(
      -101.2723144531,2.150048828125,8.05),(-101.2723144531,
      2.068408203125,8.05),(-101.2293457031,1.99912109375,8.05),(
      -101.2293457031,1.99912109375,8.05),(-101.1863769531,
      1.929833984375,8.05),(-101.1036621093,1.898681640625,8.05),(
      -101.1036621093,1.898681640625,8.05),(-101.0209472656,
      1.867529296875,8.05),(-100.8651855468,1.867529296875,8.05),(
      -100.8651855468,1.867529296875,8.05),(-100.2732910156,
      1.867529296875,8.05),(-100.2732910156,1.867529296875,8.07),(
      -100.2732910156,1.674169921875,8.07),(-100.2732910156,
      1.674169921875,8.07),(-101.4141113281,1.674169921875,8.07),(
      -101.4141113281,1.674169921875,8.07),(-101.4141113281,
      1.847119140625,8.07),(-101.4141113281,1.847119140625,8.07),(
      -101.2540527343,1.847119140625,8.07),(-101.2540527343,
      1.847119140625,8.07),(-101.3378417968,1.900830078125,8.07),(
      -101.3888671875,1.989990234375,8.07),(-101.3888671875,
      1.989990234375,8.07),(-101.4398925781,2.079150390625,8.07),(
      -101.4398925781,2.193017578125,8.07),(-101.4398925781,
      2.193017578125,8.07),(-101.4398925781,2.319775390625,8.07),(
      -101.3872558593,2.40087890625,8.07),(-101.3872558593,2.40087890625
      ,8.07),(-101.3346191406,2.481982421875,8.07),(-101.2400878906,
      2.515283203125,8.07),(-101.2400878906,2.515283203125,8.07),(
      -101.4398925781,2.650634765625,8.07),(-101.4398925781,
      2.867626953125,8.07),(-101.4398925781,2.867626953125,8.07),(
      -101.4398925781,3.037353515625,8.07),(-101.3458984375,
      3.128662109375,8.07),(-101.3458984375,3.128662109375,8.07),(
      -101.2519042968,3.219970703125,8.07),(-101.0563964843,
      3.219970703125,8.07),(-101.0563964843,3.219970703125,8.07),(
      -100.2732910156,3.219970703125,8.07),(-100.2732910156,
      3.219970703125,8.07),(-100.2732910156,3.027685546875,8.07),(
      -100.2732910156,3.027685546875,8.07),(-100.9919433593,
      3.027685546875,8.07),(-100.9919433593,3.027685546875,8.07),(
      -101.1079589843,3.027685546875,8.07),(-101.158984375,3.00888671875
      ,8.07),(-101.158984375,3.00888671875,8.07),(-101.2100097656,
      2.990087890625,8.07),(-101.2411621093,2.940673828125,8.07),(
      -101.2411621093,2.940673828125,8.07),(-101.2723144531,
      2.891259765625,8.07),(-101.2723144531,2.824658203125,8.07),(
      -101.2723144531,2.824658203125,8.07),(-101.2723144531,
      2.704345703125,8.07),(-101.1922851562,2.624853515625,8.07),(
      -101.1922851562,2.624853515625,8.07),(-101.1122558593,
      2.545361328125,8.07),(-100.9360839843,2.545361328125,8.07),(
      -100.9360839843,2.545361328125,8.07),(-100.2732910156,
      2.545361328125,8.07),(-100.2732910156,2.545361328125,8.07),(
      -100.2732910156,2.352001953125,8.07),(-100.2732910156,
      2.352001953125,8.07),(-101.0145019531,2.352001953125,8.07),(
      -101.0145019531,2.352001953125,8.07),(-101.1434082031,
      2.352001953125,8.07),(-101.2078613281,2.304736328125,8.07),(
      -101.2078613281,2.304736328125,8.07),(-101.2723144531,
      2.257470703125,8.07),(-101.2723144531,2.150048828125,8.07),(
      -101.2723144531,2.150048828125,8.07),(-101.2723144531,
      2.068408203125,8.07),(-101.2293457031,1.99912109375,8.07),(
      -101.2293457031,1.99912109375,8.07),(-101.1863769531,
      1.929833984375,8.07),(-101.1036621093,1.898681640625,8.07),(
      -101.1036621093,1.898681640625,8.07),(-101.0209472656,
      1.867529296875,8.07),(-100.8651855468,1.867529296875,8.07),(
      -100.8651855468,1.867529296875,8.07),(-100.2732910156,
      1.867529296875,8.07)));
#3120 = ANNOTATION_PLANE('',(#3121),#3123,(#3115));
#3121 = PRESENTATION_STYLE_ASSIGNMENT((NULL_STYLE(.NULL.)));
#3123 = PLANE('',#3124);
#3124 = AXIS2_PLACEMENT_3D('',#3125,#3126,#3127);
#3125 = CARTESIAN_POINT('',(-101.,0.,8.));
#3126 = DIRECTION('',(0.,0.,1.));
#3127 = DIRECTION('',(1.,0.,-0.));
#3128 = SHAPE_ASPECT('depth','',#4,.T.);
#3129 = GEOMETRIC_ITEM_SPECIFIC_USAGE('depth','',#3128,#10,#15);
#3130 = SHAPE_ASPECT('depth','',#4,.T.);
#3131 = GEOMETRIC_ITEM_SPECIFIC_USAGE('depth','',#3130,#10,#15);
#3132 = GEOMETRIC_ITEM_SPECIFIC_USAGE('','',#3133,#3279,#3134);
#3133 = DERIVED_SHAPE_ASPECT('','',#4,.F.);
#3134 = CARTESIAN_POINT('',(90.,39.,0.));
#3135 = SHAPE_ASPECT_DERIVING_RELATIONSHIP('',$,#3133,#3128);
#3136 = GEOMETRIC_ITEM_SPECIFIC_USAGE('','',#3137,#3279,#3138);
#3137 = DERIVED_SHAPE_ASPECT('','',#4,.F.);
#3138 = CARTESIAN_POINT('',(90.,39.,8.));
#3139 = SHAPE_ASPECT_DERIVING_RELATIONSHIP('',$,#3137,#3130);
#3140 = ( LENGTH_MEASURE_WITH_UNIT() MEASURE_REPRESENTATION_ITEM() 
MEASURE_WITH_UNIT(POSITIVE_LENGTH_MEASURE(8.),#3054) REPRESENTATION_ITEM
('nominal value') );
#3141 = SHAPE_DIMENSION_REPRESENTATION('',(#3140),#3053);
#3142 = DIMENSIONAL_CHARACTERISTIC_REPRESENTATION(#3143,#3141);
#3143 = DIMENSIONAL_LOCATION('linear distance outer outer',$,#3133,#3137
  );
#3144 = DRAUGHTING_MODEL_ITEM_ASSOCIATION(
  'PMI representation to presentation link','',#3143,#3280,#3145);
#3145 = DRAUGHTING_CALLOUT('8 mm - Overall depth',(#3146));
#3146 = TESSELLATED_ANNOTATION_OCCURRENCE('',(#3078),#3147);
#3147 = TESSELLATED_GEOMETRIC_SET('',(#3148));
#3148 = TESSELLATED_CURVE_SET('',#3149,((1,2),(3,4),(5,6),(7,8),(9,10),(
      11,12),(13,14),(15,16),(17,18),(19,20,21),(22,23,24),(25,26),(27,
      28),(29,30,31),(32,33,34),(35,36),(37,38),(39,40,41),(42,43,44),(
      45,46),(47,48),(49,50,51),(52,53,54),(55,56),(57,58),(59,60,61),(
      62,63,64),(65,66),(67,68),(69,70,71),(72,73,74),(75,76),(77,78),(
      79,80,81),(82,83,84),(85,86),(87,88),(89,90,91),(92,93,94),(95,96)
    ,(97,98),(99,100,101),(102,103,104),(105,106),(107,108),(109,110,111
      ),(112,113,114),(115,116),(117,118),(119,120,121),(122,123,124),(
      125,126),(127,128),(129,130,131),(132,133,134),(135,136),(137,138)
    ,(139,140,141),(142,143,144),(145,146),(147,148),(149,150,151),(152,
      153,154),(155,156),(157,158),(159,160,161),(162,163,164),(165,166)
    ,(167,168),(169,170,171),(172,173,174),(175,176),(177,178),(179,180,
      181),(182,183,184),(185,186),(187,188),(189,190,191),(192,193,194)
    ,(195,196),(197,198),(199,200,201),(202,203,204),(205,206),(207,208)
    ,(209,210,211),(212,213,214),(215,216),(217,218),(219,220,221),(222,
      223,224),(225,226),(227,228),(229,230,231),(232,233,234),(235,236)
    ,(237,238),(239,240,241),(242,243,244),(245,246),(247,248),(249,250,
      251),(252,253,254),(255,256),(257,258),(259,260,261),(262,263,264)
    ,(265,266),(267,268),(269,270,271),(272,273,274),(275,276),(277,278)
    ,(279,280,281),(282,283,284),(285,286),(287,288),(289,290,291),(292,
      293,294),(295,296),(297,298),(299,300,301),(302,303,304),(305,306)
    ,(307,308),(309,310,311),(312,313,314),(315,316),(317,318),(319,320,
      321),(322,323,324),(325,326),(327,328),(329,330,331),(332,333,334)
    ,(335,336),(337,338),(339,340,341),(342,343,344),(345,346,347),(348,
      349,350),(351,352,353),(354,355,356),(357,358,359),(360,361,362),(
      363,364,365),(366,367,368),(369,370,371),(372,373,374),(375,376,
      377),(378,379,380),(381,382,383),(384,385,386),(387,388,389),(390,
      391,392),(393,394,395),(396,397,398),(399,400,401),(402,403,404),(
      405,406,407),(408,409,410),(411,412,413),(414,415,416),(417,418,
      419),(420,421,422),(423,424,425),(426,427,428),(429,430,431),(432,
      433,434),(435,436,437),(438,439,440),(441,442,443),(444,445,446),(
      447,448,449),(450,451,452),(453,454,455),(456,457,458),(459,460,
      461),(462,463,464),(465,466,467),(468,469,470),(471,472,473),(474,
      475,476),(477,478,479),(480,481,482),(483,484,485),(486,487,488),(
      489,490,491),(492,493,494),(495,496,497),(498,499,500),(501,502,
      503),(504,505,506),(507,508,509),(510,511,512),(513,514,515),(516,
      517,518),(519,520,521),(522,523,524),(525,526,527),(528,529,530),(
      531,532,533),(534,535,536),(537,538,539),(540,541,542),(543,544),(
      545,546),(547,548),(549,550),(551,552),(553,554),(555,556),(557,
      558),(559,560),(561,562),(563,564),(565,566),(567,568),(569,570),(
      571,572),(573,574),(575,576),(577,578),(579,580,581),(582,583,584)
    ,(585,586),(587,588),(589,590,591),(592,593,594),(595,596),(597,598)
    ,(599,600,601),(602,603,604),(605,606),(607,608),(609,610,611),(612,
      613,614),(615,616),(617,618),(619,620,621),(622,623,624),(625,626)
    ,(627,628),(629,630,631),(632,633,634),(635,636),(637,638),(639,640,
      641),(642,643,644),(645,646),(647,648),(649,650),(651,652),(653,
      654),(655,656),(657,658),(659,660),(661,662),(663,664),(665,666),(
      667,668),(669,670),(671,672),(673,674,675),(676,677,678),(679,680)
    ,(681,682),(683,684,685),(686,687,688),(689,690),(691,692),(693,694,
      695),(696,697,698),(699,700),(701,702),(703,704,705),(706,707,708)
    ,(709,710),(711,712),(713,714,715),(716,717,718),(719,720),(721,722)
    ,(723,724),(725,726),(727,728),(729,730),(731,732),(733,734),(735,
      736),(737,738),(739,740),(741,742),(743,744),(745,746),(747,748,
      749),(750,751,752),(753,754),(755,756),(757,758,759),(760,761,762)
    ,(763,764),(765,766),(767,768,769),(770,771,772),(773,774),(775,776)
    ,(777,778,779),(780,781,782),(783,784),(785,786),(787,788,789),(790,
      791,792),(793,794),(795,796),(797,798),(799,800),(801,802),(803,
      804),(805,806),(807,808),(809,810,811),(812,813,814),(815,816,817)
    ,(818,819,820),(821,822,823),(824,825,826),(827,828,829),(830,831),(
      832,833),(834,835),(836,837,838),(839,840,841),(842,843,844),(845,
      846,847),(848,849,850),(851,852),(853,854),(855,856),(857,858,859)
    ,(860,861,862),(863,864,865),(866,867,868),(869,870,871),(872,873),(
      874,875),(876,877),(878,879),(880,881),(882,883,884),(885,886,887)
    ,(888,889,890),(891,892,893),(894,895,896),(897,898,899),(900,901,
      902),(903,904),(905,906),(907,908),(909,910,911),(912,913,914),(
      915,916,917),(918,919,920),(921,922,923),(924,925),(926,927),(928,
      929),(930,931,932),(933,934,935),(936,937,938),(939,940,941),(942,
      943,944),(945,946),(947,948),(949,950),(951,952),(953,954),(955,
      956),(957,958),(959,960),(961,962),(963,964),(965,966),(967,968),(
      969,970),(971,972),(973,974),(975,976),(977,978),(979,980),(981,
      982),(983,984,985),(986,987,988),(989,990),(991,992),(993,994,995)
    ,(996,997,998),(999,1000),(1001,1002),(1003,1004,1005),(1006,1007,
      1008),(1009,1010),(1011,1012),(1013,1014,1015),(1016,1017,1018),(
      1019,1020),(1021,1022),(1023,1024,1025),(1026,1027,1028),(1029,
      1030),(1031,1032),(1033,1034,1035),(1036,1037,1038),(1039,1040),(
      1041,1042),(1043,1044,1045),(1046,1047,1048),(1049,1050),(1051,
      1052),(1053,1054),(1055,1056),(1057,1058),(1059,1060),(1061,1062),
    (1063,1064),(1065,1066),(1067,1068),(1069,1070),(1071,1072),(1073,
      1074),(1075,1076),(1077,1078,1079),(1080,1081,1082),(1083,1084),(
      1085,1086),(1087,1088,1089),(1090,1091,1092),(1093,1094),(1095,
      1096),(1097,1098,1099),(1100,1101,1102),(1103,1104),(1105,1106),(
      1107,1108,1109),(1110,1111,1112),(1113,1114),(1115,1116),(1117,
      1118,1119),(1120,1121,1122),(1123,1124),(1125,1126),(1127,1128),(
      1129,1130),(1131,1132),(1133,1134),(1135,1136),(1137,1138),(1139,
      1140),(1141,1142),(1143,1144),(1145,1146),(1147,1148),(1149,1150),
    (1151,1152,1153),(1154,1155,1156),(1157,1158),(1159,1160),(1161,1162
      ,1163),(1164,1165,1166),(1167,1168),(1169,1170),(1171,1172,1173),(
      1174,1175,1176),(1177,1178),(1179,1180),(1181,1182,1183),(1184,
      1185,1186),(1187,1188),(1189,1190),(1191,1192,1193),(1194,1195,
      1196),(1197,1198),(1199,1200),(1201,1202),(1203,1204),(1205,1206),
    (1207,1208),(1209,1210),(1211,1212),(1213,1214,1215),(1216,1217,1218
      ),(1219,1220,1221),(1222,1223,1224),(1225,1226,1227),(1228,1229,
      1230),(1231,1232,1233),(1234,1235),(1236,1237),(1238,1239),(1240,
      1241,1242),(1243,1244,1245),(1246,1247,1248),(1249,1250,1251),(
      1252,1253,1254),(1255,1256),(1257,1258),(1259,1260),(1261,1262,
      1263),(1264,1265,1266),(1267,1268,1269),(1270,1271,1272),(1273,
      1274,1275),(1276,1277),(1278,1279),(1280,1281),(1282,1283),(1284,
      1285),(1286,1287,1288),(1289,1290,1291),(1292,1293,1294),(1295,
      1296,1297),(1298,1299,1300),(1301,1302,1303),(1304,1305,1306),(
      1307,1308),(1309,1310),(1311,1312),(1313,1314,1315),(1316,1317,
      1318),(1319,1320,1321),(1322,1323,1324),(1325,1326,1327),(1328,
      1329),(1330,1331),(1332,1333),(1334,1335,1336),(1337,1338,1339),(
      1340,1341,1342),(1343,1344,1345),(1346,1347,1348),(1349,1350)));
#3149 = COORDINATES_LIST('',1350,((90.,39.,0.),(101.,39.,0.),(90.,39.,8.
      ),(101.,39.,8.),(101.,39.,0.),(101.,39.,8.),(101.,39.,0.),(101.76,
      39.,2.),(101.,39.,0.),(100.24,39.,2.),(101.,39.,8.),(101.76,39.,6.
      ),(101.,39.,8.),(100.24,39.,6.),(101.12729492187,39.05,
      1.6388671875),(101.12729492187,39.07,1.6388671875),(
      101.25297851562,39.05,1.460546875),(101.25297851562,39.07,
      1.460546875),(101.12729492187,39.05,1.6388671875),(101.17133789062
      ,39.05,1.5185546875),(101.25297851562,39.05,1.460546875),(
      101.12729492187,39.07,1.6388671875),(101.17133789062,39.07,
      1.5185546875),(101.25297851562,39.07,1.460546875),(101.25297851562
      ,39.05,1.460546875),(101.25297851562,39.07,1.460546875),(
      101.44848632812,39.05,1.4025390625),(101.44848632812,39.07,
      1.4025390625),(101.25297851562,39.05,1.460546875),(101.33461914062
      ,39.05,1.4025390625),(101.44848632812,39.05,1.4025390625),(
      101.25297851562,39.07,1.460546875),(101.33461914062,39.07,
      1.4025390625),(101.44848632812,39.07,1.4025390625),(
      101.44848632812,39.05,1.4025390625),(101.44848632812,39.07,
      1.4025390625),(101.73745117187,39.05,1.52607421875),(
      101.73745117187,39.07,1.52607421875),(101.44848632812,39.05,
      1.4025390625),(101.62036132812,39.05,1.4025390625),(
      101.73745117187,39.05,1.52607421875),(101.44848632812,39.07,
      1.4025390625),(101.62036132812,39.07,1.4025390625),(
      101.73745117187,39.07,1.52607421875),(101.73745117187,39.05,
      1.52607421875),(101.73745117187,39.07,1.52607421875),(
      101.85454101562,39.05,1.85478515625),(101.85454101562,39.07,
      1.85478515625),(101.73745117187,39.05,1.52607421875),(
      101.85454101562,39.05,1.649609375),(101.85454101562,39.05,
      1.85478515625),(101.73745117187,39.07,1.52607421875),(
      101.85454101562,39.07,1.649609375),(101.85454101562,39.07,
      1.85478515625),(101.85454101562,39.05,1.85478515625),(
      101.85454101562,39.07,1.85478515625),(101.734765625,39.05,
      2.18671875),(101.734765625,39.07,2.18671875),(101.85454101562,
      39.05,1.85478515625),(101.85454101562,39.05,2.06103515625),(
      101.734765625,39.05,2.18671875),(101.85454101562,39.07,
      1.85478515625),(101.85454101562,39.07,2.06103515625),(
      101.734765625,39.07,2.18671875),(101.734765625,39.05,2.18671875),(
      101.734765625,39.07,2.18671875),(101.44311523437,39.05,
      2.31240234375),(101.44311523437,39.07,2.31240234375),(
      101.734765625,39.05,2.18671875),(101.61499023437,39.05,
      2.31240234375),(101.44311523437,39.05,2.31240234375),(
      101.734765625,39.07,2.18671875),(101.61499023437,39.07,
      2.31240234375),(101.44311523437,39.07,2.31240234375),(
      101.44311523437,39.05,2.31240234375),(101.44311523437,39.07,
      2.31240234375),(101.25244140625,39.05,2.254931640625),(
      101.25244140625,39.07,2.254931640625),(101.44311523437,39.05,
      2.31240234375),(101.33354492187,39.05,2.31240234375),(
      101.25244140625,39.05,2.254931640625),(101.44311523437,39.07,
      2.31240234375),(101.33354492187,39.07,2.31240234375),(
      101.25244140625,39.07,2.254931640625),(101.25244140625,39.05,
      2.254931640625),(101.25244140625,39.07,2.254931640625),(
      101.12729492187,39.05,2.08037109375),(101.12729492187,39.07,
      2.08037109375),(101.25244140625,39.05,2.254931640625),(
      101.17133789062,39.05,2.1974609375),(101.12729492187,39.05,
      2.08037109375),(101.25244140625,39.07,2.254931640625),(
      101.17133789062,39.07,2.1974609375),(101.12729492187,39.07,
      2.08037109375),(101.12729492187,39.05,2.08037109375),(
      101.12729492187,39.07,2.08037109375),(100.97475585937,39.05,
      2.301123046875),(100.97475585937,39.07,2.301123046875),(
      101.12729492187,39.05,2.08037109375),(101.08002929687,39.05,
      2.225390625),(100.97475585937,39.05,2.301123046875),(
      101.12729492187,39.07,2.08037109375),(101.08002929687,39.07,
      2.225390625),(100.97475585937,39.07,2.301123046875),(
      100.97475585937,39.05,2.301123046875),(100.97475585937,39.07,
      2.301123046875),(100.72338867187,39.05,2.37685546875),(
      100.72338867187,39.07,2.37685546875),(100.97475585937,39.05,
      2.301123046875),(100.86948242187,39.05,2.37685546875),(
      100.72338867187,39.05,2.37685546875),(100.97475585937,39.07,
      2.301123046875),(100.86948242187,39.07,2.37685546875),(
      100.72338867187,39.07,2.37685546875),(100.72338867187,39.05,
      2.37685546875),(100.72338867187,39.07,2.37685546875),(
      100.38393554687,39.05,2.233984375),(100.38393554687,39.07,
      2.233984375),(100.72338867187,39.05,2.37685546875),(
      100.52143554687,39.05,2.37685546875),(100.38393554687,39.05,
      2.233984375),(100.72338867187,39.07,2.37685546875),(
      100.52143554687,39.07,2.37685546875),(100.38393554687,39.07,
      2.233984375),(100.38393554687,39.05,2.233984375),(100.38393554687,
      39.07,2.233984375),(100.24643554687,39.05,1.8580078125),(
      100.24643554687,39.07,1.8580078125),(100.38393554687,39.05,
      2.233984375),(100.24643554687,39.05,2.09111328125),(
      100.24643554687,39.05,1.8580078125),(100.38393554687,39.07,
      2.233984375),(100.24643554687,39.07,2.09111328125),(
      100.24643554687,39.07,1.8580078125),(100.24643554687,39.05,
      1.8580078125),(100.24643554687,39.07,1.8580078125),(
      100.38447265625,39.05,1.48203125),(100.38447265625,39.07,
      1.48203125),(100.24643554687,39.05,1.8580078125),(100.24643554687,
      39.05,1.62490234375),(100.38447265625,39.05,1.48203125),(
      100.24643554687,39.07,1.8580078125),(100.24643554687,39.07,
      1.62490234375),(100.38447265625,39.07,1.48203125),(100.38447265625
      ,39.05,1.48203125),(100.38447265625,39.07,1.48203125),(
      100.72875976562,39.05,1.33916015625),(100.72875976562,39.07,
      1.33916015625),(100.38447265625,39.05,1.48203125),(100.52250976562
      ,39.05,1.33916015625),(100.72875976562,39.05,1.33916015625),(
      100.38447265625,39.07,1.48203125),(100.52250976562,39.07,
      1.33916015625),(100.72875976562,39.07,1.33916015625),(
      100.72875976562,39.05,1.33916015625),(100.72875976562,39.07,
      1.33916015625),(100.98603515625,39.05,1.417041015625),(
      100.98603515625,39.07,1.417041015625),(100.72875976562,39.05,
      1.33916015625),(100.88237304687,39.05,1.33916015625),(
      100.98603515625,39.05,1.417041015625),(100.72875976562,39.07,
      1.33916015625),(100.88237304687,39.07,1.33916015625),(
      100.98603515625,39.07,1.417041015625),(100.98603515625,39.05,
      1.417041015625),(100.98603515625,39.07,1.417041015625),(
      101.12729492187,39.05,1.6388671875),(101.12729492187,39.07,
      1.6388671875),(100.98603515625,39.05,1.417041015625),(
      101.08969726562,39.05,1.494921875),(101.12729492187,39.05,
      1.6388671875),(100.98603515625,39.07,1.417041015625),(
      101.08969726562,39.07,1.494921875),(101.12729492187,39.07,
      1.6388671875),(101.45493164062,39.05,1.6001953125),(
      101.45493164062,39.07,1.6001953125),(101.27231445312,39.05,
      1.67216796875),(101.27231445312,39.07,1.67216796875),(
      101.45493164062,39.05,1.6001953125),(101.34321289062,39.05,
      1.6001953125),(101.27231445312,39.05,1.67216796875),(
      101.45493164062,39.07,1.6001953125),(101.34321289062,39.07,
      1.6001953125),(101.27231445312,39.07,1.67216796875),(
      101.27231445312,39.05,1.67216796875),(101.27231445312,39.07,
      1.67216796875),(101.20141601562,39.05,1.85908203125),(
      101.20141601562,39.07,1.85908203125),(101.27231445312,39.05,
      1.67216796875),(101.20141601562,39.05,1.744140625),(
      101.20141601562,39.05,1.85908203125),(101.27231445312,39.07,
      1.67216796875),(101.20141601562,39.07,1.744140625),(
      101.20141601562,39.07,1.85908203125),(101.20141601562,39.05,
      1.85908203125),(101.20141601562,39.07,1.85908203125),(
      101.27177734375,39.05,2.042236328125),(101.27177734375,39.07,
      2.042236328125),(101.20141601562,39.05,1.85908203125),(
      101.20141601562,39.05,1.97080078125),(101.27177734375,39.05,
      2.042236328125),(101.20141601562,39.07,1.85908203125),(
      101.20141601562,39.07,1.97080078125),(101.27177734375,39.07,
      2.042236328125),(101.27177734375,39.05,2.042236328125),(
      101.27177734375,39.07,2.042236328125),(101.44418945312,39.05,
      2.113671875),(101.44418945312,39.07,2.113671875),(101.27177734375,
      39.05,2.042236328125),(101.34213867187,39.05,2.113671875),(
      101.44418945312,39.05,2.113671875),(101.27177734375,39.07,
      2.042236328125),(101.34213867187,39.07,2.113671875),(
      101.44418945312,39.07,2.113671875),(101.44418945312,39.05,
      2.113671875),(101.44418945312,39.07,2.113671875),(101.623046875,
      39.05,2.040087890625),(101.623046875,39.07,2.040087890625),(
      101.44418945312,39.05,2.113671875),(101.55053710937,39.05,
      2.113671875),(101.623046875,39.05,2.040087890625),(101.44418945312
      ,39.07,2.113671875),(101.55053710937,39.07,2.113671875),(
      101.623046875,39.07,2.040087890625),(101.623046875,39.05,
      2.040087890625),(101.623046875,39.07,2.040087890625),(
      101.69555664062,39.05,1.85693359375),(101.69555664062,39.07,
      1.85693359375),(101.623046875,39.05,2.040087890625),(
      101.69555664062,39.05,1.96650390625),(101.69555664062,39.05,
      1.85693359375),(101.623046875,39.07,2.040087890625),(
      101.69555664062,39.07,1.96650390625),(101.69555664062,39.07,
      1.85693359375),(101.69555664062,39.05,1.85693359375),(
      101.69555664062,39.07,1.85693359375),(101.62465820312,39.05,
      1.6732421875),(101.62465820312,39.07,1.6732421875),(
      101.69555664062,39.05,1.85693359375),(101.69555664062,39.05,
      1.7462890625),(101.62465820312,39.05,1.6732421875),(
      101.69555664062,39.07,1.85693359375),(101.69555664062,39.07,
      1.7462890625),(101.62465820312,39.07,1.6732421875),(
      101.62465820312,39.05,1.6732421875),(101.62465820312,39.07,
      1.6732421875),(101.45493164062,39.05,1.6001953125),(
      101.45493164062,39.07,1.6001953125),(101.62465820312,39.05,
      1.6732421875),(101.55375976562,39.05,1.6001953125),(
      101.45493164062,39.05,1.6001953125),(101.62465820312,39.07,
      1.6732421875),(101.55375976562,39.07,1.6001953125),(
      101.45493164062,39.07,1.6001953125),(100.72768554687,39.05,
      1.537890625),(100.72768554687,39.07,1.537890625),(100.56762695312,
      39.05,1.577099609375),(100.56762695312,39.07,1.577099609375),(
      100.72768554687,39.05,1.537890625),(100.64497070312,39.05,
      1.537890625),(100.56762695312,39.05,1.577099609375),(
      100.72768554687,39.07,1.537890625),(100.64497070312,39.07,
      1.537890625),(100.56762695312,39.07,1.577099609375),(
      100.56762695312,39.05,1.577099609375),(100.56762695312,39.07,
      1.577099609375),(100.4478515625,39.05,1.69365234375),(
      100.4478515625,39.07,1.69365234375),(100.56762695312,39.05,
      1.577099609375),(100.49028320312,39.05,1.61630859375),(
      100.4478515625,39.05,1.69365234375),(100.56762695312,39.07,
      1.577099609375),(100.49028320312,39.07,1.61630859375),(
      100.4478515625,39.07,1.69365234375),(100.4478515625,39.05,
      1.69365234375),(100.4478515625,39.07,1.69365234375),(
      100.40541992187,39.05,1.86015625),(100.40541992187,39.07,
      1.86015625),(100.4478515625,39.05,1.69365234375),(100.40541992187,
      39.05,1.77099609375),(100.40541992187,39.05,1.86015625),(
      100.4478515625,39.07,1.69365234375),(100.40541992187,39.07,
      1.77099609375),(100.40541992187,39.07,1.86015625),(100.40541992187
      ,39.05,1.86015625),(100.40541992187,39.07,1.86015625),(
      100.49458007812,39.05,2.08896484375),(100.49458007812,39.07,
      2.08896484375),(100.40541992187,39.05,1.86015625),(100.40541992187
      ,39.05,1.99873046875),(100.49458007812,39.05,2.08896484375),(
      100.40541992187,39.07,1.86015625),(100.40541992187,39.07,
      1.99873046875),(100.49458007812,39.07,2.08896484375),(
      100.49458007812,39.05,2.08896484375),(100.49458007812,39.07,
      2.08896484375),(100.72124023437,39.05,2.17919921875),(
      100.72124023437,39.07,2.17919921875),(100.49458007812,39.05,
      2.08896484375),(100.58374023437,39.05,2.17919921875),(
      100.72124023437,39.05,2.17919921875),(100.49458007812,39.07,
      2.08896484375),(100.58374023437,39.07,2.17919921875),(
      100.72124023437,39.07,2.17919921875),(100.72124023437,39.05,
      2.17919921875),(100.72124023437,39.07,2.17919921875),(
      100.95219726562,39.05,2.086279296875),(100.95219726562,39.07,
      2.086279296875),(100.72124023437,39.05,2.17919921875),(
      100.86088867187,39.05,2.17919921875),(100.95219726562,39.05,
      2.086279296875),(100.72124023437,39.07,2.17919921875),(
      100.86088867187,39.07,2.17919921875),(100.95219726562,39.07,
      2.086279296875),(100.95219726562,39.05,2.086279296875),(
      100.95219726562,39.07,2.086279296875),(101.04350585937,39.05,
      1.8537109375),(101.04350585937,39.07,1.8537109375),(
      100.95219726562,39.05,2.086279296875),(101.04350585937,39.05,
      1.993359375),(101.04350585937,39.05,1.8537109375),(100.95219726562
      ,39.07,2.086279296875),(101.04350585937,39.07,1.993359375),(
      101.04350585937,39.07,1.8537109375),(101.04350585937,39.05,
      1.8537109375),(101.04350585937,39.07,1.8537109375),(
      100.95327148437,39.05,1.627587890625),(100.95327148437,39.07,
      1.627587890625),(101.04350585937,39.05,1.8537109375),(
      101.04350585937,39.05,1.71728515625),(100.95327148437,39.05,
      1.627587890625),(101.04350585937,39.07,1.8537109375),(
      101.04350585937,39.07,1.71728515625),(100.95327148437,39.07,
      1.627587890625),(100.95327148437,39.05,1.627587890625),(
      100.95327148437,39.07,1.627587890625),(100.72768554687,39.05,
      1.537890625),(100.72768554687,39.07,1.537890625),(100.95327148437,
      39.05,1.627587890625),(100.86303710937,39.05,1.537890625),(
      100.72768554687,39.05,1.537890625),(100.95327148437,39.07,
      1.627587890625),(100.86303710937,39.07,1.537890625),(
      100.72768554687,39.07,1.537890625),(101.12729492187,39.05,
      1.6388671875),(101.17133789062,39.05,1.5185546875),(
      101.25297851562,39.05,1.460546875),(101.25297851562,39.05,
      1.460546875),(101.33461914062,39.05,1.4025390625),(101.44848632812
      ,39.05,1.4025390625),(101.44848632812,39.05,1.4025390625),(
      101.62036132812,39.05,1.4025390625),(101.73745117187,39.05,
      1.52607421875),(101.73745117187,39.05,1.52607421875),(
      101.85454101562,39.05,1.649609375),(101.85454101562,39.05,
      1.85478515625),(101.85454101562,39.05,1.85478515625),(
      101.85454101562,39.05,2.06103515625),(101.734765625,39.05,
      2.18671875),(101.734765625,39.05,2.18671875),(101.61499023437,
      39.05,2.31240234375),(101.44311523437,39.05,2.31240234375),(
      101.44311523437,39.05,2.31240234375),(101.33354492187,39.05,
      2.31240234375),(101.25244140625,39.05,2.254931640625),(
      101.25244140625,39.05,2.254931640625),(101.17133789062,39.05,
      2.1974609375),(101.12729492187,39.05,2.08037109375),(
      101.12729492187,39.05,2.08037109375),(101.08002929687,39.05,
      2.225390625),(100.97475585937,39.05,2.301123046875),(
      100.97475585937,39.05,2.301123046875),(100.86948242187,39.05,
      2.37685546875),(100.72338867187,39.05,2.37685546875),(
      100.72338867187,39.05,2.37685546875),(100.52143554687,39.05,
      2.37685546875),(100.38393554687,39.05,2.233984375),(
      100.38393554687,39.05,2.233984375),(100.24643554687,39.05,
      2.09111328125),(100.24643554687,39.05,1.8580078125),(
      100.24643554687,39.05,1.8580078125),(100.24643554687,39.05,
      1.62490234375),(100.38447265625,39.05,1.48203125),(100.38447265625
      ,39.05,1.48203125),(100.52250976562,39.05,1.33916015625),(
      100.72875976562,39.05,1.33916015625),(100.72875976562,39.05,
      1.33916015625),(100.88237304687,39.05,1.33916015625),(
      100.98603515625,39.05,1.417041015625),(100.98603515625,39.05,
      1.417041015625),(101.08969726562,39.05,1.494921875),(
      101.12729492187,39.05,1.6388671875),(101.45493164062,39.05,
      1.6001953125),(101.34321289062,39.05,1.6001953125),(
      101.27231445312,39.05,1.67216796875),(101.27231445312,39.05,
      1.67216796875),(101.20141601562,39.05,1.744140625),(
      101.20141601562,39.05,1.85908203125),(101.20141601562,39.05,
      1.85908203125),(101.20141601562,39.05,1.97080078125),(
      101.27177734375,39.05,2.042236328125),(101.27177734375,39.05,
      2.042236328125),(101.34213867187,39.05,2.113671875),(
      101.44418945312,39.05,2.113671875),(101.44418945312,39.05,
      2.113671875),(101.55053710937,39.05,2.113671875),(101.623046875,
      39.05,2.040087890625),(101.623046875,39.05,2.040087890625),(
      101.69555664062,39.05,1.96650390625),(101.69555664062,39.05,
      1.85693359375),(101.69555664062,39.05,1.85693359375),(
      101.69555664062,39.05,1.7462890625),(101.62465820312,39.05,
      1.6732421875),(101.62465820312,39.05,1.6732421875),(
      101.55375976562,39.05,1.6001953125),(101.45493164062,39.05,
      1.6001953125),(100.72768554687,39.05,1.537890625),(100.64497070312
      ,39.05,1.537890625),(100.56762695312,39.05,1.577099609375),(
      100.56762695312,39.05,1.577099609375),(100.49028320312,39.05,
      1.61630859375),(100.4478515625,39.05,1.69365234375),(
      100.4478515625,39.05,1.69365234375),(100.40541992187,39.05,
      1.77099609375),(100.40541992187,39.05,1.86015625),(100.40541992187
      ,39.05,1.86015625),(100.40541992187,39.05,1.99873046875),(
      100.49458007812,39.05,2.08896484375),(100.49458007812,39.05,
      2.08896484375),(100.58374023437,39.05,2.17919921875),(
      100.72124023437,39.05,2.17919921875),(100.72124023437,39.05,
      2.17919921875),(100.86088867187,39.05,2.17919921875),(
      100.95219726562,39.05,2.086279296875),(100.95219726562,39.05,
      2.086279296875),(101.04350585937,39.05,1.993359375),(
      101.04350585937,39.05,1.8537109375),(101.04350585937,39.05,
      1.8537109375),(101.04350585937,39.05,1.71728515625),(
      100.95327148437,39.05,1.627587890625),(100.95327148437,39.05,
      1.627587890625),(100.86303710937,39.05,1.537890625),(
      100.72768554687,39.05,1.537890625),(101.12729492187,39.07,
      1.6388671875),(101.17133789062,39.07,1.5185546875),(
      101.25297851562,39.07,1.460546875),(101.25297851562,39.07,
      1.460546875),(101.33461914062,39.07,1.4025390625),(101.44848632812
      ,39.07,1.4025390625),(101.44848632812,39.07,1.4025390625),(
      101.62036132812,39.07,1.4025390625),(101.73745117187,39.07,
      1.52607421875),(101.73745117187,39.07,1.52607421875),(
      101.85454101562,39.07,1.649609375),(101.85454101562,39.07,
      1.85478515625),(101.85454101562,39.07,1.85478515625),(
      101.85454101562,39.07,2.06103515625),(101.734765625,39.07,
      2.18671875),(101.734765625,39.07,2.18671875),(101.61499023437,
      39.07,2.31240234375),(101.44311523437,39.07,2.31240234375),(
      101.44311523437,39.07,2.31240234375),(101.33354492187,39.07,
      2.31240234375),(101.25244140625,39.07,2.254931640625),(
      101.25244140625,39.07,2.254931640625),(101.17133789062,39.07,
      2.1974609375),(101.12729492187,39.07,2.08037109375),(
      101.12729492187,39.07,2.08037109375),(101.08002929687,39.07,
      2.225390625),(100.97475585937,39.07,2.301123046875),(
      100.97475585937,39.07,2.301123046875),(100.86948242187,39.07,
      2.37685546875),(100.72338867187,39.07,2.37685546875),(
      100.72338867187,39.07,2.37685546875),(100.52143554687,39.07,
      2.37685546875),(100.38393554687,39.07,2.233984375),(
      100.38393554687,39.07,2.233984375),(100.24643554687,39.07,
      2.09111328125),(100.24643554687,39.07,1.8580078125),(
      100.24643554687,39.07,1.8580078125),(100.24643554687,39.07,
      1.62490234375),(100.38447265625,39.07,1.48203125),(100.38447265625
      ,39.07,1.48203125),(100.52250976562,39.07,1.33916015625),(
      100.72875976562,39.07,1.33916015625),(100.72875976562,39.07,
      1.33916015625),(100.88237304687,39.07,1.33916015625),(
      100.98603515625,39.07,1.417041015625),(100.98603515625,39.07,
      1.417041015625),(101.08969726562,39.07,1.494921875),(
      101.12729492187,39.07,1.6388671875),(101.45493164062,39.07,
      1.6001953125),(101.34321289062,39.07,1.6001953125),(
      101.27231445312,39.07,1.67216796875),(101.27231445312,39.07,
      1.67216796875),(101.20141601562,39.07,1.744140625),(
      101.20141601562,39.07,1.85908203125),(101.20141601562,39.07,
      1.85908203125),(101.20141601562,39.07,1.97080078125),(
      101.27177734375,39.07,2.042236328125),(101.27177734375,39.07,
      2.042236328125),(101.34213867187,39.07,2.113671875),(
      101.44418945312,39.07,2.113671875),(101.44418945312,39.07,
      2.113671875),(101.55053710937,39.07,2.113671875),(101.623046875,
      39.07,2.040087890625),(101.623046875,39.07,2.040087890625),(
      101.69555664062,39.07,1.96650390625),(101.69555664062,39.07,
      1.85693359375),(101.69555664062,39.07,1.85693359375),(
      101.69555664062,39.07,1.7462890625),(101.62465820312,39.07,
      1.6732421875),(101.62465820312,39.07,1.6732421875),(
      101.55375976562,39.07,1.6001953125),(101.45493164062,39.07,
      1.6001953125),(100.72768554687,39.07,1.537890625),(100.64497070312
      ,39.07,1.537890625),(100.56762695312,39.07,1.577099609375),(
      100.56762695312,39.07,1.577099609375),(100.49028320312,39.07,
      1.61630859375),(100.4478515625,39.07,1.69365234375),(
      100.4478515625,39.07,1.69365234375),(100.40541992187,39.07,
      1.77099609375),(100.40541992187,39.07,1.86015625),(100.40541992187
      ,39.07,1.86015625),(100.40541992187,39.07,1.99873046875),(
      100.49458007812,39.07,2.08896484375),(100.49458007812,39.07,
      2.08896484375),(100.58374023437,39.07,2.17919921875),(
      100.72124023437,39.07,2.17919921875),(100.72124023437,39.07,
      2.17919921875),(100.86088867187,39.07,2.17919921875),(
      100.95219726562,39.07,2.086279296875),(100.95219726562,39.07,
      2.086279296875),(101.04350585937,39.07,1.993359375),(
      101.04350585937,39.07,1.8537109375),(101.04350585937,39.07,
      1.8537109375),(101.04350585937,39.07,1.71728515625),(
      100.95327148437,39.07,1.627587890625),(100.95327148437,39.07,
      1.627587890625),(100.86303710937,39.07,1.537890625),(
      100.72768554687,39.07,1.537890625),(100.27329101562,39.05,
      3.42314453125),(100.27329101562,39.07,3.42314453125),(
      100.27329101562,39.05,3.22978515625),(100.27329101562,39.07,
      3.22978515625),(100.27329101562,39.05,3.42314453125),(
      100.27329101562,39.05,3.22978515625),(100.27329101562,39.07,
      3.42314453125),(100.27329101562,39.07,3.22978515625),(
      100.27329101562,39.05,3.22978515625),(100.27329101562,39.07,
      3.22978515625),(101.41411132812,39.05,3.22978515625),(
      101.41411132812,39.07,3.22978515625),(100.27329101562,39.05,
      3.22978515625),(101.41411132812,39.05,3.22978515625),(
      100.27329101562,39.07,3.22978515625),(101.41411132812,39.07,
      3.22978515625),(101.41411132812,39.05,3.22978515625),(
      101.41411132812,39.07,3.22978515625),(101.41411132812,39.05,
      3.402734375),(101.41411132812,39.07,3.402734375),(101.41411132812,
      39.05,3.22978515625),(101.41411132812,39.05,3.402734375),(
      101.41411132812,39.07,3.22978515625),(101.41411132812,39.07,
      3.402734375),(101.41411132812,39.05,3.402734375),(101.41411132812,
      39.07,3.402734375),(101.25405273437,39.05,3.402734375),(
      101.25405273437,39.07,3.402734375),(101.41411132812,39.05,
      3.402734375),(101.25405273437,39.05,3.402734375),(101.41411132812,
      39.07,3.402734375),(101.25405273437,39.07,3.402734375),(
      101.25405273437,39.05,3.402734375),(101.25405273437,39.07,
      3.402734375),(101.3888671875,39.05,3.54560546875),(101.3888671875,
      39.07,3.54560546875),(101.25405273437,39.05,3.402734375),(
      101.33784179687,39.05,3.4564453125),(101.3888671875,39.05,
      3.54560546875),(101.25405273437,39.07,3.402734375),(
      101.33784179687,39.07,3.4564453125),(101.3888671875,39.07,
      3.54560546875),(101.3888671875,39.05,3.54560546875),(
      101.3888671875,39.07,3.54560546875),(101.43989257812,39.05,
      3.7486328125),(101.43989257812,39.07,3.7486328125),(101.3888671875
      ,39.05,3.54560546875),(101.43989257812,39.05,3.634765625),(
      101.43989257812,39.05,3.7486328125),(101.3888671875,39.07,
      3.54560546875),(101.43989257812,39.07,3.634765625),(
      101.43989257812,39.07,3.7486328125),(101.43989257812,39.05,
      3.7486328125),(101.43989257812,39.07,3.7486328125),(
      101.38725585937,39.05,3.956494140625),(101.38725585937,39.07,
      3.956494140625),(101.43989257812,39.05,3.7486328125),(
      101.43989257812,39.05,3.875390625),(101.38725585937,39.05,
      3.956494140625),(101.43989257812,39.07,3.7486328125),(
      101.43989257812,39.07,3.875390625),(101.38725585937,39.07,
      3.956494140625),(101.38725585937,39.05,3.956494140625),(
      101.38725585937,39.07,3.956494140625),(101.24008789062,39.05,
      4.0708984375),(101.24008789062,39.07,4.0708984375),(
      101.38725585937,39.05,3.956494140625),(101.33461914062,39.05,
      4.03759765625),(101.24008789062,39.05,4.0708984375),(
      101.38725585937,39.07,3.956494140625),(101.33461914062,39.07,
      4.03759765625),(101.24008789062,39.07,4.0708984375),(
      101.24008789062,39.05,4.0708984375),(101.24008789062,39.07,
      4.0708984375),(101.43989257812,39.05,4.4232421875),(
      101.43989257812,39.07,4.4232421875),(101.24008789062,39.05,
      4.0708984375),(101.43989257812,39.05,4.20625),(101.43989257812,
      39.05,4.4232421875),(101.24008789062,39.07,4.0708984375),(
      101.43989257812,39.07,4.20625),(101.43989257812,39.07,4.4232421875
      ),(101.43989257812,39.05,4.4232421875),(101.43989257812,39.07,
      4.4232421875),(101.3458984375,39.05,4.68427734375),(101.3458984375
      ,39.07,4.68427734375),(101.43989257812,39.05,4.4232421875),(
      101.43989257812,39.05,4.59296875),(101.3458984375,39.05,
      4.68427734375),(101.43989257812,39.07,4.4232421875),(
      101.43989257812,39.07,4.59296875),(101.3458984375,39.07,
      4.68427734375),(101.3458984375,39.05,4.68427734375),(
      101.3458984375,39.07,4.68427734375),(101.05639648437,39.05,
      4.7755859375),(101.05639648437,39.07,4.7755859375),(101.3458984375
      ,39.05,4.68427734375),(101.25190429687,39.05,4.7755859375),(
      101.05639648437,39.05,4.7755859375),(101.3458984375,39.07,
      4.68427734375),(101.25190429687,39.07,4.7755859375),(
      101.05639648437,39.07,4.7755859375),(101.05639648437,39.05,
      4.7755859375),(101.05639648437,39.07,4.7755859375),(
      100.27329101562,39.05,4.7755859375),(100.27329101562,39.07,
      4.7755859375),(101.05639648437,39.05,4.7755859375),(
      100.27329101562,39.05,4.7755859375),(101.05639648437,39.07,
      4.7755859375),(100.27329101562,39.07,4.7755859375),(
      100.27329101562,39.05,4.7755859375),(100.27329101562,39.07,
      4.7755859375),(100.27329101562,39.05,4.58330078125),(
      100.27329101562,39.07,4.58330078125),(100.27329101562,39.05,
      4.7755859375),(100.27329101562,39.05,4.58330078125),(
      100.27329101562,39.07,4.7755859375),(100.27329101562,39.07,
      4.58330078125),(100.27329101562,39.05,4.58330078125),(
      100.27329101562,39.07,4.58330078125),(100.99194335937,39.05,
      4.58330078125),(100.99194335937,39.07,4.58330078125),(
      100.27329101562,39.05,4.58330078125),(100.99194335937,39.05,
      4.58330078125),(100.27329101562,39.07,4.58330078125),(
      100.99194335937,39.07,4.58330078125),(100.99194335937,39.05,
      4.58330078125),(100.99194335937,39.07,4.58330078125),(
      101.158984375,39.05,4.564501953125),(101.158984375,39.07,
      4.564501953125),(100.99194335937,39.05,4.58330078125),(
      101.10795898437,39.05,4.58330078125),(101.158984375,39.05,
      4.564501953125),(100.99194335937,39.07,4.58330078125),(
      101.10795898437,39.07,4.58330078125),(101.158984375,39.07,
      4.564501953125),(101.158984375,39.05,4.564501953125),(
      101.158984375,39.07,4.564501953125),(101.24116210937,39.05,
      4.4962890625),(101.24116210937,39.07,4.4962890625),(101.158984375,
      39.05,4.564501953125),(101.21000976562,39.05,4.545703125),(
      101.24116210937,39.05,4.4962890625),(101.158984375,39.07,
      4.564501953125),(101.21000976562,39.07,4.545703125),(
      101.24116210937,39.07,4.4962890625),(101.24116210937,39.05,
      4.4962890625),(101.24116210937,39.07,4.4962890625),(
      101.27231445312,39.05,4.3802734375),(101.27231445312,39.07,
      4.3802734375),(101.24116210937,39.05,4.4962890625),(
      101.27231445312,39.05,4.446875),(101.27231445312,39.05,
      4.3802734375),(101.24116210937,39.07,4.4962890625),(
      101.27231445312,39.07,4.446875),(101.27231445312,39.07,
      4.3802734375),(101.27231445312,39.05,4.3802734375),(
      101.27231445312,39.07,4.3802734375),(101.19228515625,39.05,
      4.18046875),(101.19228515625,39.07,4.18046875),(101.27231445312,
      39.05,4.3802734375),(101.27231445312,39.05,4.2599609375),(
      101.19228515625,39.05,4.18046875),(101.27231445312,39.07,
      4.3802734375),(101.27231445312,39.07,4.2599609375),(
      101.19228515625,39.07,4.18046875),(101.19228515625,39.05,
      4.18046875),(101.19228515625,39.07,4.18046875),(100.93608398437,
      39.05,4.1009765625),(100.93608398437,39.07,4.1009765625),(
      101.19228515625,39.05,4.18046875),(101.11225585937,39.05,
      4.1009765625),(100.93608398437,39.05,4.1009765625),(
      101.19228515625,39.07,4.18046875),(101.11225585937,39.07,
      4.1009765625),(100.93608398437,39.07,4.1009765625),(
      100.93608398437,39.05,4.1009765625),(100.93608398437,39.07,
      4.1009765625),(100.27329101562,39.05,4.1009765625),(
      100.27329101562,39.07,4.1009765625),(100.93608398437,39.05,
      4.1009765625),(100.27329101562,39.05,4.1009765625),(
      100.93608398437,39.07,4.1009765625),(100.27329101562,39.07,
      4.1009765625),(100.27329101562,39.05,4.1009765625),(
      100.27329101562,39.07,4.1009765625),(100.27329101562,39.05,
      3.9076171875),(100.27329101562,39.07,3.9076171875),(
      100.27329101562,39.05,4.1009765625),(100.27329101562,39.05,
      3.9076171875),(100.27329101562,39.07,4.1009765625),(
      100.27329101562,39.07,3.9076171875),(100.27329101562,39.05,
      3.9076171875),(100.27329101562,39.07,3.9076171875),(
      101.01450195312,39.05,3.9076171875),(101.01450195312,39.07,
      3.9076171875),(100.27329101562,39.05,3.9076171875),(
      101.01450195312,39.05,3.9076171875),(100.27329101562,39.07,
      3.9076171875),(101.01450195312,39.07,3.9076171875),(
      101.01450195312,39.05,3.9076171875),(101.01450195312,39.07,
      3.9076171875),(101.20786132812,39.05,3.8603515625),(
      101.20786132812,39.07,3.8603515625),(101.01450195312,39.05,
      3.9076171875),(101.14340820312,39.05,3.9076171875),(
      101.20786132812,39.05,3.8603515625),(101.01450195312,39.07,
      3.9076171875),(101.14340820312,39.07,3.9076171875),(
      101.20786132812,39.07,3.8603515625),(101.20786132812,39.05,
      3.8603515625),(101.20786132812,39.07,3.8603515625),(
      101.27231445312,39.05,3.7056640625),(101.27231445312,39.07,
      3.7056640625),(101.20786132812,39.05,3.8603515625),(
      101.27231445312,39.05,3.8130859375),(101.27231445312,39.05,
      3.7056640625),(101.20786132812,39.07,3.8603515625),(
      101.27231445312,39.07,3.8130859375),(101.27231445312,39.07,
      3.7056640625),(101.27231445312,39.05,3.7056640625),(
      101.27231445312,39.07,3.7056640625),(101.22934570312,39.05,
      3.554736328125),(101.22934570312,39.07,3.554736328125),(
      101.27231445312,39.05,3.7056640625),(101.27231445312,39.05,
      3.6240234375),(101.22934570312,39.05,3.554736328125),(
      101.27231445312,39.07,3.7056640625),(101.27231445312,39.07,
      3.6240234375),(101.22934570312,39.07,3.554736328125),(
      101.22934570312,39.05,3.554736328125),(101.22934570312,39.07,
      3.554736328125),(101.10366210937,39.05,3.454296875),(
      101.10366210937,39.07,3.454296875),(101.22934570312,39.05,
      3.554736328125),(101.18637695312,39.05,3.48544921875),(
      101.10366210937,39.05,3.454296875),(101.22934570312,39.07,
      3.554736328125),(101.18637695312,39.07,3.48544921875),(
      101.10366210937,39.07,3.454296875),(101.10366210937,39.05,
      3.454296875),(101.10366210937,39.07,3.454296875),(100.86518554687,
      39.05,3.42314453125),(100.86518554687,39.07,3.42314453125),(
      101.10366210937,39.05,3.454296875),(101.02094726562,39.05,
      3.42314453125),(100.86518554687,39.05,3.42314453125),(
      101.10366210937,39.07,3.454296875),(101.02094726562,39.07,
      3.42314453125),(100.86518554687,39.07,3.42314453125),(
      100.86518554687,39.05,3.42314453125),(100.86518554687,39.07,
      3.42314453125),(100.27329101562,39.05,3.42314453125),(
      100.27329101562,39.07,3.42314453125),(100.86518554687,39.05,
      3.42314453125),(100.27329101562,39.05,3.42314453125),(
      100.86518554687,39.07,3.42314453125),(100.27329101562,39.07,
      3.42314453125),(100.27329101562,39.05,3.42314453125),(
      100.27329101562,39.05,3.22978515625),(100.27329101562,39.05,
      3.22978515625),(101.41411132812,39.05,3.22978515625),(
      101.41411132812,39.05,3.22978515625),(101.41411132812,39.05,
      3.402734375),(101.41411132812,39.05,3.402734375),(101.25405273437,
      39.05,3.402734375),(101.25405273437,39.05,3.402734375),(
      101.33784179687,39.05,3.4564453125),(101.3888671875,39.05,
      3.54560546875),(101.3888671875,39.05,3.54560546875),(
      101.43989257812,39.05,3.634765625),(101.43989257812,39.05,
      3.7486328125),(101.43989257812,39.05,3.7486328125),(
      101.43989257812,39.05,3.875390625),(101.38725585937,39.05,
      3.956494140625),(101.38725585937,39.05,3.956494140625),(
      101.33461914062,39.05,4.03759765625),(101.24008789062,39.05,
      4.0708984375),(101.24008789062,39.05,4.0708984375),(
      101.43989257812,39.05,4.20625),(101.43989257812,39.05,4.4232421875
      ),(101.43989257812,39.05,4.4232421875),(101.43989257812,39.05,
      4.59296875),(101.3458984375,39.05,4.68427734375),(101.3458984375,
      39.05,4.68427734375),(101.25190429687,39.05,4.7755859375),(
      101.05639648437,39.05,4.7755859375),(101.05639648437,39.05,
      4.7755859375),(100.27329101562,39.05,4.7755859375),(
      100.27329101562,39.05,4.7755859375),(100.27329101562,39.05,
      4.58330078125),(100.27329101562,39.05,4.58330078125),(
      100.99194335937,39.05,4.58330078125),(100.99194335937,39.05,
      4.58330078125),(101.10795898437,39.05,4.58330078125),(
      101.158984375,39.05,4.564501953125),(101.158984375,39.05,
      4.564501953125),(101.21000976562,39.05,4.545703125),(
      101.24116210937,39.05,4.4962890625),(101.24116210937,39.05,
      4.4962890625),(101.27231445312,39.05,4.446875),(101.27231445312,
      39.05,4.3802734375),(101.27231445312,39.05,4.3802734375),(
      101.27231445312,39.05,4.2599609375),(101.19228515625,39.05,
      4.18046875),(101.19228515625,39.05,4.18046875),(101.11225585937,
      39.05,4.1009765625),(100.93608398437,39.05,4.1009765625),(
      100.93608398437,39.05,4.1009765625),(100.27329101562,39.05,
      4.1009765625),(100.27329101562,39.05,4.1009765625),(
      100.27329101562,39.05,3.9076171875),(100.27329101562,39.05,
      3.9076171875),(101.01450195312,39.05,3.9076171875),(
      101.01450195312,39.05,3.9076171875),(101.14340820312,39.05,
      3.9076171875),(101.20786132812,39.05,3.8603515625),(
      101.20786132812,39.05,3.8603515625),(101.27231445312,39.05,
      3.8130859375),(101.27231445312,39.05,3.7056640625),(
      101.27231445312,39.05,3.7056640625),(101.27231445312,39.05,
      3.6240234375),(101.22934570312,39.05,3.554736328125),(
      101.22934570312,39.05,3.554736328125),(101.18637695312,39.05,
      3.48544921875),(101.10366210937,39.05,3.454296875),(
      101.10366210937,39.05,3.454296875),(101.02094726562,39.05,
      3.42314453125),(100.86518554687,39.05,3.42314453125),(
      100.86518554687,39.05,3.42314453125),(100.27329101562,39.05,
      3.42314453125),(100.27329101562,39.07,3.42314453125),(
      100.27329101562,39.07,3.22978515625),(100.27329101562,39.07,
      3.22978515625),(101.41411132812,39.07,3.22978515625),(
      101.41411132812,39.07,3.22978515625),(101.41411132812,39.07,
      3.402734375),(101.41411132812,39.07,3.402734375),(101.25405273437,
      39.07,3.402734375),(101.25405273437,39.07,3.402734375),(
      101.33784179687,39.07,3.4564453125),(101.3888671875,39.07,
      3.54560546875),(101.3888671875,39.07,3.54560546875),(
      101.43989257812,39.07,3.634765625),(101.43989257812,39.07,
      3.7486328125),(101.43989257812,39.07,3.7486328125),(
      101.43989257812,39.07,3.875390625),(101.38725585937,39.07,
      3.956494140625),(101.38725585937,39.07,3.956494140625),(
      101.33461914062,39.07,4.03759765625),(101.24008789062,39.07,
      4.0708984375),(101.24008789062,39.07,4.0708984375),(
      101.43989257812,39.07,4.20625),(101.43989257812,39.07,4.4232421875
      ),(101.43989257812,39.07,4.4232421875),(101.43989257812,39.07,
      4.59296875),(101.3458984375,39.07,4.68427734375),(101.3458984375,
      39.07,4.68427734375),(101.25190429687,39.07,4.7755859375),(
      101.05639648437,39.07,4.7755859375),(101.05639648437,39.07,
      4.7755859375),(100.27329101562,39.07,4.7755859375),(
      100.27329101562,39.07,4.7755859375),(100.27329101562,39.07,
      4.58330078125),(100.27329101562,39.07,4.58330078125),(
      100.99194335937,39.07,4.58330078125),(100.99194335937,39.07,
      4.58330078125),(101.10795898437,39.07,4.58330078125),(
      101.158984375,39.07,4.564501953125),(101.158984375,39.07,
      4.564501953125),(101.21000976562,39.07,4.545703125),(
      101.24116210937,39.07,4.4962890625),(101.24116210937,39.07,
      4.4962890625),(101.27231445312,39.07,4.446875),(101.27231445312,
      39.07,4.3802734375),(101.27231445312,39.07,4.3802734375),(
      101.27231445312,39.07,4.2599609375),(101.19228515625,39.07,
      4.18046875),(101.19228515625,39.07,4.18046875),(101.11225585937,
      39.07,4.1009765625),(100.93608398437,39.07,4.1009765625),(
      100.93608398437,39.07,4.1009765625),(100.27329101562,39.07,
      4.1009765625),(100.27329101562,39.07,4.1009765625),(
      100.27329101562,39.07,3.9076171875),(100.27329101562,39.07,
      3.9076171875),(101.01450195312,39.07,3.9076171875),(
      101.01450195312,39.07,3.9076171875),(101.14340820312,39.07,
      3.9076171875),(101.20786132812,39.07,3.8603515625),(
      101.20786132812,39.07,3.8603515625),(101.27231445312,39.07,
      3.8130859375),(101.27231445312,39.07,3.7056640625),(
      101.27231445312,39.07,3.7056640625),(101.27231445312,39.07,
      3.6240234375),(101.22934570312,39.07,3.554736328125),(
      101.22934570312,39.07,3.554736328125),(101.18637695312,39.07,
      3.48544921875),(101.10366210937,39.07,3.454296875),(
      101.10366210937,39.07,3.454296875),(101.02094726562,39.07,
      3.42314453125),(100.86518554687,39.07,3.42314453125),(
      100.86518554687,39.07,3.42314453125),(100.27329101562,39.07,
      3.42314453125),(100.27329101562,39.05,5.25576171875),(
      100.27329101562,39.07,5.25576171875),(100.27329101562,39.05,
      5.06240234375),(100.27329101562,39.07,5.06240234375),(
      100.27329101562,39.05,5.25576171875),(100.27329101562,39.05,
      5.06240234375),(100.27329101562,39.07,5.25576171875),(
      100.27329101562,39.07,5.06240234375),(100.27329101562,39.05,
      5.06240234375),(100.27329101562,39.07,5.06240234375),(
      101.41411132812,39.05,5.06240234375),(101.41411132812,39.07,
      5.06240234375),(100.27329101562,39.05,5.06240234375),(
      101.41411132812,39.05,5.06240234375),(100.27329101562,39.07,
      5.06240234375),(101.41411132812,39.07,5.06240234375),(
      101.41411132812,39.05,5.06240234375),(101.41411132812,39.07,
      5.06240234375),(101.41411132812,39.05,5.2353515625),(
      101.41411132812,39.07,5.2353515625),(101.41411132812,39.05,
      5.06240234375),(101.41411132812,39.05,5.2353515625),(
      101.41411132812,39.07,5.06240234375),(101.41411132812,39.07,
      5.2353515625),(101.41411132812,39.05,5.2353515625),(
      101.41411132812,39.07,5.2353515625),(101.25405273437,39.05,
      5.2353515625),(101.25405273437,39.07,5.2353515625),(
      101.41411132812,39.05,5.2353515625),(101.25405273437,39.05,
      5.2353515625),(101.41411132812,39.07,5.2353515625),(
      101.25405273437,39.07,5.2353515625),(101.25405273437,39.05,
      5.2353515625),(101.25405273437,39.07,5.2353515625),(101.3888671875
      ,39.05,5.37822265625),(101.3888671875,39.07,5.37822265625),(
      101.25405273437,39.05,5.2353515625),(101.33784179687,39.05,
      5.2890625),(101.3888671875,39.05,5.37822265625),(101.25405273437,
      39.07,5.2353515625),(101.33784179687,39.07,5.2890625),(
      101.3888671875,39.07,5.37822265625),(101.3888671875,39.05,
      5.37822265625),(101.3888671875,39.07,5.37822265625),(
      101.43989257812,39.05,5.58125),(101.43989257812,39.07,5.58125),(
      101.3888671875,39.05,5.37822265625),(101.43989257812,39.05,
      5.4673828125),(101.43989257812,39.05,5.58125),(101.3888671875,
      39.07,5.37822265625),(101.43989257812,39.07,5.4673828125),(
      101.43989257812,39.07,5.58125),(101.43989257812,39.05,5.58125),(
      101.43989257812,39.07,5.58125),(101.38725585937,39.05,
      5.789111328125),(101.38725585937,39.07,5.789111328125),(
      101.43989257812,39.05,5.58125),(101.43989257812,39.05,5.7080078125
      ),(101.38725585937,39.05,5.789111328125),(101.43989257812,39.07,
      5.58125),(101.43989257812,39.07,5.7080078125),(101.38725585937,
      39.07,5.789111328125),(101.38725585937,39.05,5.789111328125),(
      101.38725585937,39.07,5.789111328125),(101.24008789062,39.05,
      5.903515625),(101.24008789062,39.07,5.903515625),(101.38725585937,
      39.05,5.789111328125),(101.33461914062,39.05,5.87021484375),(
      101.24008789062,39.05,5.903515625),(101.38725585937,39.07,
      5.789111328125),(101.33461914062,39.07,5.87021484375),(
      101.24008789062,39.07,5.903515625),(101.24008789062,39.05,
      5.903515625),(101.24008789062,39.07,5.903515625),(101.43989257812,
      39.05,6.255859375),(101.43989257812,39.07,6.255859375),(
      101.24008789062,39.05,5.903515625),(101.43989257812,39.05,
      6.0388671875),(101.43989257812,39.05,6.255859375),(101.24008789062
      ,39.07,5.903515625),(101.43989257812,39.07,6.0388671875),(
      101.43989257812,39.07,6.255859375),(101.43989257812,39.05,
      6.255859375),(101.43989257812,39.07,6.255859375),(101.3458984375,
      39.05,6.51689453125),(101.3458984375,39.07,6.51689453125),(
      101.43989257812,39.05,6.255859375),(101.43989257812,39.05,
      6.4255859375),(101.3458984375,39.05,6.51689453125),(
      101.43989257812,39.07,6.255859375),(101.43989257812,39.07,
      6.4255859375),(101.3458984375,39.07,6.51689453125),(101.3458984375
      ,39.05,6.51689453125),(101.3458984375,39.07,6.51689453125),(
      101.05639648437,39.05,6.608203125),(101.05639648437,39.07,
      6.608203125),(101.3458984375,39.05,6.51689453125),(101.25190429687
      ,39.05,6.608203125),(101.05639648437,39.05,6.608203125),(
      101.3458984375,39.07,6.51689453125),(101.25190429687,39.07,
      6.608203125),(101.05639648437,39.07,6.608203125),(101.05639648437,
      39.05,6.608203125),(101.05639648437,39.07,6.608203125),(
      100.27329101562,39.05,6.608203125),(100.27329101562,39.07,
      6.608203125),(101.05639648437,39.05,6.608203125),(100.27329101562,
      39.05,6.608203125),(101.05639648437,39.07,6.608203125),(
      100.27329101562,39.07,6.608203125),(100.27329101562,39.05,
      6.608203125),(100.27329101562,39.07,6.608203125),(100.27329101562,
      39.05,6.41591796875),(100.27329101562,39.07,6.41591796875),(
      100.27329101562,39.05,6.608203125),(100.27329101562,39.05,
      6.41591796875),(100.27329101562,39.07,6.608203125),(
      100.27329101562,39.07,6.41591796875),(100.27329101562,39.05,
      6.41591796875),(100.27329101562,39.07,6.41591796875),(
      100.99194335937,39.05,6.41591796875),(100.99194335937,39.07,
      6.41591796875),(100.27329101562,39.05,6.41591796875),(
      100.99194335937,39.05,6.41591796875),(100.27329101562,39.07,
      6.41591796875),(100.99194335937,39.07,6.41591796875),(
      100.99194335937,39.05,6.41591796875),(100.99194335937,39.07,
      6.41591796875),(101.158984375,39.05,6.397119140625),(101.158984375
      ,39.07,6.397119140625),(100.99194335937,39.05,6.41591796875),(
      101.10795898437,39.05,6.41591796875),(101.158984375,39.05,
      6.397119140625),(100.99194335937,39.07,6.41591796875),(
      101.10795898437,39.07,6.41591796875),(101.158984375,39.07,
      6.397119140625),(101.158984375,39.05,6.397119140625),(
      101.158984375,39.07,6.397119140625),(101.24116210937,39.05,
      6.32890625),(101.24116210937,39.07,6.32890625),(101.158984375,
      39.05,6.397119140625),(101.21000976562,39.05,6.3783203125),(
      101.24116210937,39.05,6.32890625),(101.158984375,39.07,
      6.397119140625),(101.21000976562,39.07,6.3783203125),(
      101.24116210937,39.07,6.32890625),(101.24116210937,39.05,
      6.32890625),(101.24116210937,39.07,6.32890625),(101.27231445312,
      39.05,6.212890625),(101.27231445312,39.07,6.212890625),(
      101.24116210937,39.05,6.32890625),(101.27231445312,39.05,
      6.2794921875),(101.27231445312,39.05,6.212890625),(101.24116210937
      ,39.07,6.32890625),(101.27231445312,39.07,6.2794921875),(
      101.27231445312,39.07,6.212890625),(101.27231445312,39.05,
      6.212890625),(101.27231445312,39.07,6.212890625),(101.19228515625,
      39.05,6.0130859375),(101.19228515625,39.07,6.0130859375),(
      101.27231445312,39.05,6.212890625),(101.27231445312,39.05,
      6.092578125),(101.19228515625,39.05,6.0130859375),(101.27231445312
      ,39.07,6.212890625),(101.27231445312,39.07,6.092578125),(
      101.19228515625,39.07,6.0130859375),(101.19228515625,39.05,
      6.0130859375),(101.19228515625,39.07,6.0130859375),(
      100.93608398437,39.05,5.93359375),(100.93608398437,39.07,
      5.93359375),(101.19228515625,39.05,6.0130859375),(101.11225585937,
      39.05,5.93359375),(100.93608398437,39.05,5.93359375),(
      101.19228515625,39.07,6.0130859375),(101.11225585937,39.07,
      5.93359375),(100.93608398437,39.07,5.93359375),(100.93608398437,
      39.05,5.93359375),(100.93608398437,39.07,5.93359375),(
      100.27329101562,39.05,5.93359375),(100.27329101562,39.07,
      5.93359375),(100.93608398437,39.05,5.93359375),(100.27329101562,
      39.05,5.93359375),(100.93608398437,39.07,5.93359375),(
      100.27329101562,39.07,5.93359375),(100.27329101562,39.05,
      5.93359375),(100.27329101562,39.07,5.93359375),(100.27329101562,
      39.05,5.740234375),(100.27329101562,39.07,5.740234375),(
      100.27329101562,39.05,5.93359375),(100.27329101562,39.05,
      5.740234375),(100.27329101562,39.07,5.93359375),(100.27329101562,
      39.07,5.740234375),(100.27329101562,39.05,5.740234375),(
      100.27329101562,39.07,5.740234375),(101.01450195312,39.05,
      5.740234375),(101.01450195312,39.07,5.740234375),(100.27329101562,
      39.05,5.740234375),(101.01450195312,39.05,5.740234375),(
      100.27329101562,39.07,5.740234375),(101.01450195312,39.07,
      5.740234375),(101.01450195312,39.05,5.740234375),(101.01450195312,
      39.07,5.740234375),(101.20786132812,39.05,5.69296875),(
      101.20786132812,39.07,5.69296875),(101.01450195312,39.05,
      5.740234375),(101.14340820312,39.05,5.740234375),(101.20786132812,
      39.05,5.69296875),(101.01450195312,39.07,5.740234375),(
      101.14340820312,39.07,5.740234375),(101.20786132812,39.07,
      5.69296875),(101.20786132812,39.05,5.69296875),(101.20786132812,
      39.07,5.69296875),(101.27231445312,39.05,5.53828125),(
      101.27231445312,39.07,5.53828125),(101.20786132812,39.05,
      5.69296875),(101.27231445312,39.05,5.645703125),(101.27231445312,
      39.05,5.53828125),(101.20786132812,39.07,5.69296875),(
      101.27231445312,39.07,5.645703125),(101.27231445312,39.07,
      5.53828125),(101.27231445312,39.05,5.53828125),(101.27231445312,
      39.07,5.53828125),(101.22934570312,39.05,5.387353515625),(
      101.22934570312,39.07,5.387353515625),(101.27231445312,39.05,
      5.53828125),(101.27231445312,39.05,5.456640625),(101.22934570312,
      39.05,5.387353515625),(101.27231445312,39.07,5.53828125),(
      101.27231445312,39.07,5.456640625),(101.22934570312,39.07,
      5.387353515625),(101.22934570312,39.05,5.387353515625),(
      101.22934570312,39.07,5.387353515625),(101.10366210937,39.05,
      5.2869140625),(101.10366210937,39.07,5.2869140625),(
      101.22934570312,39.05,5.387353515625),(101.18637695312,39.05,
      5.31806640625),(101.10366210937,39.05,5.2869140625),(
      101.22934570312,39.07,5.387353515625),(101.18637695312,39.07,
      5.31806640625),(101.10366210937,39.07,5.2869140625),(
      101.10366210937,39.05,5.2869140625),(101.10366210937,39.07,
      5.2869140625),(100.86518554687,39.05,5.25576171875),(
      100.86518554687,39.07,5.25576171875),(101.10366210937,39.05,
      5.2869140625),(101.02094726562,39.05,5.25576171875),(
      100.86518554687,39.05,5.25576171875),(101.10366210937,39.07,
      5.2869140625),(101.02094726562,39.07,5.25576171875),(
      100.86518554687,39.07,5.25576171875),(100.86518554687,39.05,
      5.25576171875),(100.86518554687,39.07,5.25576171875),(
      100.27329101562,39.05,5.25576171875),(100.27329101562,39.07,
      5.25576171875),(100.86518554687,39.05,5.25576171875),(
      100.27329101562,39.05,5.25576171875),(100.86518554687,39.07,
      5.25576171875),(100.27329101562,39.07,5.25576171875),(
      100.27329101562,39.05,5.25576171875),(100.27329101562,39.05,
      5.06240234375),(100.27329101562,39.05,5.06240234375),(
      101.41411132812,39.05,5.06240234375),(101.41411132812,39.05,
      5.06240234375),(101.41411132812,39.05,5.2353515625),(
      101.41411132812,39.05,5.2353515625),(101.25405273437,39.05,
      5.2353515625),(101.25405273437,39.05,5.2353515625),(
      101.33784179687,39.05,5.2890625),(101.3888671875,39.05,
      5.37822265625),(101.3888671875,39.05,5.37822265625),(
      101.43989257812,39.05,5.4673828125),(101.43989257812,39.05,5.58125
      ),(101.43989257812,39.05,5.58125),(101.43989257812,39.05,
      5.7080078125),(101.38725585937,39.05,5.789111328125),(
      101.38725585937,39.05,5.789111328125),(101.33461914062,39.05,
      5.87021484375),(101.24008789062,39.05,5.903515625),(
      101.24008789062,39.05,5.903515625),(101.43989257812,39.05,
      6.0388671875),(101.43989257812,39.05,6.255859375),(101.43989257812
      ,39.05,6.255859375),(101.43989257812,39.05,6.4255859375),(
      101.3458984375,39.05,6.51689453125),(101.3458984375,39.05,
      6.51689453125),(101.25190429687,39.05,6.608203125),(
      101.05639648437,39.05,6.608203125),(101.05639648437,39.05,
      6.608203125),(100.27329101562,39.05,6.608203125),(100.27329101562,
      39.05,6.608203125),(100.27329101562,39.05,6.41591796875),(
      100.27329101562,39.05,6.41591796875),(100.99194335937,39.05,
      6.41591796875),(100.99194335937,39.05,6.41591796875),(
      101.10795898437,39.05,6.41591796875),(101.158984375,39.05,
      6.397119140625),(101.158984375,39.05,6.397119140625),(
      101.21000976562,39.05,6.3783203125),(101.24116210937,39.05,
      6.32890625),(101.24116210937,39.05,6.32890625),(101.27231445312,
      39.05,6.2794921875),(101.27231445312,39.05,6.212890625),(
      101.27231445312,39.05,6.212890625),(101.27231445312,39.05,
      6.092578125),(101.19228515625,39.05,6.0130859375),(101.19228515625
      ,39.05,6.0130859375),(101.11225585937,39.05,5.93359375),(
      100.93608398437,39.05,5.93359375),(100.93608398437,39.05,
      5.93359375),(100.27329101562,39.05,5.93359375),(100.27329101562,
      39.05,5.93359375),(100.27329101562,39.05,5.740234375),(
      100.27329101562,39.05,5.740234375),(101.01450195312,39.05,
      5.740234375),(101.01450195312,39.05,5.740234375),(101.14340820312,
      39.05,5.740234375),(101.20786132812,39.05,5.69296875),(
      101.20786132812,39.05,5.69296875),(101.27231445312,39.05,
      5.645703125),(101.27231445312,39.05,5.53828125),(101.27231445312,
      39.05,5.53828125),(101.27231445312,39.05,5.456640625),(
      101.22934570312,39.05,5.387353515625),(101.22934570312,39.05,
      5.387353515625),(101.18637695312,39.05,5.31806640625),(
      101.10366210937,39.05,5.2869140625),(101.10366210937,39.05,
      5.2869140625),(101.02094726562,39.05,5.25576171875),(
      100.86518554687,39.05,5.25576171875),(100.86518554687,39.05,
      5.25576171875),(100.27329101562,39.05,5.25576171875),(
      100.27329101562,39.07,5.25576171875),(100.27329101562,39.07,
      5.06240234375),(100.27329101562,39.07,5.06240234375),(
      101.41411132812,39.07,5.06240234375),(101.41411132812,39.07,
      5.06240234375),(101.41411132812,39.07,5.2353515625),(
      101.41411132812,39.07,5.2353515625),(101.25405273437,39.07,
      5.2353515625),(101.25405273437,39.07,5.2353515625),(
      101.33784179687,39.07,5.2890625),(101.3888671875,39.07,
      5.37822265625),(101.3888671875,39.07,5.37822265625),(
      101.43989257812,39.07,5.4673828125),(101.43989257812,39.07,5.58125
      ),(101.43989257812,39.07,5.58125),(101.43989257812,39.07,
      5.7080078125),(101.38725585937,39.07,5.789111328125),(
      101.38725585937,39.07,5.789111328125),(101.33461914062,39.07,
      5.87021484375),(101.24008789062,39.07,5.903515625),(
      101.24008789062,39.07,5.903515625),(101.43989257812,39.07,
      6.0388671875),(101.43989257812,39.07,6.255859375),(101.43989257812
      ,39.07,6.255859375),(101.43989257812,39.07,6.4255859375),(
      101.3458984375,39.07,6.51689453125),(101.3458984375,39.07,
      6.51689453125),(101.25190429687,39.07,6.608203125),(
      101.05639648437,39.07,6.608203125),(101.05639648437,39.07,
      6.608203125),(100.27329101562,39.07,6.608203125),(100.27329101562,
      39.07,6.608203125),(100.27329101562,39.07,6.41591796875),(
      100.27329101562,39.07,6.41591796875),(100.99194335937,39.07,
      6.41591796875),(100.99194335937,39.07,6.41591796875),(
      101.10795898437,39.07,6.41591796875),(101.158984375,39.07,
      6.397119140625),(101.158984375,39.07,6.397119140625),(
      101.21000976562,39.07,6.3783203125),(101.24116210937,39.07,
      6.32890625),(101.24116210937,39.07,6.32890625),(101.27231445312,
      39.07,6.2794921875),(101.27231445312,39.07,6.212890625),(
      101.27231445312,39.07,6.212890625),(101.27231445312,39.07,
      6.092578125),(101.19228515625,39.07,6.0130859375),(101.19228515625
      ,39.07,6.0130859375),(101.11225585937,39.07,5.93359375),(
      100.93608398437,39.07,5.93359375),(100.93608398437,39.07,
      5.93359375),(100.27329101562,39.07,5.93359375),(100.27329101562,
      39.07,5.93359375),(100.27329101562,39.07,5.740234375),(
      100.27329101562,39.07,5.740234375),(101.01450195312,39.07,
      5.740234375),(101.01450195312,39.07,5.740234375),(101.14340820312,
      39.07,5.740234375),(101.20786132812,39.07,5.69296875),(
      101.20786132812,39.07,5.69296875),(101.27231445312,39.07,
      5.645703125),(101.27231445312,39.07,5.53828125),(101.27231445312,
      39.07,5.53828125),(101.27231445312,39.07,5.456640625),(
      101.22934570312,39.07,5.387353515625),(101.22934570312,39.07,
      5.387353515625),(101.18637695312,39.07,5.31806640625),(
      101.10366210937,39.07,5.2869140625),(101.10366210937,39.07,
      5.2869140625),(101.02094726562,39.07,5.25576171875),(
      100.86518554687,39.07,5.25576171875),(100.86518554687,39.07,
      5.25576171875),(100.27329101562,39.07,5.25576171875)));
#3150 = ANNOTATION_PLANE('',(#3151),#3153,(#3145));
#3151 = PRESENTATION_STYLE_ASSIGNMENT((NULL_STYLE(.NULL.)));
#3153 = PLANE('',#3154);
#3154 = AXIS2_PLACEMENT_3D('',#3155,#3156,#3157);
#3155 = CARTESIAN_POINT('',(101.,39.,4.));
#3156 = DIRECTION('',(0.,1.,0.));
#3157 = DIRECTION('',(1.,0.,0.));
#3158 = SHAPE_ASPECT('window width - verify against glass','',#4,.T.);
#3159 = GEOMETRIC_ITEM_SPECIFIC_USAGE(
  'window width - verify against glass','',#3158,#10,#15);
#3160 = SHAPE_ASPECT('window width - verify against glass','',#4,.T.);
#3161 = GEOMETRIC_ITEM_SPECIFIC_USAGE(
  'window width - verify against glass','',#3160,#10,#15);
#3162 = GEOMETRIC_ITEM_SPECIFIC_USAGE('','',#3163,#3279,#3164);
#3163 = DERIVED_SHAPE_ASPECT('','',#4,.F.);
#3164 = CARTESIAN_POINT('',(-37.,-23.,0.));
#3165 = SHAPE_ASPECT_DERIVING_RELATIONSHIP('',$,#3163,#3158);
#3166 = GEOMETRIC_ITEM_SPECIFIC_USAGE('','',#3167,#3279,#3168);
#3167 = DERIVED_SHAPE_ASPECT('','',#4,.F.);
#3168 = CARTESIAN_POINT('',(37.,-23.,0.));
#3169 = SHAPE_ASPECT_DERIVING_RELATIONSHIP('',$,#3167,#3160);
#3170 = ( LENGTH_MEASURE_WITH_UNIT() MEASURE_REPRESENTATION_ITEM() 
MEASURE_WITH_UNIT(POSITIVE_LENGTH_MEASURE(74.),#3054) 
REPRESENTATION_ITEM('nominal value') );
#3171 = SHAPE_DIMENSION_REPRESENTATION('',(#3170),#3053);
#3172 = DIMENSIONAL_CHARACTERISTIC_REPRESENTATION(#3173,#3171);
#3173 = DIMENSIONAL_LOCATION('linear distance outer outer',$,#3163,#3167
  );
#3174 = DRAUGHTING_MODEL_ITEM_ASSOCIATION(
  'PMI representation to presentation link','',#3173,#3280,#3175);
#3175 = DRAUGHTING_CALLOUT(
  '74 mm - TFT window width - verify against glass',(#3176));
#3176 = TESSELLATED_ANNOTATION_OCCURRENCE('',(#3078),#3177);
#3177 = TESSELLATED_GEOMETRIC_SET('',(#3178));
#3178 = TESSELLATED_CURVE_SET('',#3179,((1,2),(3,4),(5,6),(7,8),(9,10),(
      11,12),(13,14),(15,16),(17,18),(19,20),(21,22),(23,24),(25,26),(27
      ,28),(29,30),(31,32),(33,34),(35,36),(37,38),(39,40),(41,42),(43,
      44),(45,46),(47,48),(49,50),(51,52,53),(54,55,56),(57,58),(59,60),
    (61,62,63),(64,65,66),(67,68),(69,70),(71,72,73),(74,75,76),(77,78),
    (79,80),(81,82),(83,84),(85,86),(87,88),(89,90,91),(92,93,94),(95,96
      ),(97,98),(99,100,101),(102,103,104),(105,106),(107,108),(109,110,
      111),(112,113,114),(115,116),(117,118),(119,120),(121,122),(123,
      124,125),(126,127,128),(129,130,131),(132,133),(134,135,136),(137,
      138,139),(140,141,142),(143,144),(145,146),(147,148),(149,150),(
      151,152,153),(154,155,156),(157,158,159),(160,161),(162,163,164),(
      165,166,167),(168,169,170),(171,172),(173,174),(175,176),(177,178)
    ,(179,180),(181,182),(183,184),(185,186),(187,188),(189,190),(191,
      192),(193,194),(195,196),(197,198),(199,200),(201,202),(203,204),(
      205,206),(207,208),(209,210),(211,212),(213,214),(215,216),(217,
      218),(219,220),(221,222),(223,224),(225,226),(227,228),(229,230),(
      231,232),(233,234),(235,236),(237,238),(239,240),(241,242),(243,
      244),(245,246),(247,248),(249,250),(251,252),(253,254),(255,256),(
      257,258),(259,260),(261,262),(263,264),(265,266),(267,268),(269,
      270),(271,272),(273,274),(275,276),(277,278),(279,280),(281,282),(
      283,284),(285,286),(287,288),(289,290),(291,292),(293,294),(295,
      296),(297,298),(299,300),(301,302),(303,304),(305,306),(307,308),(
      309,310),(311,312),(313,314),(315,316),(317,318),(319,320),(321,
      322),(323,324),(325,326),(327,328),(329,330),(331,332),(333,334),(
      335,336),(337,338),(339,340),(341,342),(343,344),(345,346),(347,
      348),(349,350),(351,352),(353,354),(355,356),(357,358),(359,360),(
      361,362),(363,364),(365,366),(367,368),(369,370),(371,372),(373,
      374),(375,376,377),(378,379,380),(381,382),(383,384),(385,386,387)
    ,(388,389,390),(391,392),(393,394),(395,396,397),(398,399,400),(401,
      402),(403,404),(405,406,407),(408,409,410),(411,412),(413,414),(
      415,416,417),(418,419,420),(421,422),(423,424),(425,426,427),(428,
      429,430),(431,432),(433,434),(435,436,437),(438,439,440),(441,442)
    ,(443,444),(445,446),(447,448),(449,450),(451,452),(453,454),(455,
      456),(457,458),(459,460),(461,462),(463,464),(465,466),(467,468),(
      469,470,471),(472,473,474),(475,476),(477,478),(479,480,481),(482,
      483,484),(485,486),(487,488),(489,490,491),(492,493,494),(495,496)
    ,(497,498),(499,500,501),(502,503,504),(505,506),(507,508),(509,510,
      511),(512,513,514),(515,516),(517,518),(519,520),(521,522),(523,
      524),(525,526),(527,528),(529,530),(531,532),(533,534),(535,536),(
      537,538),(539,540),(541,542),(543,544,545),(546,547,548),(549,550)
    ,(551,552),(553,554,555),(556,557,558),(559,560),(561,562),(563,564,
      565),(566,567,568),(569,570),(571,572),(573,574,575),(576,577,578)
    ,(579,580),(581,582),(583,584,585),(586,587,588),(589,590),(591,592)
    ,(593,594),(595,596),(597,598),(599,600),(601,602),(603,604),(605,
      606,607),(608,609,610),(611,612,613),(614,615,616),(617,618,619),(
      620,621,622),(623,624,625),(626,627),(628,629),(630,631),(632,633,
      634),(635,636,637),(638,639,640),(641,642,643),(644,645,646),(647,
      648),(649,650),(651,652),(653,654,655),(656,657,658),(659,660,661)
    ,(662,663,664),(665,666,667),(668,669),(670,671),(672,673),(674,675)
    ,(676,677),(678,679,680),(681,682,683),(684,685,686),(687,688,689),(
      690,691,692),(693,694,695),(696,697,698),(699,700),(701,702),(703,
      704),(705,706,707),(708,709,710),(711,712,713),(714,715,716),(717,
      718,719),(720,721),(722,723),(724,725),(726,727,728),(729,730,731)
    ,(732,733,734),(735,736,737),(738,739,740),(741,742),(743,744),(745,
      746),(747,748),(749,750),(751,752),(753,754),(755,756),(757,758),(
      759,760),(761,762),(763,764),(765,766),(767,768),(769,770),(771,
      772),(773,774),(775,776),(777,778),(779,780,781),(782,783,784),(
      785,786),(787,788),(789,790,791),(792,793,794),(795,796),(797,798)
    ,(799,800,801),(802,803,804),(805,806),(807,808),(809,810,811),(812,
      813,814),(815,816),(817,818),(819,820,821),(822,823,824),(825,826)
    ,(827,828),(829,830,831),(832,833,834),(835,836),(837,838),(839,840,
      841),(842,843,844),(845,846),(847,848),(849,850),(851,852),(853,
      854),(855,856),(857,858),(859,860),(861,862),(863,864),(865,866),(
      867,868),(869,870),(871,872),(873,874,875),(876,877,878),(879,880)
    ,(881,882),(883,884,885),(886,887,888),(889,890),(891,892),(893,894,
      895),(896,897,898),(899,900),(901,902),(903,904,905),(906,907,908)
    ,(909,910),(911,912),(913,914,915),(916,917,918),(919,920),(921,922)
    ,(923,924),(925,926),(927,928),(929,930),(931,932),(933,934),(935,
      936),(937,938),(939,940),(941,942),(943,944),(945,946),(947,948,
      949),(950,951,952),(953,954),(955,956),(957,958,959),(960,961,962)
    ,(963,964),(965,966),(967,968,969),(970,971,972),(973,974),(975,976)
    ,(977,978,979),(980,981,982),(983,984),(985,986),(987,988,989),(990,
      991,992),(993,994),(995,996),(997,998),(999,1000),(1001,1002),(
      1003,1004),(1005,1006),(1007,1008),(1009,1010,1011),(1012,1013,
      1014),(1015,1016,1017),(1018,1019,1020),(1021,1022,1023),(1024,
      1025,1026),(1027,1028,1029),(1030,1031),(1032,1033),(1034,1035),(
      1036,1037,1038),(1039,1040,1041),(1042,1043,1044),(1045,1046,1047)
    ,(1048,1049,1050),(1051,1052),(1053,1054),(1055,1056),(1057,1058,
      1059),(1060,1061,1062),(1063,1064,1065),(1066,1067,1068),(1069,
      1070,1071),(1072,1073),(1074,1075),(1076,1077),(1078,1079),(1080,
      1081),(1082,1083,1084),(1085,1086,1087),(1088,1089,1090),(1091,
      1092,1093),(1094,1095,1096),(1097,1098,1099),(1100,1101,1102),(
      1103,1104),(1105,1106),(1107,1108),(1109,1110,1111),(1112,1113,
      1114),(1115,1116,1117),(1118,1119,1120),(1121,1122,1123),(1124,
      1125),(1126,1127),(1128,1129),(1130,1131,1132),(1133,1134,1135),(
      1136,1137,1138),(1139,1140,1141),(1142,1143,1144),(1145,1146)));
#3179 = COORDINATES_LIST('',1146,((-37.,-23.,0.),(-37.,-31.,0.),(37.,
      -23.,0.),(37.,-31.,0.),(-37.,-31.,0.),(37.,-31.,0.),(-37.,-31.,0.)
    ,(-35.,-30.24,0.),(-37.,-31.,0.),(-35.,-31.76,0.),(37.,-31.,0.),(35.
      ,-30.24,0.),(37.,-31.,0.),(35.,-31.76,0.),(-2.486279296875,
      -30.35815429687,5.E-02),(-2.486279296875,-30.35815429687,7.E-02),(
      -3.257568359375,-30.35815429687,5.E-02),(-3.257568359375,
      -30.35815429687,7.E-02),(-2.486279296875,-30.35815429687,5.E-02),(
      -3.257568359375,-30.35815429687,5.E-02),(-2.486279296875,
      -30.35815429687,7.E-02),(-3.257568359375,-30.35815429687,7.E-02),(
      -3.257568359375,-30.35815429687,5.E-02),(-3.257568359375,
      -30.35815429687,7.E-02),(-3.257568359375,-30.17231445312,5.E-02),(
      -3.257568359375,-30.17231445312,7.E-02),(-3.257568359375,
      -30.35815429687,5.E-02),(-3.257568359375,-30.17231445312,5.E-02),(
      -3.257568359375,-30.35815429687,7.E-02),(-3.257568359375,
      -30.17231445312,7.E-02),(-3.257568359375,-30.17231445312,5.E-02),(
      -3.257568359375,-30.17231445312,7.E-02),(-2.238134765625,
      -30.17231445312,5.E-02),(-2.238134765625,-30.17231445312,7.E-02),(
      -3.257568359375,-30.17231445312,5.E-02),(-2.238134765625,
      -30.17231445312,5.E-02),(-3.257568359375,-30.17231445312,7.E-02),(
      -2.238134765625,-30.17231445312,7.E-02),(-2.238134765625,
      -30.17231445312,5.E-02),(-2.238134765625,-30.17231445312,7.E-02),(
      -2.238134765625,-30.32270507812,5.E-02),(-2.238134765625,
      -30.32270507812,7.E-02),(-2.238134765625,-30.17231445312,5.E-02),(
      -2.238134765625,-30.32270507812,5.E-02),(-2.238134765625,
      -30.17231445312,7.E-02),(-2.238134765625,-30.32270507812,7.E-02),(
      -2.238134765625,-30.32270507812,5.E-02),(-2.238134765625,
      -30.32270507812,7.E-02),(-2.53623046875,-30.74809570312,5.E-02),(
      -2.53623046875,-30.74809570312,7.E-02),(-2.238134765625,
      -30.32270507812,5.E-02),(-2.388525390625,-30.48276367187,5.E-02),(
      -2.53623046875,-30.74809570312,5.E-02),(-2.238134765625,
      -30.32270507812,7.E-02),(-2.388525390625,-30.48276367187,7.E-02),(
      -2.53623046875,-30.74809570312,7.E-02),(-2.53623046875,
      -30.74809570312,5.E-02),(-2.53623046875,-30.74809570312,7.E-02),(
      -2.764501953125,-31.29379882812,5.E-02),(-2.764501953125,
      -31.29379882812,7.E-02),(-2.53623046875,-30.74809570312,5.E-02),(
      -2.683935546875,-31.01342773437,5.E-02),(-2.764501953125,
      -31.29379882812,5.E-02),(-2.53623046875,-30.74809570312,7.E-02),(
      -2.683935546875,-31.01342773437,7.E-02),(-2.764501953125,
      -31.29379882812,7.E-02),(-2.764501953125,-31.29379882812,5.E-02),(
      -2.764501953125,-31.29379882812,7.E-02),(-2.838623046875,
      -31.72670898437,5.E-02),(-2.838623046875,-31.72670898437,7.E-02),(
      -2.764501953125,-31.29379882812,5.E-02),(-2.822509765625,
      -31.49145507812,5.E-02),(-2.838623046875,-31.72670898437,5.E-02),(
      -2.764501953125,-31.29379882812,7.E-02),(-2.822509765625,
      -31.49145507812,7.E-02),(-2.838623046875,-31.72670898437,7.E-02),(
      -2.838623046875,-31.72670898437,5.E-02),(-2.838623046875,
      -31.72670898437,7.E-02),(-3.037353515625,-31.72670898437,5.E-02),(
      -3.037353515625,-31.72670898437,7.E-02),(-2.838623046875,
      -31.72670898437,5.E-02),(-3.037353515625,-31.72670898437,5.E-02),(
      -2.838623046875,-31.72670898437,7.E-02),(-3.037353515625,
      -31.72670898437,7.E-02),(-3.037353515625,-31.72670898437,5.E-02),(
      -3.037353515625,-31.72670898437,7.E-02),(-2.964306640625,
      -31.27768554687,5.E-02),(-2.964306640625,-31.27768554687,7.E-02),(
      -3.037353515625,-31.72670898437,5.E-02),(-3.034130859375,
      -31.54086914062,5.E-02),(-2.964306640625,-31.27768554687,5.E-02),(
      -3.037353515625,-31.72670898437,7.E-02),(-3.034130859375,
      -31.54086914062,7.E-02),(-2.964306640625,-31.27768554687,7.E-02),(
      -2.964306640625,-31.27768554687,5.E-02),(-2.964306640625,
      -31.27768554687,7.E-02),(-2.76396484375,-30.7701171875,5.E-02),(
      -2.76396484375,-30.7701171875,7.E-02),(-2.964306640625,
      -31.27768554687,5.E-02),(-2.894482421875,-31.01450195312,5.E-02),(
      -2.76396484375,-30.7701171875,5.E-02),(-2.964306640625,
      -31.27768554687,7.E-02),(-2.894482421875,-31.01450195312,7.E-02),(
      -2.76396484375,-30.7701171875,7.E-02),(-2.76396484375,
      -30.7701171875,5.E-02),(-2.76396484375,-30.7701171875,7.E-02),(
      -2.486279296875,-30.35815429687,5.E-02),(-2.486279296875,
      -30.35815429687,7.E-02),(-2.76396484375,-30.7701171875,5.E-02),(
      -2.633447265625,-30.52573242187,5.E-02),(-2.486279296875,
      -30.35815429687,5.E-02),(-2.76396484375,-30.7701171875,7.E-02),(
      -2.633447265625,-30.52573242187,7.E-02),(-2.486279296875,
      -30.35815429687,7.E-02),(-2.486279296875,-30.35815429687,5.E-02),(
      -3.257568359375,-30.35815429687,5.E-02),(-3.257568359375,
      -30.35815429687,5.E-02),(-3.257568359375,-30.17231445312,5.E-02),(
      -3.257568359375,-30.17231445312,5.E-02),(-2.238134765625,
      -30.17231445312,5.E-02),(-2.238134765625,-30.17231445312,5.E-02),(
      -2.238134765625,-30.32270507812,5.E-02),(-2.238134765625,
      -30.32270507812,5.E-02),(-2.388525390625,-30.48276367187,5.E-02),(
      -2.53623046875,-30.74809570312,5.E-02),(-2.53623046875,
      -30.74809570312,5.E-02),(-2.683935546875,-31.01342773437,5.E-02),(
      -2.764501953125,-31.29379882812,5.E-02),(-2.764501953125,
      -31.29379882812,5.E-02),(-2.822509765625,-31.49145507812,5.E-02),(
      -2.838623046875,-31.72670898437,5.E-02),(-2.838623046875,
      -31.72670898437,5.E-02),(-3.037353515625,-31.72670898437,5.E-02),(
      -3.037353515625,-31.72670898437,5.E-02),(-3.034130859375,
      -31.54086914062,5.E-02),(-2.964306640625,-31.27768554687,5.E-02),(
      -2.964306640625,-31.27768554687,5.E-02),(-2.894482421875,
      -31.01450195312,5.E-02),(-2.76396484375,-30.7701171875,5.E-02),(
      -2.76396484375,-30.7701171875,5.E-02),(-2.633447265625,
      -30.52573242187,5.E-02),(-2.486279296875,-30.35815429687,5.E-02),(
      -2.486279296875,-30.35815429687,7.E-02),(-3.257568359375,
      -30.35815429687,7.E-02),(-3.257568359375,-30.35815429687,7.E-02),(
      -3.257568359375,-30.17231445312,7.E-02),(-3.257568359375,
      -30.17231445312,7.E-02),(-2.238134765625,-30.17231445312,7.E-02),(
      -2.238134765625,-30.17231445312,7.E-02),(-2.238134765625,
      -30.32270507812,7.E-02),(-2.238134765625,-30.32270507812,7.E-02),(
      -2.388525390625,-30.48276367187,7.E-02),(-2.53623046875,
      -30.74809570312,7.E-02),(-2.53623046875,-30.74809570312,7.E-02),(
      -2.683935546875,-31.01342773437,7.E-02),(-2.764501953125,
      -31.29379882812,7.E-02),(-2.764501953125,-31.29379882812,7.E-02),(
      -2.822509765625,-31.49145507812,7.E-02),(-2.838623046875,
      -31.72670898437,7.E-02),(-2.838623046875,-31.72670898437,7.E-02),(
      -3.037353515625,-31.72670898437,7.E-02),(-3.037353515625,
      -31.72670898437,7.E-02),(-3.034130859375,-31.54086914062,7.E-02),(
      -2.964306640625,-31.27768554687,7.E-02),(-2.964306640625,
      -31.27768554687,7.E-02),(-2.894482421875,-31.01450195312,7.E-02),(
      -2.76396484375,-30.7701171875,7.E-02),(-2.76396484375,
      -30.7701171875,7.E-02),(-2.633447265625,-30.52573242187,7.E-02),(
      -2.486279296875,-30.35815429687,7.E-02),(-1.233740234375,
      -31.72670898437,5.E-02),(-1.233740234375,-31.72670898437,7.E-02),(
      -1.427099609375,-31.72670898437,5.E-02),(-1.427099609375,
      -31.72670898437,7.E-02),(-1.233740234375,-31.72670898437,5.E-02),(
      -1.427099609375,-31.72670898437,5.E-02),(-1.233740234375,
      -31.72670898437,7.E-02),(-1.427099609375,-31.72670898437,7.E-02),(
      -1.427099609375,-31.72670898437,5.E-02),(-1.427099609375,
      -31.72670898437,7.E-02),(-1.427099609375,-31.34965820312,5.E-02),(
      -1.427099609375,-31.34965820312,7.E-02),(-1.427099609375,
      -31.72670898437,5.E-02),(-1.427099609375,-31.34965820312,5.E-02),(
      -1.427099609375,-31.72670898437,7.E-02),(-1.427099609375,
      -31.34965820312,7.E-02),(-1.427099609375,-31.34965820312,5.E-02),(
      -1.427099609375,-31.34965820312,7.E-02),(-2.110302734375,
      -31.34965820312,5.E-02),(-2.110302734375,-31.34965820312,7.E-02),(
      -1.427099609375,-31.34965820312,5.E-02),(-2.110302734375,
      -31.34965820312,5.E-02),(-1.427099609375,-31.34965820312,7.E-02),(
      -2.110302734375,-31.34965820312,7.E-02),(-2.110302734375,
      -31.34965820312,5.E-02),(-2.110302734375,-31.34965820312,7.E-02),(
      -2.110302734375,-31.17241210937,5.E-02),(-2.110302734375,
      -31.17241210937,7.E-02),(-2.110302734375,-31.34965820312,5.E-02),(
      -2.110302734375,-31.17241210937,5.E-02),(-2.110302734375,
      -31.34965820312,7.E-02),(-2.110302734375,-31.17241210937,7.E-02),(
      -2.110302734375,-31.17241210937,5.E-02),(-2.110302734375,
      -31.17241210937,7.E-02),(-1.391650390625,-30.15190429687,5.E-02),(
      -1.391650390625,-30.15190429687,7.E-02),(-2.110302734375,
      -31.17241210937,5.E-02),(-1.391650390625,-30.15190429687,5.E-02),(
      -2.110302734375,-31.17241210937,7.E-02),(-1.391650390625,
      -30.15190429687,7.E-02),(-1.391650390625,-30.15190429687,5.E-02),(
      -1.391650390625,-30.15190429687,7.E-02),(-1.233740234375,
      -30.15190429687,5.E-02),(-1.233740234375,-30.15190429687,7.E-02),(
      -1.391650390625,-30.15190429687,5.E-02),(-1.233740234375,
      -30.15190429687,5.E-02),(-1.391650390625,-30.15190429687,7.E-02),(
      -1.233740234375,-30.15190429687,7.E-02),(-1.233740234375,
      -30.15190429687,5.E-02),(-1.233740234375,-30.15190429687,7.E-02),(
      -1.233740234375,-31.17241210937,5.E-02),(-1.233740234375,
      -31.17241210937,7.E-02),(-1.233740234375,-30.15190429687,5.E-02),(
      -1.233740234375,-31.17241210937,5.E-02),(-1.233740234375,
      -30.15190429687,7.E-02),(-1.233740234375,-31.17241210937,7.E-02),(
      -1.233740234375,-31.17241210937,5.E-02),(-1.233740234375,
      -31.17241210937,7.E-02),(-1.021044921875,-31.17241210937,5.E-02),(
      -1.021044921875,-31.17241210937,7.E-02),(-1.233740234375,
      -31.17241210937,5.E-02),(-1.021044921875,-31.17241210937,5.E-02),(
      -1.233740234375,-31.17241210937,7.E-02),(-1.021044921875,
      -31.17241210937,7.E-02),(-1.021044921875,-31.17241210937,5.E-02),(
      -1.021044921875,-31.17241210937,7.E-02),(-1.021044921875,
      -31.34965820312,5.E-02),(-1.021044921875,-31.34965820312,7.E-02),(
      -1.021044921875,-31.17241210937,5.E-02),(-1.021044921875,
      -31.34965820312,5.E-02),(-1.021044921875,-31.17241210937,7.E-02),(
      -1.021044921875,-31.34965820312,7.E-02),(-1.021044921875,
      -31.34965820312,5.E-02),(-1.021044921875,-31.34965820312,7.E-02),(
      -1.233740234375,-31.34965820312,5.E-02),(-1.233740234375,
      -31.34965820312,7.E-02),(-1.021044921875,-31.34965820312,5.E-02),(
      -1.233740234375,-31.34965820312,5.E-02),(-1.021044921875,
      -31.34965820312,7.E-02),(-1.233740234375,-31.34965820312,7.E-02),(
      -1.233740234375,-31.34965820312,5.E-02),(-1.233740234375,
      -31.34965820312,7.E-02),(-1.233740234375,-31.72670898437,5.E-02),(
      -1.233740234375,-31.72670898437,7.E-02),(-1.233740234375,
      -31.34965820312,5.E-02),(-1.233740234375,-31.72670898437,5.E-02),(
      -1.233740234375,-31.34965820312,7.E-02),(-1.233740234375,
      -31.72670898437,7.E-02),(-1.920166015625,-31.17241210937,5.E-02),(
      -1.920166015625,-31.17241210937,7.E-02),(-1.427099609375,
      -31.17241210937,5.E-02),(-1.427099609375,-31.17241210937,7.E-02),(
      -1.920166015625,-31.17241210937,5.E-02),(-1.427099609375,
      -31.17241210937,5.E-02),(-1.920166015625,-31.17241210937,7.E-02),(
      -1.427099609375,-31.17241210937,7.E-02),(-1.427099609375,
      -31.17241210937,5.E-02),(-1.427099609375,-31.17241210937,7.E-02),(
      -1.427099609375,-30.46235351562,5.E-02),(-1.427099609375,
      -30.46235351562,7.E-02),(-1.427099609375,-31.17241210937,5.E-02),(
      -1.427099609375,-30.46235351562,5.E-02),(-1.427099609375,
      -31.17241210937,7.E-02),(-1.427099609375,-30.46235351562,7.E-02),(
      -1.427099609375,-30.46235351562,5.E-02),(-1.427099609375,
      -30.46235351562,7.E-02),(-1.920166015625,-31.17241210937,5.E-02),(
      -1.920166015625,-31.17241210937,7.E-02),(-1.427099609375,
      -30.46235351562,5.E-02),(-1.920166015625,-31.17241210937,5.E-02),(
      -1.427099609375,-30.46235351562,7.E-02),(-1.920166015625,
      -31.17241210937,7.E-02),(-1.233740234375,-31.72670898437,5.E-02),(
      -1.427099609375,-31.72670898437,5.E-02),(-1.427099609375,
      -31.72670898437,5.E-02),(-1.427099609375,-31.34965820312,5.E-02),(
      -1.427099609375,-31.34965820312,5.E-02),(-2.110302734375,
      -31.34965820312,5.E-02),(-2.110302734375,-31.34965820312,5.E-02),(
      -2.110302734375,-31.17241210937,5.E-02),(-2.110302734375,
      -31.17241210937,5.E-02),(-1.391650390625,-30.15190429687,5.E-02),(
      -1.391650390625,-30.15190429687,5.E-02),(-1.233740234375,
      -30.15190429687,5.E-02),(-1.233740234375,-30.15190429687,5.E-02),(
      -1.233740234375,-31.17241210937,5.E-02),(-1.233740234375,
      -31.17241210937,5.E-02),(-1.021044921875,-31.17241210937,5.E-02),(
      -1.021044921875,-31.17241210937,5.E-02),(-1.021044921875,
      -31.34965820312,5.E-02),(-1.021044921875,-31.34965820312,5.E-02),(
      -1.233740234375,-31.34965820312,5.E-02),(-1.233740234375,
      -31.34965820312,5.E-02),(-1.233740234375,-31.72670898437,5.E-02),(
      -1.920166015625,-31.17241210937,5.E-02),(-1.427099609375,
      -31.17241210937,5.E-02),(-1.427099609375,-31.17241210937,5.E-02),(
      -1.427099609375,-30.46235351562,5.E-02),(-1.427099609375,
      -30.46235351562,5.E-02),(-1.920166015625,-31.17241210937,5.E-02),(
      -1.233740234375,-31.72670898437,7.E-02),(-1.427099609375,
      -31.72670898437,7.E-02),(-1.427099609375,-31.72670898437,7.E-02),(
      -1.427099609375,-31.34965820312,7.E-02),(-1.427099609375,
      -31.34965820312,7.E-02),(-2.110302734375,-31.34965820312,7.E-02),(
      -2.110302734375,-31.34965820312,7.E-02),(-2.110302734375,
      -31.17241210937,7.E-02),(-2.110302734375,-31.17241210937,7.E-02),(
      -1.391650390625,-30.15190429687,7.E-02),(-1.391650390625,
      -30.15190429687,7.E-02),(-1.233740234375,-30.15190429687,7.E-02),(
      -1.233740234375,-30.15190429687,7.E-02),(-1.233740234375,
      -31.17241210937,7.E-02),(-1.233740234375,-31.17241210937,7.E-02),(
      -1.021044921875,-31.17241210937,7.E-02),(-1.021044921875,
      -31.17241210937,7.E-02),(-1.021044921875,-31.34965820312,7.E-02),(
      -1.021044921875,-31.34965820312,7.E-02),(-1.233740234375,
      -31.34965820312,7.E-02),(-1.233740234375,-31.34965820312,7.E-02),(
      -1.233740234375,-31.72670898437,7.E-02),(-1.920166015625,
      -31.17241210937,7.E-02),(-1.427099609375,-31.17241210937,7.E-02),(
      -1.427099609375,-31.17241210937,7.E-02),(-1.427099609375,
      -30.46235351562,7.E-02),(-1.427099609375,-30.46235351562,7.E-02),(
      -1.920166015625,-31.17241210937,7.E-02),(3.4912109375E-02,
      -31.72670898437,5.E-02),(3.4912109375E-02,-31.72670898437,7.E-02),
    (-0.158447265625,-31.72670898437,5.E-02),(-0.158447265625,
      -31.72670898437,7.E-02),(3.4912109375E-02,-31.72670898437,5.E-02),
    (-0.158447265625,-31.72670898437,5.E-02),(3.4912109375E-02,
      -31.72670898437,7.E-02),(-0.158447265625,-31.72670898437,7.E-02),(
      -0.158447265625,-31.72670898437,5.E-02),(-0.158447265625,
      -31.72670898437,7.E-02),(-0.158447265625,-30.58588867187,5.E-02),(
      -0.158447265625,-30.58588867187,7.E-02),(-0.158447265625,
      -31.72670898437,5.E-02),(-0.158447265625,-30.58588867187,5.E-02),(
      -0.158447265625,-31.72670898437,7.E-02),(-0.158447265625,
      -30.58588867187,7.E-02),(-0.158447265625,-30.58588867187,5.E-02),(
      -0.158447265625,-30.58588867187,7.E-02),(1.4501953125E-02,
      -30.58588867187,5.E-02),(1.4501953125E-02,-30.58588867187,7.E-02),
    (-0.158447265625,-30.58588867187,5.E-02),(1.4501953125E-02,
      -30.58588867187,5.E-02),(-0.158447265625,-30.58588867187,7.E-02),(
      1.4501953125E-02,-30.58588867187,7.E-02),(1.4501953125E-02,
      -30.58588867187,5.E-02),(1.4501953125E-02,-30.58588867187,7.E-02),
    (1.4501953125E-02,-30.74594726562,5.E-02),(1.4501953125E-02,
      -30.74594726562,7.E-02),(1.4501953125E-02,-30.58588867187,5.E-02),
    (1.4501953125E-02,-30.74594726562,5.E-02),(1.4501953125E-02,
      -30.58588867187,7.E-02),(1.4501953125E-02,-30.74594726562,7.E-02),
    (1.4501953125E-02,-30.74594726562,5.E-02),(1.4501953125E-02,
      -30.74594726562,7.E-02),(0.157373046875,-30.6111328125,5.E-02),(
      0.157373046875,-30.6111328125,7.E-02),(1.4501953125E-02,
      -30.74594726562,5.E-02),(6.8212890625E-02,-30.66215820312,5.E-02),
    (0.157373046875,-30.6111328125,5.E-02),(1.4501953125E-02,
      -30.74594726562,7.E-02),(6.8212890625E-02,-30.66215820312,7.E-02),
    (0.157373046875,-30.6111328125,7.E-02),(0.157373046875,
      -30.6111328125,5.E-02),(0.157373046875,-30.6111328125,7.E-02),(
      0.360400390625,-30.56010742187,5.E-02),(0.360400390625,
      -30.56010742187,7.E-02),(0.157373046875,-30.6111328125,5.E-02),(
      0.246533203125,-30.56010742187,5.E-02),(0.360400390625,
      -30.56010742187,5.E-02),(0.157373046875,-30.6111328125,7.E-02),(
      0.246533203125,-30.56010742187,7.E-02),(0.360400390625,
      -30.56010742187,7.E-02),(0.360400390625,-30.56010742187,5.E-02),(
      0.360400390625,-30.56010742187,7.E-02),(0.56826171875,
      -30.61274414062,5.E-02),(0.56826171875,-30.61274414062,7.E-02),(
      0.360400390625,-30.56010742187,5.E-02),(0.487158203125,
      -30.56010742187,5.E-02),(0.56826171875,-30.61274414062,5.E-02),(
      0.360400390625,-30.56010742187,7.E-02),(0.487158203125,
      -30.56010742187,7.E-02),(0.56826171875,-30.61274414062,7.E-02),(
      0.56826171875,-30.61274414062,5.E-02),(0.56826171875,
      -30.61274414062,7.E-02),(0.682666015625,-30.75991210937,5.E-02),(
      0.682666015625,-30.75991210937,7.E-02),(0.56826171875,
      -30.61274414062,5.E-02),(0.649365234375,-30.66538085937,5.E-02),(
      0.682666015625,-30.75991210937,5.E-02),(0.56826171875,
      -30.61274414062,7.E-02),(0.649365234375,-30.66538085937,7.E-02),(
      0.682666015625,-30.75991210937,7.E-02),(0.682666015625,
      -30.75991210937,5.E-02),(0.682666015625,-30.75991210937,7.E-02),(
      1.035009765625,-30.56010742187,5.E-02),(1.035009765625,
      -30.56010742187,7.E-02),(0.682666015625,-30.75991210937,5.E-02),(
      0.818017578125,-30.56010742187,5.E-02),(1.035009765625,
      -30.56010742187,5.E-02),(0.682666015625,-30.75991210937,7.E-02),(
      0.818017578125,-30.56010742187,7.E-02),(1.035009765625,
      -30.56010742187,7.E-02),(1.035009765625,-30.56010742187,5.E-02),(
      1.035009765625,-30.56010742187,7.E-02),(1.296044921875,
      -30.6541015625,5.E-02),(1.296044921875,-30.6541015625,7.E-02),(
      1.035009765625,-30.56010742187,5.E-02),(1.204736328125,
      -30.56010742187,5.E-02),(1.296044921875,-30.6541015625,5.E-02),(
      1.035009765625,-30.56010742187,7.E-02),(1.204736328125,
      -30.56010742187,7.E-02),(1.296044921875,-30.6541015625,7.E-02),(
      1.296044921875,-30.6541015625,5.E-02),(1.296044921875,
      -30.6541015625,7.E-02),(1.387353515625,-30.94360351562,5.E-02),(
      1.387353515625,-30.94360351562,7.E-02),(1.296044921875,
      -30.6541015625,5.E-02),(1.387353515625,-30.74809570312,5.E-02),(
      1.387353515625,-30.94360351562,5.E-02),(1.296044921875,
      -30.6541015625,7.E-02),(1.387353515625,-30.74809570312,7.E-02),(
      1.387353515625,-30.94360351562,7.E-02),(1.387353515625,
      -30.94360351562,5.E-02),(1.387353515625,-30.94360351562,7.E-02),(
      1.387353515625,-31.72670898437,5.E-02),(1.387353515625,
      -31.72670898437,7.E-02),(1.387353515625,-30.94360351562,5.E-02),(
      1.387353515625,-31.72670898437,5.E-02),(1.387353515625,
      -30.94360351562,7.E-02),(1.387353515625,-31.72670898437,7.E-02),(
      1.387353515625,-31.72670898437,5.E-02),(1.387353515625,
      -31.72670898437,7.E-02),(1.195068359375,-31.72670898437,5.E-02),(
      1.195068359375,-31.72670898437,7.E-02),(1.387353515625,
      -31.72670898437,5.E-02),(1.195068359375,-31.72670898437,5.E-02),(
      1.387353515625,-31.72670898437,7.E-02),(1.195068359375,
      -31.72670898437,7.E-02),(1.195068359375,-31.72670898437,5.E-02),(
      1.195068359375,-31.72670898437,7.E-02),(1.195068359375,
      -31.00805664062,5.E-02),(1.195068359375,-31.00805664062,7.E-02),(
      1.195068359375,-31.72670898437,5.E-02),(1.195068359375,
      -31.00805664062,5.E-02),(1.195068359375,-31.72670898437,7.E-02),(
      1.195068359375,-31.00805664062,7.E-02),(1.195068359375,
      -31.00805664062,5.E-02),(1.195068359375,-31.00805664062,7.E-02),(
      1.17626953125,-30.841015625,5.E-02),(1.17626953125,-30.841015625,
      7.E-02),(1.195068359375,-31.00805664062,5.E-02),(1.195068359375,
      -30.89204101562,5.E-02),(1.17626953125,-30.841015625,5.E-02),(
      1.195068359375,-31.00805664062,7.E-02),(1.195068359375,
      -30.89204101562,7.E-02),(1.17626953125,-30.841015625,7.E-02),(
      1.17626953125,-30.841015625,5.E-02),(1.17626953125,-30.841015625,
      7.E-02),(1.108056640625,-30.75883789062,5.E-02),(1.108056640625,
      -30.75883789062,7.E-02),(1.17626953125,-30.841015625,5.E-02),(
      1.157470703125,-30.78999023437,5.E-02),(1.108056640625,
      -30.75883789062,5.E-02),(1.17626953125,-30.841015625,7.E-02),(
      1.157470703125,-30.78999023437,7.E-02),(1.108056640625,
      -30.75883789062,7.E-02),(1.108056640625,-30.75883789062,5.E-02),(
      1.108056640625,-30.75883789062,7.E-02),(0.992041015625,
      -30.72768554687,5.E-02),(0.992041015625,-30.72768554687,7.E-02),(
      1.108056640625,-30.75883789062,5.E-02),(1.058642578125,
      -30.72768554687,5.E-02),(0.992041015625,-30.72768554687,5.E-02),(
      1.108056640625,-30.75883789062,7.E-02),(1.058642578125,
      -30.72768554687,7.E-02),(0.992041015625,-30.72768554687,7.E-02),(
      0.992041015625,-30.72768554687,5.E-02),(0.992041015625,
      -30.72768554687,7.E-02),(0.792236328125,-30.80771484375,5.E-02),(
      0.792236328125,-30.80771484375,7.E-02),(0.992041015625,
      -30.72768554687,5.E-02),(0.871728515625,-30.72768554687,5.E-02),(
      0.792236328125,-30.80771484375,5.E-02),(0.992041015625,
      -30.72768554687,7.E-02),(0.871728515625,-30.72768554687,7.E-02),(
      0.792236328125,-30.80771484375,7.E-02),(0.792236328125,
      -30.80771484375,5.E-02),(0.792236328125,-30.80771484375,7.E-02),(
      0.712744140625,-31.06391601562,5.E-02),(0.712744140625,
      -31.06391601562,7.E-02),(0.792236328125,-30.80771484375,5.E-02),(
      0.712744140625,-30.88774414062,5.E-02),(0.712744140625,
      -31.06391601562,5.E-02),(0.792236328125,-30.80771484375,7.E-02),(
      0.712744140625,-30.88774414062,7.E-02),(0.712744140625,
      -31.06391601562,7.E-02),(0.712744140625,-31.06391601562,5.E-02),(
      0.712744140625,-31.06391601562,7.E-02),(0.712744140625,
      -31.72670898437,5.E-02),(0.712744140625,-31.72670898437,7.E-02),(
      0.712744140625,-31.06391601562,5.E-02),(0.712744140625,
      -31.72670898437,5.E-02),(0.712744140625,-31.06391601562,7.E-02),(
      0.712744140625,-31.72670898437,7.E-02),(0.712744140625,
      -31.72670898437,5.E-02),(0.712744140625,-31.72670898437,7.E-02),(
      0.519384765625,-31.72670898437,5.E-02),(0.519384765625,
      -31.72670898437,7.E-02),(0.712744140625,-31.72670898437,5.E-02),(
      0.519384765625,-31.72670898437,5.E-02),(0.712744140625,
      -31.72670898437,7.E-02),(0.519384765625,-31.72670898437,7.E-02),(
      0.519384765625,-31.72670898437,5.E-02),(0.519384765625,
      -31.72670898437,7.E-02),(0.519384765625,-30.98549804687,5.E-02),(
      0.519384765625,-30.98549804687,7.E-02),(0.519384765625,
      -31.72670898437,5.E-02),(0.519384765625,-30.98549804687,5.E-02),(
      0.519384765625,-31.72670898437,7.E-02),(0.519384765625,
      -30.98549804687,7.E-02),(0.519384765625,-30.98549804687,5.E-02),(
      0.519384765625,-30.98549804687,7.E-02),(0.472119140625,
      -30.79213867187,5.E-02),(0.472119140625,-30.79213867187,7.E-02),(
      0.519384765625,-30.98549804687,5.E-02),(0.519384765625,
      -30.85659179687,5.E-02),(0.472119140625,-30.79213867187,5.E-02),(
      0.519384765625,-30.98549804687,7.E-02),(0.519384765625,
      -30.85659179687,7.E-02),(0.472119140625,-30.79213867187,7.E-02),(
      0.472119140625,-30.79213867187,5.E-02),(0.472119140625,
      -30.79213867187,7.E-02),(0.317431640625,-30.72768554687,5.E-02),(
      0.317431640625,-30.72768554687,7.E-02),(0.472119140625,
      -30.79213867187,5.E-02),(0.424853515625,-30.72768554687,5.E-02),(
      0.317431640625,-30.72768554687,5.E-02),(0.472119140625,
      -30.79213867187,7.E-02),(0.424853515625,-30.72768554687,7.E-02),(
      0.317431640625,-30.72768554687,7.E-02),(0.317431640625,
      -30.72768554687,5.E-02),(0.317431640625,-30.72768554687,7.E-02),(
      0.16650390625,-30.77065429687,5.E-02),(0.16650390625,
      -30.77065429687,7.E-02),(0.317431640625,-30.72768554687,5.E-02),(
      0.235791015625,-30.72768554687,5.E-02),(0.16650390625,
      -30.77065429687,5.E-02),(0.317431640625,-30.72768554687,7.E-02),(
      0.235791015625,-30.72768554687,7.E-02),(0.16650390625,
      -30.77065429687,7.E-02),(0.16650390625,-30.77065429687,5.E-02),(
      0.16650390625,-30.77065429687,7.E-02),(6.6064453125E-02,
      -30.89633789062,5.E-02),(6.6064453125E-02,-30.89633789062,7.E-02),
    (0.16650390625,-30.77065429687,5.E-02),(9.7216796875E-02,
      -30.81362304687,5.E-02),(6.6064453125E-02,-30.89633789062,5.E-02),
    (0.16650390625,-30.77065429687,7.E-02),(9.7216796875E-02,
      -30.81362304687,7.E-02),(6.6064453125E-02,-30.89633789062,7.E-02),
    (6.6064453125E-02,-30.89633789062,5.E-02),(6.6064453125E-02,
      -30.89633789062,7.E-02),(3.4912109375E-02,-31.13481445312,5.E-02),
    (3.4912109375E-02,-31.13481445312,7.E-02),(6.6064453125E-02,
      -30.89633789062,5.E-02),(3.4912109375E-02,-30.97905273437,5.E-02),
    (3.4912109375E-02,-31.13481445312,5.E-02),(6.6064453125E-02,
      -30.89633789062,7.E-02),(3.4912109375E-02,-30.97905273437,7.E-02),
    (3.4912109375E-02,-31.13481445312,7.E-02),(3.4912109375E-02,
      -31.13481445312,5.E-02),(3.4912109375E-02,-31.13481445312,7.E-02),
    (3.4912109375E-02,-31.72670898437,5.E-02),(3.4912109375E-02,
      -31.72670898437,7.E-02),(3.4912109375E-02,-31.13481445312,5.E-02),
    (3.4912109375E-02,-31.72670898437,5.E-02),(3.4912109375E-02,
      -31.13481445312,7.E-02),(3.4912109375E-02,-31.72670898437,7.E-02),
    (3.4912109375E-02,-31.72670898437,5.E-02),(-0.158447265625,
      -31.72670898437,5.E-02),(-0.158447265625,-31.72670898437,5.E-02),(
      -0.158447265625,-30.58588867187,5.E-02),(-0.158447265625,
      -30.58588867187,5.E-02),(1.4501953125E-02,-30.58588867187,5.E-02),
    (1.4501953125E-02,-30.58588867187,5.E-02),(1.4501953125E-02,
      -30.74594726562,5.E-02),(1.4501953125E-02,-30.74594726562,5.E-02),
    (6.8212890625E-02,-30.66215820312,5.E-02),(0.157373046875,
      -30.6111328125,5.E-02),(0.157373046875,-30.6111328125,5.E-02),(
      0.246533203125,-30.56010742187,5.E-02),(0.360400390625,
      -30.56010742187,5.E-02),(0.360400390625,-30.56010742187,5.E-02),(
      0.487158203125,-30.56010742187,5.E-02),(0.56826171875,
      -30.61274414062,5.E-02),(0.56826171875,-30.61274414062,5.E-02),(
      0.649365234375,-30.66538085937,5.E-02),(0.682666015625,
      -30.75991210937,5.E-02),(0.682666015625,-30.75991210937,5.E-02),(
      0.818017578125,-30.56010742187,5.E-02),(1.035009765625,
      -30.56010742187,5.E-02),(1.035009765625,-30.56010742187,5.E-02),(
      1.204736328125,-30.56010742187,5.E-02),(1.296044921875,
      -30.6541015625,5.E-02),(1.296044921875,-30.6541015625,5.E-02),(
      1.387353515625,-30.74809570312,5.E-02),(1.387353515625,
      -30.94360351562,5.E-02),(1.387353515625,-30.94360351562,5.E-02),(
      1.387353515625,-31.72670898437,5.E-02),(1.387353515625,
      -31.72670898437,5.E-02),(1.195068359375,-31.72670898437,5.E-02),(
      1.195068359375,-31.72670898437,5.E-02),(1.195068359375,
      -31.00805664062,5.E-02),(1.195068359375,-31.00805664062,5.E-02),(
      1.195068359375,-30.89204101562,5.E-02),(1.17626953125,
      -30.841015625,5.E-02),(1.17626953125,-30.841015625,5.E-02),(
      1.157470703125,-30.78999023437,5.E-02),(1.108056640625,
      -30.75883789062,5.E-02),(1.108056640625,-30.75883789062,5.E-02),(
      1.058642578125,-30.72768554687,5.E-02),(0.992041015625,
      -30.72768554687,5.E-02),(0.992041015625,-30.72768554687,5.E-02),(
      0.871728515625,-30.72768554687,5.E-02),(0.792236328125,
      -30.80771484375,5.E-02),(0.792236328125,-30.80771484375,5.E-02),(
      0.712744140625,-30.88774414062,5.E-02),(0.712744140625,
      -31.06391601562,5.E-02),(0.712744140625,-31.06391601562,5.E-02),(
      0.712744140625,-31.72670898437,5.E-02),(0.712744140625,
      -31.72670898437,5.E-02),(0.519384765625,-31.72670898437,5.E-02),(
      0.519384765625,-31.72670898437,5.E-02),(0.519384765625,
      -30.98549804687,5.E-02),(0.519384765625,-30.98549804687,5.E-02),(
      0.519384765625,-30.85659179687,5.E-02),(0.472119140625,
      -30.79213867187,5.E-02),(0.472119140625,-30.79213867187,5.E-02),(
      0.424853515625,-30.72768554687,5.E-02),(0.317431640625,
      -30.72768554687,5.E-02),(0.317431640625,-30.72768554687,5.E-02),(
      0.235791015625,-30.72768554687,5.E-02),(0.16650390625,
      -30.77065429687,5.E-02),(0.16650390625,-30.77065429687,5.E-02),(
      9.7216796875E-02,-30.81362304687,5.E-02),(6.6064453125E-02,
      -30.89633789062,5.E-02),(6.6064453125E-02,-30.89633789062,5.E-02),
    (3.4912109375E-02,-30.97905273437,5.E-02),(3.4912109375E-02,
      -31.13481445312,5.E-02),(3.4912109375E-02,-31.13481445312,5.E-02),
    (3.4912109375E-02,-31.72670898437,5.E-02),(3.4912109375E-02,
      -31.72670898437,7.E-02),(-0.158447265625,-31.72670898437,7.E-02),(
      -0.158447265625,-31.72670898437,7.E-02),(-0.158447265625,
      -30.58588867187,7.E-02),(-0.158447265625,-30.58588867187,7.E-02),(
      1.4501953125E-02,-30.58588867187,7.E-02),(1.4501953125E-02,
      -30.58588867187,7.E-02),(1.4501953125E-02,-30.74594726562,7.E-02),
    (1.4501953125E-02,-30.74594726562,7.E-02),(6.8212890625E-02,
      -30.66215820312,7.E-02),(0.157373046875,-30.6111328125,7.E-02),(
      0.157373046875,-30.6111328125,7.E-02),(0.246533203125,
      -30.56010742187,7.E-02),(0.360400390625,-30.56010742187,7.E-02),(
      0.360400390625,-30.56010742187,7.E-02),(0.487158203125,
      -30.56010742187,7.E-02),(0.56826171875,-30.61274414062,7.E-02),(
      0.56826171875,-30.61274414062,7.E-02),(0.649365234375,
      -30.66538085937,7.E-02),(0.682666015625,-30.75991210937,7.E-02),(
      0.682666015625,-30.75991210937,7.E-02),(0.818017578125,
      -30.56010742187,7.E-02),(1.035009765625,-30.56010742187,7.E-02),(
      1.035009765625,-30.56010742187,7.E-02),(1.204736328125,
      -30.56010742187,7.E-02),(1.296044921875,-30.6541015625,7.E-02),(
      1.296044921875,-30.6541015625,7.E-02),(1.387353515625,
      -30.74809570312,7.E-02),(1.387353515625,-30.94360351562,7.E-02),(
      1.387353515625,-30.94360351562,7.E-02),(1.387353515625,
      -31.72670898437,7.E-02),(1.387353515625,-31.72670898437,7.E-02),(
      1.195068359375,-31.72670898437,7.E-02),(1.195068359375,
      -31.72670898437,7.E-02),(1.195068359375,-31.00805664062,7.E-02),(
      1.195068359375,-31.00805664062,7.E-02),(1.195068359375,
      -30.89204101562,7.E-02),(1.17626953125,-30.841015625,7.E-02),(
      1.17626953125,-30.841015625,7.E-02),(1.157470703125,
      -30.78999023437,7.E-02),(1.108056640625,-30.75883789062,7.E-02),(
      1.108056640625,-30.75883789062,7.E-02),(1.058642578125,
      -30.72768554687,7.E-02),(0.992041015625,-30.72768554687,7.E-02),(
      0.992041015625,-30.72768554687,7.E-02),(0.871728515625,
      -30.72768554687,7.E-02),(0.792236328125,-30.80771484375,7.E-02),(
      0.792236328125,-30.80771484375,7.E-02),(0.712744140625,
      -30.88774414062,7.E-02),(0.712744140625,-31.06391601562,7.E-02),(
      0.712744140625,-31.06391601562,7.E-02),(0.712744140625,
      -31.72670898437,7.E-02),(0.712744140625,-31.72670898437,7.E-02),(
      0.519384765625,-31.72670898437,7.E-02),(0.519384765625,
      -31.72670898437,7.E-02),(0.519384765625,-30.98549804687,7.E-02),(
      0.519384765625,-30.98549804687,7.E-02),(0.519384765625,
      -30.85659179687,7.E-02),(0.472119140625,-30.79213867187,7.E-02),(
      0.472119140625,-30.79213867187,7.E-02),(0.424853515625,
      -30.72768554687,7.E-02),(0.317431640625,-30.72768554687,7.E-02),(
      0.317431640625,-30.72768554687,7.E-02),(0.235791015625,
      -30.72768554687,7.E-02),(0.16650390625,-30.77065429687,7.E-02),(
      0.16650390625,-30.77065429687,7.E-02),(9.7216796875E-02,
      -30.81362304687,7.E-02),(6.6064453125E-02,-30.89633789062,7.E-02),
    (6.6064453125E-02,-30.89633789062,7.E-02),(3.4912109375E-02,
      -30.97905273437,7.E-02),(3.4912109375E-02,-31.13481445312,7.E-02),
    (3.4912109375E-02,-31.13481445312,7.E-02),(3.4912109375E-02,
      -31.72670898437,7.E-02),(1.867529296875,-31.72670898437,5.E-02),(
      1.867529296875,-31.72670898437,7.E-02),(1.674169921875,
      -31.72670898437,5.E-02),(1.674169921875,-31.72670898437,7.E-02),(
      1.867529296875,-31.72670898437,5.E-02),(1.674169921875,
      -31.72670898437,5.E-02),(1.867529296875,-31.72670898437,7.E-02),(
      1.674169921875,-31.72670898437,7.E-02),(1.674169921875,
      -31.72670898437,5.E-02),(1.674169921875,-31.72670898437,7.E-02),(
      1.674169921875,-30.58588867187,5.E-02),(1.674169921875,
      -30.58588867187,7.E-02),(1.674169921875,-31.72670898437,5.E-02),(
      1.674169921875,-30.58588867187,5.E-02),(1.674169921875,
      -31.72670898437,7.E-02),(1.674169921875,-30.58588867187,7.E-02),(
      1.674169921875,-30.58588867187,5.E-02),(1.674169921875,
      -30.58588867187,7.E-02),(1.847119140625,-30.58588867187,5.E-02),(
      1.847119140625,-30.58588867187,7.E-02),(1.674169921875,
      -30.58588867187,5.E-02),(1.847119140625,-30.58588867187,5.E-02),(
      1.674169921875,-30.58588867187,7.E-02),(1.847119140625,
      -30.58588867187,7.E-02),(1.847119140625,-30.58588867187,5.E-02),(
      1.847119140625,-30.58588867187,7.E-02),(1.847119140625,
      -30.74594726562,5.E-02),(1.847119140625,-30.74594726562,7.E-02),(
      1.847119140625,-30.58588867187,5.E-02),(1.847119140625,
      -30.74594726562,5.E-02),(1.847119140625,-30.58588867187,7.E-02),(
      1.847119140625,-30.74594726562,7.E-02),(1.847119140625,
      -30.74594726562,5.E-02),(1.847119140625,-30.74594726562,7.E-02),(
      1.989990234375,-30.6111328125,5.E-02),(1.989990234375,
      -30.6111328125,7.E-02),(1.847119140625,-30.74594726562,5.E-02),(
      1.900830078125,-30.66215820312,5.E-02),(1.989990234375,
      -30.6111328125,5.E-02),(1.847119140625,-30.74594726562,7.E-02),(
      1.900830078125,-30.66215820312,7.E-02),(1.989990234375,
      -30.6111328125,7.E-02),(1.989990234375,-30.6111328125,5.E-02),(
      1.989990234375,-30.6111328125,7.E-02),(2.193017578125,
      -30.56010742187,5.E-02),(2.193017578125,-30.56010742187,7.E-02),(
      1.989990234375,-30.6111328125,5.E-02),(2.079150390625,
      -30.56010742187,5.E-02),(2.193017578125,-30.56010742187,5.E-02),(
      1.989990234375,-30.6111328125,7.E-02),(2.079150390625,
      -30.56010742187,7.E-02),(2.193017578125,-30.56010742187,7.E-02),(
      2.193017578125,-30.56010742187,5.E-02),(2.193017578125,
      -30.56010742187,7.E-02),(2.40087890625,-30.61274414062,5.E-02),(
      2.40087890625,-30.61274414062,7.E-02),(2.193017578125,
      -30.56010742187,5.E-02),(2.319775390625,-30.56010742187,5.E-02),(
      2.40087890625,-30.61274414062,5.E-02),(2.193017578125,
      -30.56010742187,7.E-02),(2.319775390625,-30.56010742187,7.E-02),(
      2.40087890625,-30.61274414062,7.E-02),(2.40087890625,
      -30.61274414062,5.E-02),(2.40087890625,-30.61274414062,7.E-02),(
      2.515283203125,-30.75991210937,5.E-02),(2.515283203125,
      -30.75991210937,7.E-02),(2.40087890625,-30.61274414062,5.E-02),(
      2.481982421875,-30.66538085937,5.E-02),(2.515283203125,
      -30.75991210937,5.E-02),(2.40087890625,-30.61274414062,7.E-02),(
      2.481982421875,-30.66538085937,7.E-02),(2.515283203125,
      -30.75991210937,7.E-02),(2.515283203125,-30.75991210937,5.E-02),(
      2.515283203125,-30.75991210937,7.E-02),(2.867626953125,
      -30.56010742187,5.E-02),(2.867626953125,-30.56010742187,7.E-02),(
      2.515283203125,-30.75991210937,5.E-02),(2.650634765625,
      -30.56010742187,5.E-02),(2.867626953125,-30.56010742187,5.E-02),(
      2.515283203125,-30.75991210937,7.E-02),(2.650634765625,
      -30.56010742187,7.E-02),(2.867626953125,-30.56010742187,7.E-02),(
      2.867626953125,-30.56010742187,5.E-02),(2.867626953125,
      -30.56010742187,7.E-02),(3.128662109375,-30.6541015625,5.E-02),(
      3.128662109375,-30.6541015625,7.E-02),(2.867626953125,
      -30.56010742187,5.E-02),(3.037353515625,-30.56010742187,5.E-02),(
      3.128662109375,-30.6541015625,5.E-02),(2.867626953125,
      -30.56010742187,7.E-02),(3.037353515625,-30.56010742187,7.E-02),(
      3.128662109375,-30.6541015625,7.E-02),(3.128662109375,
      -30.6541015625,5.E-02),(3.128662109375,-30.6541015625,7.E-02),(
      3.219970703125,-30.94360351562,5.E-02),(3.219970703125,
      -30.94360351562,7.E-02),(3.128662109375,-30.6541015625,5.E-02),(
      3.219970703125,-30.74809570312,5.E-02),(3.219970703125,
      -30.94360351562,5.E-02),(3.128662109375,-30.6541015625,7.E-02),(
      3.219970703125,-30.74809570312,7.E-02),(3.219970703125,
      -30.94360351562,7.E-02),(3.219970703125,-30.94360351562,5.E-02),(
      3.219970703125,-30.94360351562,7.E-02),(3.219970703125,
      -31.72670898437,5.E-02),(3.219970703125,-31.72670898437,7.E-02),(
      3.219970703125,-30.94360351562,5.E-02),(3.219970703125,
      -31.72670898437,5.E-02),(3.219970703125,-30.94360351562,7.E-02),(
      3.219970703125,-31.72670898437,7.E-02),(3.219970703125,
      -31.72670898437,5.E-02),(3.219970703125,-31.72670898437,7.E-02),(
      3.027685546875,-31.72670898437,5.E-02),(3.027685546875,
      -31.72670898437,7.E-02),(3.219970703125,-31.72670898437,5.E-02),(
      3.027685546875,-31.72670898437,5.E-02),(3.219970703125,
      -31.72670898437,7.E-02),(3.027685546875,-31.72670898437,7.E-02),(
      3.027685546875,-31.72670898437,5.E-02),(3.027685546875,
      -31.72670898437,7.E-02),(3.027685546875,-31.00805664062,5.E-02),(
      3.027685546875,-31.00805664062,7.E-02),(3.027685546875,
      -31.72670898437,5.E-02),(3.027685546875,-31.00805664062,5.E-02),(
      3.027685546875,-31.72670898437,7.E-02),(3.027685546875,
      -31.00805664062,7.E-02),(3.027685546875,-31.00805664062,5.E-02),(
      3.027685546875,-31.00805664062,7.E-02),(3.00888671875,
      -30.841015625,5.E-02),(3.00888671875,-30.841015625,7.E-02),(
      3.027685546875,-31.00805664062,5.E-02),(3.027685546875,
      -30.89204101562,5.E-02),(3.00888671875,-30.841015625,5.E-02),(
      3.027685546875,-31.00805664062,7.E-02),(3.027685546875,
      -30.89204101562,7.E-02),(3.00888671875,-30.841015625,7.E-02),(
      3.00888671875,-30.841015625,5.E-02),(3.00888671875,-30.841015625,
      7.E-02),(2.940673828125,-30.75883789062,5.E-02),(2.940673828125,
      -30.75883789062,7.E-02),(3.00888671875,-30.841015625,5.E-02),(
      2.990087890625,-30.78999023437,5.E-02),(2.940673828125,
      -30.75883789062,5.E-02),(3.00888671875,-30.841015625,7.E-02),(
      2.990087890625,-30.78999023437,7.E-02),(2.940673828125,
      -30.75883789062,7.E-02),(2.940673828125,-30.75883789062,5.E-02),(
      2.940673828125,-30.75883789062,7.E-02),(2.824658203125,
      -30.72768554687,5.E-02),(2.824658203125,-30.72768554687,7.E-02),(
      2.940673828125,-30.75883789062,5.E-02),(2.891259765625,
      -30.72768554687,5.E-02),(2.824658203125,-30.72768554687,5.E-02),(
      2.940673828125,-30.75883789062,7.E-02),(2.891259765625,
      -30.72768554687,7.E-02),(2.824658203125,-30.72768554687,7.E-02),(
      2.824658203125,-30.72768554687,5.E-02),(2.824658203125,
      -30.72768554687,7.E-02),(2.624853515625,-30.80771484375,5.E-02),(
      2.624853515625,-30.80771484375,7.E-02),(2.824658203125,
      -30.72768554687,5.E-02),(2.704345703125,-30.72768554687,5.E-02),(
      2.624853515625,-30.80771484375,5.E-02),(2.824658203125,
      -30.72768554687,7.E-02),(2.704345703125,-30.72768554687,7.E-02),(
      2.624853515625,-30.80771484375,7.E-02),(2.624853515625,
      -30.80771484375,5.E-02),(2.624853515625,-30.80771484375,7.E-02),(
      2.545361328125,-31.06391601562,5.E-02),(2.545361328125,
      -31.06391601562,7.E-02),(2.624853515625,-30.80771484375,5.E-02),(
      2.545361328125,-30.88774414062,5.E-02),(2.545361328125,
      -31.06391601562,5.E-02),(2.624853515625,-30.80771484375,7.E-02),(
      2.545361328125,-30.88774414062,7.E-02),(2.545361328125,
      -31.06391601562,7.E-02),(2.545361328125,-31.06391601562,5.E-02),(
      2.545361328125,-31.06391601562,7.E-02),(2.545361328125,
      -31.72670898437,5.E-02),(2.545361328125,-31.72670898437,7.E-02),(
      2.545361328125,-31.06391601562,5.E-02),(2.545361328125,
      -31.72670898437,5.E-02),(2.545361328125,-31.06391601562,7.E-02),(
      2.545361328125,-31.72670898437,7.E-02),(2.545361328125,
      -31.72670898437,5.E-02),(2.545361328125,-31.72670898437,7.E-02),(
      2.352001953125,-31.72670898437,5.E-02),(2.352001953125,
      -31.72670898437,7.E-02),(2.545361328125,-31.72670898437,5.E-02),(
      2.352001953125,-31.72670898437,5.E-02),(2.545361328125,
      -31.72670898437,7.E-02),(2.352001953125,-31.72670898437,7.E-02),(
      2.352001953125,-31.72670898437,5.E-02),(2.352001953125,
      -31.72670898437,7.E-02),(2.352001953125,-30.98549804687,5.E-02),(
      2.352001953125,-30.98549804687,7.E-02),(2.352001953125,
      -31.72670898437,5.E-02),(2.352001953125,-30.98549804687,5.E-02),(
      2.352001953125,-31.72670898437,7.E-02),(2.352001953125,
      -30.98549804687,7.E-02),(2.352001953125,-30.98549804687,5.E-02),(
      2.352001953125,-30.98549804687,7.E-02),(2.304736328125,
      -30.79213867187,5.E-02),(2.304736328125,-30.79213867187,7.E-02),(
      2.352001953125,-30.98549804687,5.E-02),(2.352001953125,
      -30.85659179687,5.E-02),(2.304736328125,-30.79213867187,5.E-02),(
      2.352001953125,-30.98549804687,7.E-02),(2.352001953125,
      -30.85659179687,7.E-02),(2.304736328125,-30.79213867187,7.E-02),(
      2.304736328125,-30.79213867187,5.E-02),(2.304736328125,
      -30.79213867187,7.E-02),(2.150048828125,-30.72768554687,5.E-02),(
      2.150048828125,-30.72768554687,7.E-02),(2.304736328125,
      -30.79213867187,5.E-02),(2.257470703125,-30.72768554687,5.E-02),(
      2.150048828125,-30.72768554687,5.E-02),(2.304736328125,
      -30.79213867187,7.E-02),(2.257470703125,-30.72768554687,7.E-02),(
      2.150048828125,-30.72768554687,7.E-02),(2.150048828125,
      -30.72768554687,5.E-02),(2.150048828125,-30.72768554687,7.E-02),(
      1.99912109375,-30.77065429687,5.E-02),(1.99912109375,
      -30.77065429687,7.E-02),(2.150048828125,-30.72768554687,5.E-02),(
      2.068408203125,-30.72768554687,5.E-02),(1.99912109375,
      -30.77065429687,5.E-02),(2.150048828125,-30.72768554687,7.E-02),(
      2.068408203125,-30.72768554687,7.E-02),(1.99912109375,
      -30.77065429687,7.E-02),(1.99912109375,-30.77065429687,5.E-02),(
      1.99912109375,-30.77065429687,7.E-02),(1.898681640625,
      -30.89633789062,5.E-02),(1.898681640625,-30.89633789062,7.E-02),(
      1.99912109375,-30.77065429687,5.E-02),(1.929833984375,
      -30.81362304687,5.E-02),(1.898681640625,-30.89633789062,5.E-02),(
      1.99912109375,-30.77065429687,7.E-02),(1.929833984375,
      -30.81362304687,7.E-02),(1.898681640625,-30.89633789062,7.E-02),(
      1.898681640625,-30.89633789062,5.E-02),(1.898681640625,
      -30.89633789062,7.E-02),(1.867529296875,-31.13481445312,5.E-02),(
      1.867529296875,-31.13481445312,7.E-02),(1.898681640625,
      -30.89633789062,5.E-02),(1.867529296875,-30.97905273437,5.E-02),(
      1.867529296875,-31.13481445312,5.E-02),(1.898681640625,
      -30.89633789062,7.E-02),(1.867529296875,-30.97905273437,7.E-02),(
      1.867529296875,-31.13481445312,7.E-02),(1.867529296875,
      -31.13481445312,5.E-02),(1.867529296875,-31.13481445312,7.E-02),(
      1.867529296875,-31.72670898437,5.E-02),(1.867529296875,
      -31.72670898437,7.E-02),(1.867529296875,-31.13481445312,5.E-02),(
      1.867529296875,-31.72670898437,5.E-02),(1.867529296875,
      -31.13481445312,7.E-02),(1.867529296875,-31.72670898437,7.E-02),(
      1.867529296875,-31.72670898437,5.E-02),(1.674169921875,
      -31.72670898437,5.E-02),(1.674169921875,-31.72670898437,5.E-02),(
      1.674169921875,-30.58588867187,5.E-02),(1.674169921875,
      -30.58588867187,5.E-02),(1.847119140625,-30.58588867187,5.E-02),(
      1.847119140625,-30.58588867187,5.E-02),(1.847119140625,
      -30.74594726562,5.E-02),(1.847119140625,-30.74594726562,5.E-02),(
      1.900830078125,-30.66215820312,5.E-02),(1.989990234375,
      -30.6111328125,5.E-02),(1.989990234375,-30.6111328125,5.E-02),(
      2.079150390625,-30.56010742187,5.E-02),(2.193017578125,
      -30.56010742187,5.E-02),(2.193017578125,-30.56010742187,5.E-02),(
      2.319775390625,-30.56010742187,5.E-02),(2.40087890625,
      -30.61274414062,5.E-02),(2.40087890625,-30.61274414062,5.E-02),(
      2.481982421875,-30.66538085937,5.E-02),(2.515283203125,
      -30.75991210937,5.E-02),(2.515283203125,-30.75991210937,5.E-02),(
      2.650634765625,-30.56010742187,5.E-02),(2.867626953125,
      -30.56010742187,5.E-02),(2.867626953125,-30.56010742187,5.E-02),(
      3.037353515625,-30.56010742187,5.E-02),(3.128662109375,
      -30.6541015625,5.E-02),(3.128662109375,-30.6541015625,5.E-02),(
      3.219970703125,-30.74809570312,5.E-02),(3.219970703125,
      -30.94360351562,5.E-02),(3.219970703125,-30.94360351562,5.E-02),(
      3.219970703125,-31.72670898437,5.E-02),(3.219970703125,
      -31.72670898437,5.E-02),(3.027685546875,-31.72670898437,5.E-02),(
      3.027685546875,-31.72670898437,5.E-02),(3.027685546875,
      -31.00805664062,5.E-02),(3.027685546875,-31.00805664062,5.E-02),(
      3.027685546875,-30.89204101562,5.E-02),(3.00888671875,
      -30.841015625,5.E-02),(3.00888671875,-30.841015625,5.E-02),(
      2.990087890625,-30.78999023437,5.E-02),(2.940673828125,
      -30.75883789062,5.E-02),(2.940673828125,-30.75883789062,5.E-02),(
      2.891259765625,-30.72768554687,5.E-02),(2.824658203125,
      -30.72768554687,5.E-02),(2.824658203125,-30.72768554687,5.E-02),(
      2.704345703125,-30.72768554687,5.E-02),(2.624853515625,
      -30.80771484375,5.E-02),(2.624853515625,-30.80771484375,5.E-02),(
      2.545361328125,-30.88774414062,5.E-02),(2.545361328125,
      -31.06391601562,5.E-02),(2.545361328125,-31.06391601562,5.E-02),(
      2.545361328125,-31.72670898437,5.E-02),(2.545361328125,
      -31.72670898437,5.E-02),(2.352001953125,-31.72670898437,5.E-02),(
      2.352001953125,-31.72670898437,5.E-02),(2.352001953125,
      -30.98549804687,5.E-02),(2.352001953125,-30.98549804687,5.E-02),(
      2.352001953125,-30.85659179687,5.E-02),(2.304736328125,
      -30.79213867187,5.E-02),(2.304736328125,-30.79213867187,5.E-02),(
      2.257470703125,-30.72768554687,5.E-02),(2.150048828125,
      -30.72768554687,5.E-02),(2.150048828125,-30.72768554687,5.E-02),(
      2.068408203125,-30.72768554687,5.E-02),(1.99912109375,
      -30.77065429687,5.E-02),(1.99912109375,-30.77065429687,5.E-02),(
      1.929833984375,-30.81362304687,5.E-02),(1.898681640625,
      -30.89633789062,5.E-02),(1.898681640625,-30.89633789062,5.E-02),(
      1.867529296875,-30.97905273437,5.E-02),(1.867529296875,
      -31.13481445312,5.E-02),(1.867529296875,-31.13481445312,5.E-02),(
      1.867529296875,-31.72670898437,5.E-02),(1.867529296875,
      -31.72670898437,7.E-02),(1.674169921875,-31.72670898437,7.E-02),(
      1.674169921875,-31.72670898437,7.E-02),(1.674169921875,
      -30.58588867187,7.E-02),(1.674169921875,-30.58588867187,7.E-02),(
      1.847119140625,-30.58588867187,7.E-02),(1.847119140625,
      -30.58588867187,7.E-02),(1.847119140625,-30.74594726562,7.E-02),(
      1.847119140625,-30.74594726562,7.E-02),(1.900830078125,
      -30.66215820312,7.E-02),(1.989990234375,-30.6111328125,7.E-02),(
      1.989990234375,-30.6111328125,7.E-02),(2.079150390625,
      -30.56010742187,7.E-02),(2.193017578125,-30.56010742187,7.E-02),(
      2.193017578125,-30.56010742187,7.E-02),(2.319775390625,
      -30.56010742187,7.E-02),(2.40087890625,-30.61274414062,7.E-02),(
      2.40087890625,-30.61274414062,7.E-02),(2.481982421875,
      -30.66538085937,7.E-02),(2.515283203125,-30.75991210937,7.E-02),(
      2.515283203125,-30.75991210937,7.E-02),(2.650634765625,
      -30.56010742187,7.E-02),(2.867626953125,-30.56010742187,7.E-02),(
      2.867626953125,-30.56010742187,7.E-02),(3.037353515625,
      -30.56010742187,7.E-02),(3.128662109375,-30.6541015625,7.E-02),(
      3.128662109375,-30.6541015625,7.E-02),(3.219970703125,
      -30.74809570312,7.E-02),(3.219970703125,-30.94360351562,7.E-02),(
      3.219970703125,-30.94360351562,7.E-02),(3.219970703125,
      -31.72670898437,7.E-02),(3.219970703125,-31.72670898437,7.E-02),(
      3.027685546875,-31.72670898437,7.E-02),(3.027685546875,
      -31.72670898437,7.E-02),(3.027685546875,-31.00805664062,7.E-02),(
      3.027685546875,-31.00805664062,7.E-02),(3.027685546875,
      -30.89204101562,7.E-02),(3.00888671875,-30.841015625,7.E-02),(
      3.00888671875,-30.841015625,7.E-02),(2.990087890625,
      -30.78999023437,7.E-02),(2.940673828125,-30.75883789062,7.E-02),(
      2.940673828125,-30.75883789062,7.E-02),(2.891259765625,
      -30.72768554687,7.E-02),(2.824658203125,-30.72768554687,7.E-02),(
      2.824658203125,-30.72768554687,7.E-02),(2.704345703125,
      -30.72768554687,7.E-02),(2.624853515625,-30.80771484375,7.E-02),(
      2.624853515625,-30.80771484375,7.E-02),(2.545361328125,
      -30.88774414062,7.E-02),(2.545361328125,-31.06391601562,7.E-02),(
      2.545361328125,-31.06391601562,7.E-02),(2.545361328125,
      -31.72670898437,7.E-02),(2.545361328125,-31.72670898437,7.E-02),(
      2.352001953125,-31.72670898437,7.E-02),(2.352001953125,
      -31.72670898437,7.E-02),(2.352001953125,-30.98549804687,7.E-02),(
      2.352001953125,-30.98549804687,7.E-02),(2.352001953125,
      -30.85659179687,7.E-02),(2.304736328125,-30.79213867187,7.E-02),(
      2.304736328125,-30.79213867187,7.E-02),(2.257470703125,
      -30.72768554687,7.E-02),(2.150048828125,-30.72768554687,7.E-02),(
      2.150048828125,-30.72768554687,7.E-02),(2.068408203125,
      -30.72768554687,7.E-02),(1.99912109375,-30.77065429687,7.E-02),(
      1.99912109375,-30.77065429687,7.E-02),(1.929833984375,
      -30.81362304687,7.E-02),(1.898681640625,-30.89633789062,7.E-02),(
      1.898681640625,-30.89633789062,7.E-02),(1.867529296875,
      -30.97905273437,7.E-02),(1.867529296875,-31.13481445312,7.E-02),(
      1.867529296875,-31.13481445312,7.E-02),(1.867529296875,
      -31.72670898437,7.E-02)));
#3180 = ANNOTATION_PLANE('',(#3181),#3183,(#3175));
#3181 = PRESENTATION_STYLE_ASSIGNMENT((NULL_STYLE(.NULL.)));
#3183 = PLANE('',#3184);
#3184 = AXIS2_PLACEMENT_3D('',#3185,#3186,#3187);
#3185 = CARTESIAN_POINT('',(0.,-31.,0.));
#3186 = DIRECTION('',(0.,0.,1.));
#3187 = DIRECTION('',(1.,0.,-0.));
#3188 = SHAPE_ASPECT('window height - verify against glass','',#4,.T.);
#3189 = GEOMETRIC_ITEM_SPECIFIC_USAGE(
  'window height - verify against glass','',#3188,#10,#15);
#3190 = SHAPE_ASPECT('window height - verify against glass','',#4,.T.);
#3191 = GEOMETRIC_ITEM_SPECIFIC_USAGE(
  'window height - verify against glass','',#3190,#10,#15);
#3192 = GEOMETRIC_ITEM_SPECIFIC_USAGE('','',#3193,#3279,#3194);
#3193 = DERIVED_SHAPE_ASPECT('','',#4,.F.);
#3194 = CARTESIAN_POINT('',(-37.,-23.,0.));
#3195 = SHAPE_ASPECT_DERIVING_RELATIONSHIP('',$,#3193,#3188);
#3196 = GEOMETRIC_ITEM_SPECIFIC_USAGE('','',#3197,#3279,#3198);
#3197 = DERIVED_SHAPE_ASPECT('','',#4,.F.);
#3198 = CARTESIAN_POINT('',(-37.,23.,0.));
#3199 = SHAPE_ASPECT_DERIVING_RELATIONSHIP('',$,#3197,#3190);
#3200 = ( LENGTH_MEASURE_WITH_UNIT() MEASURE_REPRESENTATION_ITEM() 
MEASURE_WITH_UNIT(POSITIVE_LENGTH_MEASURE(46.),#3054) 
REPRESENTATION_ITEM('nominal value') );
#3201 = SHAPE_DIMENSION_REPRESENTATION('',(#3200),#3053);
#3202 = DIMENSIONAL_CHARACTERISTIC_REPRESENTATION(#3203,#3201);
#3203 = DIMENSIONAL_LOCATION('linear distance outer outer',$,#3193,#3197
  );
#3204 = DRAUGHTING_MODEL_ITEM_ASSOCIATION(
  'PMI representation to presentation link','',#3203,#3280,#3205);
#3205 = DRAUGHTING_CALLOUT(
  '46 mm - TFT window height - verify against glass',(#3206));
#3206 = TESSELLATED_ANNOTATION_OCCURRENCE('',(#3078),#3207);
#3207 = TESSELLATED_GEOMETRIC_SET('',(#3208));
#3208 = TESSELLATED_CURVE_SET('',#3209,((1,2),(3,4),(5,6),(7,8),(9,10),(
      11,12),(13,14),(15,16),(17,18),(19,20),(21,22),(23,24),(25,26),(27
      ,28),(29,30),(31,32),(33,34),(35,36),(37,38),(39,40),(41,42),(43,
      44),(45,46),(47,48),(49,50),(51,52),(53,54),(55,56),(57,58),(59,60
      ),(61,62),(63,64),(65,66),(67,68),(69,70),(71,72),(73,74),(75,76),
    (77,78),(79,80),(81,82),(83,84),(85,86),(87,88),(89,90),(91,92),(93,
      94),(95,96),(97,98),(99,100),(101,102),(103,104),(105,106),(107,
      108),(109,110),(111,112),(113,114),(115,116),(117,118),(119,120),(
      121,122),(123,124),(125,126),(127,128),(129,130),(131,132),(133,
      134),(135,136),(137,138),(139,140),(141,142),(143,144),(145,146),(
      147,148),(149,150),(151,152),(153,154),(155,156),(157,158),(159,
      160),(161,162),(163,164),(165,166),(167,168),(169,170),(171,172),(
      173,174),(175,176),(177,178),(179,180),(181,182),(183,184),(185,
      186),(187,188),(189,190),(191,192),(193,194),(195,196,197),(198,
      199,200),(201,202),(203,204),(205,206,207),(208,209,210),(211,212)
    ,(213,214),(215,216,217),(218,219,220),(221,222),(223,224),(225,226,
      227),(228,229,230),(231,232),(233,234),(235,236,237),(238,239,240)
    ,(241,242),(243,244),(245,246,247),(248,249,250),(251,252),(253,254)
    ,(255,256,257),(258,259,260),(261,262),(263,264),(265,266,267),(268,
      269,270),(271,272),(273,274),(275,276,277),(278,279,280),(281,282)
    ,(283,284),(285,286,287),(288,289,290),(291,292),(293,294),(295,296,
      297),(298,299,300),(301,302),(303,304),(305,306,307),(308,309,310)
    ,(311,312),(313,314),(315,316,317),(318,319,320),(321,322),(323,324)
    ,(325,326,327),(328,329,330),(331,332),(333,334),(335,336,337),(338,
      339,340),(341,342),(343,344),(345,346,347),(348,349,350),(351,352)
    ,(353,354),(355,356,357),(358,359,360),(361,362),(363,364),(365,366,
      367),(368,369,370),(371,372),(373,374),(375,376,377),(378,379,380)
    ,(381,382),(383,384),(385,386,387),(388,389,390),(391,392),(393,394)
    ,(395,396,397),(398,399,400),(401,402),(403,404),(405,406,407),(408,
      409,410),(411,412),(413,414),(415,416,417),(418,419,420),(421,422)
    ,(423,424),(425,426,427),(428,429,430),(431,432),(433,434),(435,436,
      437),(438,439,440),(441,442),(443,444),(445,446,447),(448,449,450)
    ,(451,452),(453,454),(455,456,457),(458,459,460),(461,462),(463,464,
      465),(466,467,468),(469,470,471),(472,473,474),(475,476,477),(478,
      479,480),(481,482,483),(484,485,486),(487,488,489),(490,491,492),(
      493,494,495),(496,497,498),(499,500,501),(502,503,504),(505,506,
      507),(508,509,510),(511,512,513),(514,515,516),(517,518,519),(520,
      521,522),(523,524,525),(526,527,528),(529,530,531),(532,533,534),(
      535,536,537),(538,539,540),(541,542,543),(544,545),(546,547,548),(
      549,550,551),(552,553,554),(555,556,557),(558,559,560),(561,562,
      563),(564,565,566),(567,568,569),(570,571,572),(573,574,575),(576,
      577,578),(579,580,581),(582,583,584),(585,586,587),(588,589,590),(
      591,592,593),(594,595,596),(597,598,599),(600,601,602),(603,604,
      605),(606,607,608),(609,610,611),(612,613,614),(615,616,617),(618,
      619,620),(621,622,623),(624,625,626),(627,628),(629,630),(631,632)
    ,(633,634),(635,636),(637,638),(639,640),(641,642),(643,644),(645,
      646),(647,648),(649,650),(651,652),(653,654),(655,656),(657,658),(
      659,660),(661,662),(663,664,665),(666,667,668),(669,670),(671,672)
    ,(673,674,675),(676,677,678),(679,680),(681,682),(683,684,685),(686,
      687,688),(689,690),(691,692),(693,694,695),(696,697,698),(699,700)
    ,(701,702),(703,704,705),(706,707,708),(709,710),(711,712),(713,714,
      715),(716,717,718),(719,720),(721,722),(723,724,725),(726,727,728)
    ,(729,730),(731,732),(733,734),(735,736),(737,738),(739,740),(741,
      742),(743,744),(745,746),(747,748),(749,750),(751,752),(753,754),(
      755,756),(757,758,759),(760,761,762),(763,764),(765,766),(767,768,
      769),(770,771,772),(773,774),(775,776),(777,778,779),(780,781,782)
    ,(783,784),(785,786),(787,788,789),(790,791,792),(793,794),(795,796)
    ,(797,798,799),(800,801,802),(803,804),(805,806),(807,808),(809,810)
    ,(811,812),(813,814),(815,816),(817,818),(819,820),(821,822),(823,
      824),(825,826),(827,828),(829,830),(831,832,833),(834,835,836),(
      837,838),(839,840),(841,842,843),(844,845,846),(847,848),(849,850)
    ,(851,852,853),(854,855,856),(857,858),(859,860),(861,862,863),(864,
      865,866),(867,868),(869,870),(871,872,873),(874,875,876),(877,878)
    ,(879,880),(881,882),(883,884),(885,886),(887,888),(889,890),(891,
      892),(893,894,895),(896,897,898),(899,900,901),(902,903,904),(905,
      906,907),(908,909,910),(911,912,913),(914,915),(916,917),(918,919)
    ,(920,921,922),(923,924,925),(926,927,928),(929,930,931),(932,933,
      934),(935,936),(937,938),(939,940),(941,942,943),(944,945,946),(
      947,948,949),(950,951,952),(953,954,955),(956,957),(958,959),(960,
      961),(962,963),(964,965),(966,967,968),(969,970,971),(972,973,974)
    ,(975,976,977),(978,979,980),(981,982,983),(984,985,986),(987,988),(
      989,990),(991,992),(993,994,995),(996,997,998),(999,1000,1001),(
      1002,1003,1004),(1005,1006,1007),(1008,1009),(1010,1011),(1012,
      1013),(1014,1015,1016),(1017,1018,1019),(1020,1021,1022),(1023,
      1024,1025),(1026,1027,1028),(1029,1030),(1031,1032),(1033,1034),(
      1035,1036),(1037,1038),(1039,1040),(1041,1042),(1043,1044),(1045,
      1046),(1047,1048),(1049,1050),(1051,1052),(1053,1054),(1055,1056),
    (1057,1058),(1059,1060),(1061,1062),(1063,1064),(1065,1066),(1067,
      1068,1069),(1070,1071,1072),(1073,1074),(1075,1076),(1077,1078,
      1079),(1080,1081,1082),(1083,1084),(1085,1086),(1087,1088,1089),(
      1090,1091,1092),(1093,1094),(1095,1096),(1097,1098,1099),(1100,
      1101,1102),(1103,1104),(1105,1106),(1107,1108,1109),(1110,1111,
      1112),(1113,1114),(1115,1116),(1117,1118,1119),(1120,1121,1122),(
      1123,1124),(1125,1126),(1127,1128,1129),(1130,1131,1132),(1133,
      1134),(1135,1136),(1137,1138),(1139,1140),(1141,1142),(1143,1144),
    (1145,1146),(1147,1148),(1149,1150),(1151,1152),(1153,1154),(1155,
      1156),(1157,1158),(1159,1160),(1161,1162,1163),(1164,1165,1166),(
      1167,1168),(1169,1170),(1171,1172,1173),(1174,1175,1176),(1177,
      1178),(1179,1180),(1181,1182,1183),(1184,1185,1186),(1187,1188),(
      1189,1190),(1191,1192,1193),(1194,1195,1196),(1197,1198),(1199,
      1200),(1201,1202,1203),(1204,1205,1206),(1207,1208),(1209,1210),(
      1211,1212),(1213,1214),(1215,1216),(1217,1218),(1219,1220),(1221,
      1222),(1223,1224),(1225,1226),(1227,1228),(1229,1230),(1231,1232),
    (1233,1234),(1235,1236,1237),(1238,1239,1240),(1241,1242),(1243,1244
      ),(1245,1246,1247),(1248,1249,1250),(1251,1252),(1253,1254),(1255,
      1256,1257),(1258,1259,1260),(1261,1262),(1263,1264),(1265,1266,
      1267),(1268,1269,1270),(1271,1272),(1273,1274),(1275,1276,1277),(
      1278,1279,1280),(1281,1282),(1283,1284),(1285,1286),(1287,1288),(
      1289,1290),(1291,1292),(1293,1294),(1295,1296),(1297,1298,1299),(
      1300,1301,1302),(1303,1304,1305),(1306,1307,1308),(1309,1310,1311)
    ,(1312,1313,1314),(1315,1316,1317),(1318,1319),(1320,1321),(1322,
      1323),(1324,1325,1326),(1327,1328,1329),(1330,1331,1332),(1333,
      1334,1335),(1336,1337,1338),(1339,1340),(1341,1342),(1343,1344),(
      1345,1346,1347),(1348,1349,1350),(1351,1352,1353),(1354,1355,1356)
    ,(1357,1358,1359),(1360,1361),(1362,1363),(1364,1365),(1366,1367),(
      1368,1369),(1370,1371,1372),(1373,1374,1375),(1376,1377,1378),(
      1379,1380,1381),(1382,1383,1384),(1385,1386,1387),(1388,1389,1390)
    ,(1391,1392),(1393,1394),(1395,1396),(1397,1398,1399),(1400,1401,
      1402),(1403,1404,1405),(1406,1407,1408),(1409,1410,1411),(1412,
      1413),(1414,1415),(1416,1417),(1418,1419,1420),(1421,1422,1423),(
      1424,1425,1426),(1427,1428,1429),(1430,1431,1432),(1433,1434)));
#3209 = COORDINATES_LIST('',1434,((-37.,-23.,0.),(-47.,-23.,0.),(-37.,
      23.,0.),(-47.,23.,0.),(-47.,-23.,0.),(-47.,23.,0.),(-47.,-23.,0.),
    (-47.76,-21.,0.),(-47.,-23.,0.),(-46.24,-21.,0.),(-47.,23.,0.),(
      -47.76,21.,0.),(-47.,23.,0.),(-46.24,21.,0.),(-46.27329101562,
      -2.457275390625,5.E-02),(-46.27329101562,-2.457275390625,7.E-02),(
      -46.27329101562,-2.650634765625,5.E-02),(-46.27329101562,
      -2.650634765625,7.E-02),(-46.27329101562,-2.457275390625,5.E-02),(
      -46.27329101562,-2.650634765625,5.E-02),(-46.27329101562,
      -2.457275390625,7.E-02),(-46.27329101562,-2.650634765625,7.E-02),(
      -46.27329101562,-2.650634765625,5.E-02),(-46.27329101562,
      -2.650634765625,7.E-02),(-46.65034179687,-2.650634765625,5.E-02),(
      -46.65034179687,-2.650634765625,7.E-02),(-46.27329101562,
      -2.650634765625,5.E-02),(-46.65034179687,-2.650634765625,5.E-02),(
      -46.27329101562,-2.650634765625,7.E-02),(-46.65034179687,
      -2.650634765625,7.E-02),(-46.65034179687,-2.650634765625,5.E-02),(
      -46.65034179687,-2.650634765625,7.E-02),(-46.65034179687,
      -3.333837890625,5.E-02),(-46.65034179687,-3.333837890625,7.E-02),(
      -46.65034179687,-2.650634765625,5.E-02),(-46.65034179687,
      -3.333837890625,5.E-02),(-46.65034179687,-2.650634765625,7.E-02),(
      -46.65034179687,-3.333837890625,7.E-02),(-46.65034179687,
      -3.333837890625,5.E-02),(-46.65034179687,-3.333837890625,7.E-02),(
      -46.82758789062,-3.333837890625,5.E-02),(-46.82758789062,
      -3.333837890625,7.E-02),(-46.65034179687,-3.333837890625,5.E-02),(
      -46.82758789062,-3.333837890625,5.E-02),(-46.65034179687,
      -3.333837890625,7.E-02),(-46.82758789062,-3.333837890625,7.E-02),(
      -46.82758789062,-3.333837890625,5.E-02),(-46.82758789062,
      -3.333837890625,7.E-02),(-47.84809570312,-2.615185546875,5.E-02),(
      -47.84809570312,-2.615185546875,7.E-02),(-46.82758789062,
      -3.333837890625,5.E-02),(-47.84809570312,-2.615185546875,5.E-02),(
      -46.82758789062,-3.333837890625,7.E-02),(-47.84809570312,
      -2.615185546875,7.E-02),(-47.84809570312,-2.615185546875,5.E-02),(
      -47.84809570312,-2.615185546875,7.E-02),(-47.84809570312,
      -2.457275390625,5.E-02),(-47.84809570312,-2.457275390625,7.E-02),(
      -47.84809570312,-2.615185546875,5.E-02),(-47.84809570312,
      -2.457275390625,5.E-02),(-47.84809570312,-2.615185546875,7.E-02),(
      -47.84809570312,-2.457275390625,7.E-02),(-47.84809570312,
      -2.457275390625,5.E-02),(-47.84809570312,-2.457275390625,7.E-02),(
      -46.82758789062,-2.457275390625,5.E-02),(-46.82758789062,
      -2.457275390625,7.E-02),(-47.84809570312,-2.457275390625,5.E-02),(
      -46.82758789062,-2.457275390625,5.E-02),(-47.84809570312,
      -2.457275390625,7.E-02),(-46.82758789062,-2.457275390625,7.E-02),(
      -46.82758789062,-2.457275390625,5.E-02),(-46.82758789062,
      -2.457275390625,7.E-02),(-46.82758789062,-2.244580078125,5.E-02),(
      -46.82758789062,-2.244580078125,7.E-02),(-46.82758789062,
      -2.457275390625,5.E-02),(-46.82758789062,-2.244580078125,5.E-02),(
      -46.82758789062,-2.457275390625,7.E-02),(-46.82758789062,
      -2.244580078125,7.E-02),(-46.82758789062,-2.244580078125,5.E-02),(
      -46.82758789062,-2.244580078125,7.E-02),(-46.65034179687,
      -2.244580078125,5.E-02),(-46.65034179687,-2.244580078125,7.E-02),(
      -46.82758789062,-2.244580078125,5.E-02),(-46.65034179687,
      -2.244580078125,5.E-02),(-46.82758789062,-2.244580078125,7.E-02),(
      -46.65034179687,-2.244580078125,7.E-02),(-46.65034179687,
      -2.244580078125,5.E-02),(-46.65034179687,-2.244580078125,7.E-02),(
      -46.65034179687,-2.457275390625,5.E-02),(-46.65034179687,
      -2.457275390625,7.E-02),(-46.65034179687,-2.244580078125,5.E-02),(
      -46.65034179687,-2.457275390625,5.E-02),(-46.65034179687,
      -2.244580078125,7.E-02),(-46.65034179687,-2.457275390625,7.E-02),(
      -46.65034179687,-2.457275390625,5.E-02),(-46.65034179687,
      -2.457275390625,7.E-02),(-46.27329101562,-2.457275390625,5.E-02),(
      -46.27329101562,-2.457275390625,7.E-02),(-46.65034179687,
      -2.457275390625,5.E-02),(-46.27329101562,-2.457275390625,5.E-02),(
      -46.65034179687,-2.457275390625,7.E-02),(-46.27329101562,
      -2.457275390625,7.E-02),(-46.82758789062,-3.143701171875,5.E-02),(
      -46.82758789062,-3.143701171875,7.E-02),(-46.82758789062,
      -2.650634765625,5.E-02),(-46.82758789062,-2.650634765625,7.E-02),(
      -46.82758789062,-3.143701171875,5.E-02),(-46.82758789062,
      -2.650634765625,5.E-02),(-46.82758789062,-3.143701171875,7.E-02),(
      -46.82758789062,-2.650634765625,7.E-02),(-46.82758789062,
      -2.650634765625,5.E-02),(-46.82758789062,-2.650634765625,7.E-02),(
      -47.53764648437,-2.650634765625,5.E-02),(-47.53764648437,
      -2.650634765625,7.E-02),(-46.82758789062,-2.650634765625,5.E-02),(
      -47.53764648437,-2.650634765625,5.E-02),(-46.82758789062,
      -2.650634765625,7.E-02),(-47.53764648437,-2.650634765625,7.E-02),(
      -47.53764648437,-2.650634765625,5.E-02),(-47.53764648437,
      -2.650634765625,7.E-02),(-46.82758789062,-3.143701171875,5.E-02),(
      -46.82758789062,-3.143701171875,7.E-02),(-47.53764648437,
      -2.650634765625,5.E-02),(-46.82758789062,-3.143701171875,5.E-02),(
      -47.53764648437,-2.650634765625,7.E-02),(-46.82758789062,
      -3.143701171875,7.E-02),(-46.27329101562,-2.457275390625,5.E-02),(
      -46.27329101562,-2.650634765625,5.E-02),(-46.27329101562,
      -2.650634765625,5.E-02),(-46.65034179687,-2.650634765625,5.E-02),(
      -46.65034179687,-2.650634765625,5.E-02),(-46.65034179687,
      -3.333837890625,5.E-02),(-46.65034179687,-3.333837890625,5.E-02),(
      -46.82758789062,-3.333837890625,5.E-02),(-46.82758789062,
      -3.333837890625,5.E-02),(-47.84809570312,-2.615185546875,5.E-02),(
      -47.84809570312,-2.615185546875,5.E-02),(-47.84809570312,
      -2.457275390625,5.E-02),(-47.84809570312,-2.457275390625,5.E-02),(
      -46.82758789062,-2.457275390625,5.E-02),(-46.82758789062,
      -2.457275390625,5.E-02),(-46.82758789062,-2.244580078125,5.E-02),(
      -46.82758789062,-2.244580078125,5.E-02),(-46.65034179687,
      -2.244580078125,5.E-02),(-46.65034179687,-2.244580078125,5.E-02),(
      -46.65034179687,-2.457275390625,5.E-02),(-46.65034179687,
      -2.457275390625,5.E-02),(-46.27329101562,-2.457275390625,5.E-02),(
      -46.82758789062,-3.143701171875,5.E-02),(-46.82758789062,
      -2.650634765625,5.E-02),(-46.82758789062,-2.650634765625,5.E-02),(
      -47.53764648437,-2.650634765625,5.E-02),(-47.53764648437,
      -2.650634765625,5.E-02),(-46.82758789062,-3.143701171875,5.E-02),(
      -46.27329101562,-2.457275390625,7.E-02),(-46.27329101562,
      -2.650634765625,7.E-02),(-46.27329101562,-2.650634765625,7.E-02),(
      -46.65034179687,-2.650634765625,7.E-02),(-46.65034179687,
      -2.650634765625,7.E-02),(-46.65034179687,-3.333837890625,7.E-02),(
      -46.65034179687,-3.333837890625,7.E-02),(-46.82758789062,
      -3.333837890625,7.E-02),(-46.82758789062,-3.333837890625,7.E-02),(
      -47.84809570312,-2.615185546875,7.E-02),(-47.84809570312,
      -2.615185546875,7.E-02),(-47.84809570312,-2.457275390625,7.E-02),(
      -47.84809570312,-2.457275390625,7.E-02),(-46.82758789062,
      -2.457275390625,7.E-02),(-46.82758789062,-2.457275390625,7.E-02),(
      -46.82758789062,-2.244580078125,7.E-02),(-46.82758789062,
      -2.244580078125,7.E-02),(-46.65034179687,-2.244580078125,7.E-02),(
      -46.65034179687,-2.244580078125,7.E-02),(-46.65034179687,
      -2.457275390625,7.E-02),(-46.65034179687,-2.457275390625,7.E-02),(
      -46.27329101562,-2.457275390625,7.E-02),(-46.82758789062,
      -3.143701171875,7.E-02),(-46.82758789062,-2.650634765625,7.E-02),(
      -46.82758789062,-2.650634765625,7.E-02),(-47.53764648437,
      -2.650634765625,7.E-02),(-47.53764648437,-2.650634765625,7.E-02),(
      -46.82758789062,-3.143701171875,7.E-02),(-47.46245117187,
      -1.043603515625,5.E-02),(-47.46245117187,-1.043603515625,7.E-02),(
      -47.44741210937,-1.235888671875,5.E-02),(-47.44741210937,
      -1.235888671875,7.E-02),(-47.46245117187,-1.043603515625,5.E-02),(
      -47.44741210937,-1.235888671875,5.E-02),(-47.46245117187,
      -1.043603515625,7.E-02),(-47.44741210937,-1.235888671875,7.E-02),(
      -47.44741210937,-1.235888671875,5.E-02),(-47.44741210937,
      -1.235888671875,7.E-02),(-47.61284179687,-1.308935546875,5.E-02),(
      -47.61284179687,-1.308935546875,7.E-02),(-47.44741210937,
      -1.235888671875,5.E-02),(-47.56127929687,-1.261669921875,5.E-02),(
      -47.61284179687,-1.308935546875,5.E-02),(-47.44741210937,
      -1.235888671875,7.E-02),(-47.56127929687,-1.261669921875,7.E-02),(
      -47.61284179687,-1.308935546875,7.E-02),(-47.61284179687,
      -1.308935546875,5.E-02),(-47.61284179687,-1.308935546875,7.E-02),(
      -47.69555664062,-1.502294921875,5.E-02),(-47.69555664062,
      -1.502294921875,7.E-02),(-47.61284179687,-1.308935546875,5.E-02),(
      -47.69555664062,-1.387353515625,5.E-02),(-47.69555664062,
      -1.502294921875,5.E-02),(-47.61284179687,-1.308935546875,7.E-02),(
      -47.69555664062,-1.387353515625,7.E-02),(-47.69555664062,
      -1.502294921875,7.E-02),(-47.69555664062,-1.502294921875,5.E-02),(
      -47.69555664062,-1.502294921875,7.E-02),(-47.64399414062,
      -1.664501953125,5.E-02),(-47.64399414062,-1.664501953125,7.E-02),(
      -47.69555664062,-1.502294921875,5.E-02),(-47.69555664062,
      -1.594677734375,5.E-02),(-47.64399414062,-1.664501953125,5.E-02),(
      -47.69555664062,-1.502294921875,7.E-02),(-47.69555664062,
      -1.594677734375,7.E-02),(-47.64399414062,-1.664501953125,7.E-02),(
      -47.64399414062,-1.664501953125,5.E-02),(-47.64399414062,
      -1.664501953125,7.E-02),(-47.44956054687,-1.808447265625,5.E-02),(
      -47.44956054687,-1.808447265625,7.E-02),(-47.64399414062,
      -1.664501953125,5.E-02),(-47.57739257812,-1.755810546875,5.E-02),(
      -47.44956054687,-1.808447265625,5.E-02),(-47.64399414062,
      -1.664501953125,7.E-02),(-47.57739257812,-1.755810546875,7.E-02),(
      -47.44956054687,-1.808447265625,7.E-02),(-47.44956054687,
      -1.808447265625,5.E-02),(-47.44956054687,-1.808447265625,7.E-02),(
      -47.08540039062,-1.863232421875,5.E-02),(-47.08540039062,
      -1.863232421875,7.E-02),(-47.44956054687,-1.808447265625,5.E-02),(
      -47.32172851562,-1.861083984375,5.E-02),(-47.08540039062,
      -1.863232421875,5.E-02),(-47.44956054687,-1.808447265625,7.E-02),(
      -47.32172851562,-1.861083984375,7.E-02),(-47.08540039062,
      -1.863232421875,7.E-02),(-47.08540039062,-1.863232421875,5.E-02),(
      -47.08540039062,-1.863232421875,7.E-02),(-47.24331054687,
      -1.692431640625,5.E-02),(-47.24331054687,-1.692431640625,7.E-02),(
      -47.08540039062,-1.863232421875,5.E-02),(-47.19174804687,
      -1.793408203125,5.E-02),(-47.24331054687,-1.692431640625,5.E-02),(
      -47.08540039062,-1.863232421875,7.E-02),(-47.19174804687,
      -1.793408203125,7.E-02),(-47.24331054687,-1.692431640625,7.E-02),(
      -47.24331054687,-1.692431640625,5.E-02),(-47.24331054687,
      -1.692431640625,7.E-02),(-47.29487304687,-1.480810546875,5.E-02),(
      -47.29487304687,-1.480810546875,7.E-02),(-47.24331054687,
      -1.692431640625,5.E-02),(-47.29487304687,-1.591455078125,5.E-02),(
      -47.29487304687,-1.480810546875,5.E-02),(-47.24331054687,
      -1.692431640625,7.E-02),(-47.29487304687,-1.591455078125,7.E-02),(
      -47.29487304687,-1.480810546875,7.E-02),(-47.29487304687,
      -1.480810546875,5.E-02),(-47.29487304687,-1.480810546875,7.E-02),(
      -47.1525390625,-1.1515625,5.E-02),(-47.1525390625,-1.1515625,
      7.E-02),(-47.29487304687,-1.480810546875,5.E-02),(-47.29487304687,
      -1.287451171875,5.E-02),(-47.1525390625,-1.1515625,5.E-02),(
      -47.29487304687,-1.480810546875,7.E-02),(-47.29487304687,
      -1.287451171875,7.E-02),(-47.1525390625,-1.1515625,7.E-02),(
      -47.1525390625,-1.1515625,5.E-02),(-47.1525390625,-1.1515625,
      7.E-02),(-46.78461914062,-1.015673828125,5.E-02),(-46.78461914062,
      -1.015673828125,7.E-02),(-47.1525390625,-1.1515625,5.E-02),(
      -47.01020507812,-1.015673828125,5.E-02),(-46.78461914062,
      -1.015673828125,5.E-02),(-47.1525390625,-1.1515625,7.E-02),(
      -47.01020507812,-1.015673828125,7.E-02),(-46.78461914062,
      -1.015673828125,7.E-02),(-46.78461914062,-1.015673828125,5.E-02),(
      -46.78461914062,-1.015673828125,7.E-02),(-46.50908203125,
      -1.07958984375,5.E-02),(-46.50908203125,-1.07958984375,7.E-02),(
      -46.78461914062,-1.015673828125,5.E-02),(-46.63637695312,
      -1.015673828125,5.E-02),(-46.50908203125,-1.07958984375,5.E-02),(
      -46.78461914062,-1.015673828125,7.E-02),(-46.63637695312,
      -1.015673828125,7.E-02),(-46.50908203125,-1.07958984375,7.E-02),(
      -46.50908203125,-1.07958984375,5.E-02),(-46.50908203125,
      -1.07958984375,7.E-02),(-46.31411132812,-1.255224609375,5.E-02),(
      -46.31411132812,-1.255224609375,7.E-02),(-46.50908203125,
      -1.07958984375,5.E-02),(-46.38178710937,-1.143505859375,5.E-02),(
      -46.31411132812,-1.255224609375,5.E-02),(-46.50908203125,
      -1.07958984375,7.E-02),(-46.38178710937,-1.143505859375,7.E-02),(
      -46.31411132812,-1.255224609375,7.E-02),(-46.31411132812,
      -1.255224609375,5.E-02),(-46.31411132812,-1.255224609375,7.E-02),(
      -46.24643554687,-1.508740234375,5.E-02),(-46.24643554687,
      -1.508740234375,7.E-02),(-46.31411132812,-1.255224609375,5.E-02),(
      -46.24643554687,-1.366943359375,5.E-02),(-46.24643554687,
      -1.508740234375,5.E-02),(-46.31411132812,-1.255224609375,7.E-02),(
      -46.24643554687,-1.366943359375,7.E-02),(-46.24643554687,
      -1.508740234375,7.E-02),(-46.24643554687,-1.508740234375,5.E-02),(
      -46.24643554687,-1.508740234375,7.E-02),(-46.42421875,
      -1.902978515625,5.E-02),(-46.42421875,-1.902978515625,7.E-02),(
      -46.24643554687,-1.508740234375,5.E-02),(-46.24643554687,
      -1.750439453125,5.E-02),(-46.42421875,-1.902978515625,5.E-02),(
      -46.24643554687,-1.508740234375,7.E-02),(-46.24643554687,
      -1.750439453125,7.E-02),(-46.42421875,-1.902978515625,7.E-02),(
      -46.42421875,-1.902978515625,5.E-02),(-46.42421875,-1.902978515625
      ,7.E-02),(-47.01020507812,-2.055517578125,5.E-02),(-47.01020507812
      ,-2.055517578125,7.E-02),(-46.42421875,-1.902978515625,5.E-02),(
      -46.60200195312,-2.055517578125,5.E-02),(-47.01020507812,
      -2.055517578125,5.E-02),(-46.42421875,-1.902978515625,7.E-02),(
      -46.60200195312,-2.055517578125,7.E-02),(-47.01020507812,
      -2.055517578125,7.E-02),(-47.01020507812,-2.055517578125,5.E-02),(
      -47.01020507812,-2.055517578125,7.E-02),(-47.67407226562,
      -1.886865234375,5.E-02),(-47.67407226562,-1.886865234375,7.E-02),(
      -47.01020507812,-2.055517578125,5.E-02),(-47.46674804687,
      -2.055517578125,5.E-02),(-47.67407226562,-1.886865234375,5.E-02),(
      -47.01020507812,-2.055517578125,7.E-02),(-47.46674804687,
      -2.055517578125,7.E-02),(-47.67407226562,-1.886865234375,7.E-02),(
      -47.67407226562,-1.886865234375,5.E-02),(-47.67407226562,
      -1.886865234375,7.E-02),(-47.85454101562,-1.490478515625,5.E-02),(
      -47.85454101562,-1.490478515625,7.E-02),(-47.67407226562,
      -1.886865234375,5.E-02),(-47.85454101562,-1.739697265625,5.E-02),(
      -47.85454101562,-1.490478515625,5.E-02),(-47.67407226562,
      -1.886865234375,7.E-02),(-47.85454101562,-1.739697265625,7.E-02),(
      -47.85454101562,-1.490478515625,7.E-02),(-47.85454101562,
      -1.490478515625,5.E-02),(-47.85454101562,-1.490478515625,7.E-02),(
      -47.75034179687,-1.1859375,5.E-02),(-47.75034179687,-1.1859375,
      7.E-02),(-47.85454101562,-1.490478515625,5.E-02),(-47.85454101562,
      -1.304638671875,5.E-02),(-47.75034179687,-1.1859375,5.E-02),(
      -47.85454101562,-1.490478515625,7.E-02),(-47.85454101562,
      -1.304638671875,7.E-02),(-47.75034179687,-1.1859375,7.E-02),(
      -47.75034179687,-1.1859375,5.E-02),(-47.75034179687,-1.1859375,
      7.E-02),(-47.46245117187,-1.043603515625,5.E-02),(-47.46245117187,
      -1.043603515625,7.E-02),(-47.75034179687,-1.1859375,5.E-02),(
      -47.64614257812,-1.067236328125,5.E-02),(-47.46245117187,
      -1.043603515625,5.E-02),(-47.75034179687,-1.1859375,7.E-02),(
      -47.64614257812,-1.067236328125,7.E-02),(-47.46245117187,
      -1.043603515625,7.E-02),(-46.78354492187,-1.833154296875,5.E-02),(
      -46.78354492187,-1.833154296875,7.E-02),(-46.59233398437,
      -1.79072265625,5.E-02),(-46.59233398437,-1.79072265625,7.E-02),(
      -46.78354492187,-1.833154296875,5.E-02),(-46.68364257812,
      -1.833154296875,5.E-02),(-46.59233398437,-1.79072265625,5.E-02),(
      -46.78354492187,-1.833154296875,7.E-02),(-46.68364257812,
      -1.833154296875,7.E-02),(-46.59233398437,-1.79072265625,7.E-02),(
      -46.59233398437,-1.79072265625,5.E-02),(-46.59233398437,
      -1.79072265625,7.E-02),(-46.45322265625,-1.672021484375,5.E-02),(
      -46.45322265625,-1.672021484375,7.E-02),(-46.59233398437,
      -1.79072265625,5.E-02),(-46.50102539062,-1.748291015625,5.E-02),(
      -46.45322265625,-1.672021484375,5.E-02),(-46.59233398437,
      -1.79072265625,7.E-02),(-46.50102539062,-1.748291015625,7.E-02),(
      -46.45322265625,-1.672021484375,7.E-02),(-46.45322265625,
      -1.672021484375,5.E-02),(-46.45322265625,-1.672021484375,7.E-02),(
      -46.40541992187,-1.511962890625,5.E-02),(-46.40541992187,
      -1.511962890625,7.E-02),(-46.45322265625,-1.672021484375,5.E-02),(
      -46.40541992187,-1.595751953125,5.E-02),(-46.40541992187,
      -1.511962890625,5.E-02),(-46.45322265625,-1.672021484375,7.E-02),(
      -46.40541992187,-1.595751953125,7.E-02),(-46.40541992187,
      -1.511962890625,7.E-02),(-46.40541992187,-1.511962890625,5.E-02),(
      -46.40541992187,-1.511962890625,7.E-02),(-46.50424804687,
      -1.301416015625,5.E-02),(-46.50424804687,-1.301416015625,7.E-02),(
      -46.40541992187,-1.511962890625,5.E-02),(-46.40541992187,
      -1.389501953125,5.E-02),(-46.50424804687,-1.301416015625,5.E-02),(
      -46.40541992187,-1.511962890625,7.E-02),(-46.40541992187,
      -1.389501953125,7.E-02),(-46.50424804687,-1.301416015625,7.E-02),(
      -46.50424804687,-1.301416015625,5.E-02),(-46.50424804687,
      -1.301416015625,7.E-02),(-46.77280273437,-1.213330078125,5.E-02),(
      -46.77280273437,-1.213330078125,7.E-02),(-46.50424804687,
      -1.301416015625,5.E-02),(-46.60307617187,-1.213330078125,5.E-02),(
      -46.77280273437,-1.213330078125,5.E-02),(-46.50424804687,
      -1.301416015625,7.E-02),(-46.60307617187,-1.213330078125,7.E-02),(
      -46.77280273437,-1.213330078125,7.E-02),(-46.77280273437,
      -1.213330078125,5.E-02),(-46.77280273437,-1.213330078125,7.E-02),(
      -47.030078125,-1.300341796875,5.E-02),(-47.030078125,
      -1.300341796875,7.E-02),(-46.77280273437,-1.213330078125,5.E-02),(
      -46.93608398437,-1.213330078125,5.E-02),(-47.030078125,
      -1.300341796875,5.E-02),(-46.77280273437,-1.213330078125,7.E-02),(
      -46.93608398437,-1.213330078125,7.E-02),(-47.030078125,
      -1.300341796875,7.E-02),(-47.030078125,-1.300341796875,5.E-02),(
      -47.030078125,-1.300341796875,7.E-02),(-47.12407226562,
      -1.519482421875,5.E-02),(-47.12407226562,-1.519482421875,7.E-02),(
      -47.030078125,-1.300341796875,5.E-02),(-47.12407226562,
      -1.387353515625,5.E-02),(-47.12407226562,-1.519482421875,5.E-02),(
      -47.030078125,-1.300341796875,7.E-02),(-47.12407226562,
      -1.387353515625,7.E-02),(-47.12407226562,-1.519482421875,7.E-02),(
      -47.12407226562,-1.519482421875,5.E-02),(-47.12407226562,
      -1.519482421875,7.E-02),(-47.030078125,-1.741845703125,5.E-02),(
      -47.030078125,-1.741845703125,7.E-02),(-47.12407226562,
      -1.519482421875,5.E-02),(-47.12407226562,-1.650537109375,5.E-02),(
      -47.030078125,-1.741845703125,5.E-02),(-47.12407226562,
      -1.519482421875,7.E-02),(-47.12407226562,-1.650537109375,7.E-02),(
      -47.030078125,-1.741845703125,7.E-02),(-47.030078125,
      -1.741845703125,5.E-02),(-47.030078125,-1.741845703125,7.E-02),(
      -46.78354492187,-1.833154296875,5.E-02),(-46.78354492187,
      -1.833154296875,7.E-02),(-47.030078125,-1.741845703125,5.E-02),(
      -46.93608398437,-1.833154296875,5.E-02),(-46.78354492187,
      -1.833154296875,5.E-02),(-47.030078125,-1.741845703125,7.E-02),(
      -46.93608398437,-1.833154296875,7.E-02),(-46.78354492187,
      -1.833154296875,7.E-02),(-47.46245117187,-1.043603515625,5.E-02),(
      -47.44741210937,-1.235888671875,5.E-02),(-47.44741210937,
      -1.235888671875,5.E-02),(-47.56127929687,-1.261669921875,5.E-02),(
      -47.61284179687,-1.308935546875,5.E-02),(-47.61284179687,
      -1.308935546875,5.E-02),(-47.69555664062,-1.387353515625,5.E-02),(
      -47.69555664062,-1.502294921875,5.E-02),(-47.69555664062,
      -1.502294921875,5.E-02),(-47.69555664062,-1.594677734375,5.E-02),(
      -47.64399414062,-1.664501953125,5.E-02),(-47.64399414062,
      -1.664501953125,5.E-02),(-47.57739257812,-1.755810546875,5.E-02),(
      -47.44956054687,-1.808447265625,5.E-02),(-47.44956054687,
      -1.808447265625,5.E-02),(-47.32172851562,-1.861083984375,5.E-02),(
      -47.08540039062,-1.863232421875,5.E-02),(-47.08540039062,
      -1.863232421875,5.E-02),(-47.19174804687,-1.793408203125,5.E-02),(
      -47.24331054687,-1.692431640625,5.E-02),(-47.24331054687,
      -1.692431640625,5.E-02),(-47.29487304687,-1.591455078125,5.E-02),(
      -47.29487304687,-1.480810546875,5.E-02),(-47.29487304687,
      -1.480810546875,5.E-02),(-47.29487304687,-1.287451171875,5.E-02),(
      -47.1525390625,-1.1515625,5.E-02),(-47.1525390625,-1.1515625,
      5.E-02),(-47.01020507812,-1.015673828125,5.E-02),(-46.78461914062,
      -1.015673828125,5.E-02),(-46.78461914062,-1.015673828125,5.E-02),(
      -46.63637695312,-1.015673828125,5.E-02),(-46.50908203125,
      -1.07958984375,5.E-02),(-46.50908203125,-1.07958984375,5.E-02),(
      -46.38178710937,-1.143505859375,5.E-02),(-46.31411132812,
      -1.255224609375,5.E-02),(-46.31411132812,-1.255224609375,5.E-02),(
      -46.24643554687,-1.366943359375,5.E-02),(-46.24643554687,
      -1.508740234375,5.E-02),(-46.24643554687,-1.508740234375,5.E-02),(
      -46.24643554687,-1.750439453125,5.E-02),(-46.42421875,
      -1.902978515625,5.E-02),(-46.42421875,-1.902978515625,5.E-02),(
      -46.60200195312,-2.055517578125,5.E-02),(-47.01020507812,
      -2.055517578125,5.E-02),(-47.01020507812,-2.055517578125,5.E-02),(
      -47.46674804687,-2.055517578125,5.E-02),(-47.67407226562,
      -1.886865234375,5.E-02),(-47.67407226562,-1.886865234375,5.E-02),(
      -47.85454101562,-1.739697265625,5.E-02),(-47.85454101562,
      -1.490478515625,5.E-02),(-47.85454101562,-1.490478515625,5.E-02),(
      -47.85454101562,-1.304638671875,5.E-02),(-47.75034179687,
      -1.1859375,5.E-02),(-47.75034179687,-1.1859375,5.E-02),(
      -47.64614257812,-1.067236328125,5.E-02),(-47.46245117187,
      -1.043603515625,5.E-02),(-46.78354492187,-1.833154296875,5.E-02),(
      -46.68364257812,-1.833154296875,5.E-02),(-46.59233398437,
      -1.79072265625,5.E-02),(-46.59233398437,-1.79072265625,5.E-02),(
      -46.50102539062,-1.748291015625,5.E-02),(-46.45322265625,
      -1.672021484375,5.E-02),(-46.45322265625,-1.672021484375,5.E-02),(
      -46.40541992187,-1.595751953125,5.E-02),(-46.40541992187,
      -1.511962890625,5.E-02),(-46.40541992187,-1.511962890625,5.E-02),(
      -46.40541992187,-1.389501953125,5.E-02),(-46.50424804687,
      -1.301416015625,5.E-02),(-46.50424804687,-1.301416015625,5.E-02),(
      -46.60307617187,-1.213330078125,5.E-02),(-46.77280273437,
      -1.213330078125,5.E-02),(-46.77280273437,-1.213330078125,5.E-02),(
      -46.93608398437,-1.213330078125,5.E-02),(-47.030078125,
      -1.300341796875,5.E-02),(-47.030078125,-1.300341796875,5.E-02),(
      -47.12407226562,-1.387353515625,5.E-02),(-47.12407226562,
      -1.519482421875,5.E-02),(-47.12407226562,-1.519482421875,5.E-02),(
      -47.12407226562,-1.650537109375,5.E-02),(-47.030078125,
      -1.741845703125,5.E-02),(-47.030078125,-1.741845703125,5.E-02),(
      -46.93608398437,-1.833154296875,5.E-02),(-46.78354492187,
      -1.833154296875,5.E-02),(-47.46245117187,-1.043603515625,7.E-02),(
      -47.44741210937,-1.235888671875,7.E-02),(-47.44741210937,
      -1.235888671875,7.E-02),(-47.56127929687,-1.261669921875,7.E-02),(
      -47.61284179687,-1.308935546875,7.E-02),(-47.61284179687,
      -1.308935546875,7.E-02),(-47.69555664062,-1.387353515625,7.E-02),(
      -47.69555664062,-1.502294921875,7.E-02),(-47.69555664062,
      -1.502294921875,7.E-02),(-47.69555664062,-1.594677734375,7.E-02),(
      -47.64399414062,-1.664501953125,7.E-02),(-47.64399414062,
      -1.664501953125,7.E-02),(-47.57739257812,-1.755810546875,7.E-02),(
      -47.44956054687,-1.808447265625,7.E-02),(-47.44956054687,
      -1.808447265625,7.E-02),(-47.32172851562,-1.861083984375,7.E-02),(
      -47.08540039062,-1.863232421875,7.E-02),(-47.08540039062,
      -1.863232421875,7.E-02),(-47.19174804687,-1.793408203125,7.E-02),(
      -47.24331054687,-1.692431640625,7.E-02),(-47.24331054687,
      -1.692431640625,7.E-02),(-47.29487304687,-1.591455078125,7.E-02),(
      -47.29487304687,-1.480810546875,7.E-02),(-47.29487304687,
      -1.480810546875,7.E-02),(-47.29487304687,-1.287451171875,7.E-02),(
      -47.1525390625,-1.1515625,7.E-02),(-47.1525390625,-1.1515625,
      7.E-02),(-47.01020507812,-1.015673828125,7.E-02),(-46.78461914062,
      -1.015673828125,7.E-02),(-46.78461914062,-1.015673828125,7.E-02),(
      -46.63637695312,-1.015673828125,7.E-02),(-46.50908203125,
      -1.07958984375,7.E-02),(-46.50908203125,-1.07958984375,7.E-02),(
      -46.38178710937,-1.143505859375,7.E-02),(-46.31411132812,
      -1.255224609375,7.E-02),(-46.31411132812,-1.255224609375,7.E-02),(
      -46.24643554687,-1.366943359375,7.E-02),(-46.24643554687,
      -1.508740234375,7.E-02),(-46.24643554687,-1.508740234375,7.E-02),(
      -46.24643554687,-1.750439453125,7.E-02),(-46.42421875,
      -1.902978515625,7.E-02),(-46.42421875,-1.902978515625,7.E-02),(
      -46.60200195312,-2.055517578125,7.E-02),(-47.01020507812,
      -2.055517578125,7.E-02),(-47.01020507812,-2.055517578125,7.E-02),(
      -47.46674804687,-2.055517578125,7.E-02),(-47.67407226562,
      -1.886865234375,7.E-02),(-47.67407226562,-1.886865234375,7.E-02),(
      -47.85454101562,-1.739697265625,7.E-02),(-47.85454101562,
      -1.490478515625,7.E-02),(-47.85454101562,-1.490478515625,7.E-02),(
      -47.85454101562,-1.304638671875,7.E-02),(-47.75034179687,
      -1.1859375,7.E-02),(-47.75034179687,-1.1859375,7.E-02),(
      -47.64614257812,-1.067236328125,7.E-02),(-47.46245117187,
      -1.043603515625,7.E-02),(-46.78354492187,-1.833154296875,7.E-02),(
      -46.68364257812,-1.833154296875,7.E-02),(-46.59233398437,
      -1.79072265625,7.E-02),(-46.59233398437,-1.79072265625,7.E-02),(
      -46.50102539062,-1.748291015625,7.E-02),(-46.45322265625,
      -1.672021484375,7.E-02),(-46.45322265625,-1.672021484375,7.E-02),(
      -46.40541992187,-1.595751953125,7.E-02),(-46.40541992187,
      -1.511962890625,7.E-02),(-46.40541992187,-1.511962890625,7.E-02),(
      -46.40541992187,-1.389501953125,7.E-02),(-46.50424804687,
      -1.301416015625,7.E-02),(-46.50424804687,-1.301416015625,7.E-02),(
      -46.60307617187,-1.213330078125,7.E-02),(-46.77280273437,
      -1.213330078125,7.E-02),(-46.77280273437,-1.213330078125,7.E-02),(
      -46.93608398437,-1.213330078125,7.E-02),(-47.030078125,
      -1.300341796875,7.E-02),(-47.030078125,-1.300341796875,7.E-02),(
      -47.12407226562,-1.387353515625,7.E-02),(-47.12407226562,
      -1.519482421875,7.E-02),(-47.12407226562,-1.519482421875,7.E-02),(
      -47.12407226562,-1.650537109375,7.E-02),(-47.030078125,
      -1.741845703125,7.E-02),(-47.030078125,-1.741845703125,7.E-02),(
      -46.93608398437,-1.833154296875,7.E-02),(-46.78354492187,
      -1.833154296875,7.E-02),(-46.27329101562,3.4912109375E-02,5.E-02),
    (-46.27329101562,3.4912109375E-02,7.E-02),(-46.27329101562,
      -0.158447265625,5.E-02),(-46.27329101562,-0.158447265625,7.E-02),(
      -46.27329101562,3.4912109375E-02,5.E-02),(-46.27329101562,
      -0.158447265625,5.E-02),(-46.27329101562,3.4912109375E-02,7.E-02),
    (-46.27329101562,-0.158447265625,7.E-02),(-46.27329101562,
      -0.158447265625,5.E-02),(-46.27329101562,-0.158447265625,7.E-02),(
      -47.41411132812,-0.158447265625,5.E-02),(-47.41411132812,
      -0.158447265625,7.E-02),(-46.27329101562,-0.158447265625,5.E-02),(
      -47.41411132812,-0.158447265625,5.E-02),(-46.27329101562,
      -0.158447265625,7.E-02),(-47.41411132812,-0.158447265625,7.E-02),(
      -47.41411132812,-0.158447265625,5.E-02),(-47.41411132812,
      -0.158447265625,7.E-02),(-47.41411132812,1.4501953125E-02,5.E-02),
    (-47.41411132812,1.4501953125E-02,7.E-02),(-47.41411132812,
      -0.158447265625,5.E-02),(-47.41411132812,1.4501953125E-02,5.E-02),
    (-47.41411132812,-0.158447265625,7.E-02),(-47.41411132812,
      1.4501953125E-02,7.E-02),(-47.41411132812,1.4501953125E-02,5.E-02)
    ,(-47.41411132812,1.4501953125E-02,7.E-02),(-47.25405273437,
      1.4501953125E-02,5.E-02),(-47.25405273437,1.4501953125E-02,7.E-02)
    ,(-47.41411132812,1.4501953125E-02,5.E-02),(-47.25405273437,
      1.4501953125E-02,5.E-02),(-47.41411132812,1.4501953125E-02,7.E-02)
    ,(-47.25405273437,1.4501953125E-02,7.E-02),(-47.25405273437,
      1.4501953125E-02,5.E-02),(-47.25405273437,1.4501953125E-02,7.E-02)
    ,(-47.3888671875,0.157373046875,5.E-02),(-47.3888671875,
      0.157373046875,7.E-02),(-47.25405273437,1.4501953125E-02,5.E-02),(
      -47.33784179687,6.8212890625E-02,5.E-02),(-47.3888671875,
      0.157373046875,5.E-02),(-47.25405273437,1.4501953125E-02,7.E-02),(
      -47.33784179687,6.8212890625E-02,7.E-02),(-47.3888671875,
      0.157373046875,7.E-02),(-47.3888671875,0.157373046875,5.E-02),(
      -47.3888671875,0.157373046875,7.E-02),(-47.43989257812,
      0.360400390625,5.E-02),(-47.43989257812,0.360400390625,7.E-02),(
      -47.3888671875,0.157373046875,5.E-02),(-47.43989257812,
      0.246533203125,5.E-02),(-47.43989257812,0.360400390625,5.E-02),(
      -47.3888671875,0.157373046875,7.E-02),(-47.43989257812,
      0.246533203125,7.E-02),(-47.43989257812,0.360400390625,7.E-02),(
      -47.43989257812,0.360400390625,5.E-02),(-47.43989257812,
      0.360400390625,7.E-02),(-47.38725585937,0.56826171875,5.E-02),(
      -47.38725585937,0.56826171875,7.E-02),(-47.43989257812,
      0.360400390625,5.E-02),(-47.43989257812,0.487158203125,5.E-02),(
      -47.38725585937,0.56826171875,5.E-02),(-47.43989257812,
      0.360400390625,7.E-02),(-47.43989257812,0.487158203125,7.E-02),(
      -47.38725585937,0.56826171875,7.E-02),(-47.38725585937,
      0.56826171875,5.E-02),(-47.38725585937,0.56826171875,7.E-02),(
      -47.24008789062,0.682666015625,5.E-02),(-47.24008789062,
      0.682666015625,7.E-02),(-47.38725585937,0.56826171875,5.E-02),(
      -47.33461914062,0.649365234375,5.E-02),(-47.24008789062,
      0.682666015625,5.E-02),(-47.38725585937,0.56826171875,7.E-02),(
      -47.33461914062,0.649365234375,7.E-02),(-47.24008789062,
      0.682666015625,7.E-02),(-47.24008789062,0.682666015625,5.E-02),(
      -47.24008789062,0.682666015625,7.E-02),(-47.43989257812,
      1.035009765625,5.E-02),(-47.43989257812,1.035009765625,7.E-02),(
      -47.24008789062,0.682666015625,5.E-02),(-47.43989257812,
      0.818017578125,5.E-02),(-47.43989257812,1.035009765625,5.E-02),(
      -47.24008789062,0.682666015625,7.E-02),(-47.43989257812,
      0.818017578125,7.E-02),(-47.43989257812,1.035009765625,7.E-02),(
      -47.43989257812,1.035009765625,5.E-02),(-47.43989257812,
      1.035009765625,7.E-02),(-47.3458984375,1.296044921875,5.E-02),(
      -47.3458984375,1.296044921875,7.E-02),(-47.43989257812,
      1.035009765625,5.E-02),(-47.43989257812,1.204736328125,5.E-02),(
      -47.3458984375,1.296044921875,5.E-02),(-47.43989257812,
      1.035009765625,7.E-02),(-47.43989257812,1.204736328125,7.E-02),(
      -47.3458984375,1.296044921875,7.E-02),(-47.3458984375,
      1.296044921875,5.E-02),(-47.3458984375,1.296044921875,7.E-02),(
      -47.05639648437,1.387353515625,5.E-02),(-47.05639648437,
      1.387353515625,7.E-02),(-47.3458984375,1.296044921875,5.E-02),(
      -47.25190429687,1.387353515625,5.E-02),(-47.05639648437,
      1.387353515625,5.E-02),(-47.3458984375,1.296044921875,7.E-02),(
      -47.25190429687,1.387353515625,7.E-02),(-47.05639648437,
      1.387353515625,7.E-02),(-47.05639648437,1.387353515625,5.E-02),(
      -47.05639648437,1.387353515625,7.E-02),(-46.27329101562,
      1.387353515625,5.E-02),(-46.27329101562,1.387353515625,7.E-02),(
      -47.05639648437,1.387353515625,5.E-02),(-46.27329101562,
      1.387353515625,5.E-02),(-47.05639648437,1.387353515625,7.E-02),(
      -46.27329101562,1.387353515625,7.E-02),(-46.27329101562,
      1.387353515625,5.E-02),(-46.27329101562,1.387353515625,7.E-02),(
      -46.27329101562,1.195068359375,5.E-02),(-46.27329101562,
      1.195068359375,7.E-02),(-46.27329101562,1.387353515625,5.E-02),(
      -46.27329101562,1.195068359375,5.E-02),(-46.27329101562,
      1.387353515625,7.E-02),(-46.27329101562,1.195068359375,7.E-02),(
      -46.27329101562,1.195068359375,5.E-02),(-46.27329101562,
      1.195068359375,7.E-02),(-46.99194335937,1.195068359375,5.E-02),(
      -46.99194335937,1.195068359375,7.E-02),(-46.27329101562,
      1.195068359375,5.E-02),(-46.99194335937,1.195068359375,5.E-02),(
      -46.27329101562,1.195068359375,7.E-02),(-46.99194335937,
      1.195068359375,7.E-02),(-46.99194335937,1.195068359375,5.E-02),(
      -46.99194335937,1.195068359375,7.E-02),(-47.158984375,
      1.17626953125,5.E-02),(-47.158984375,1.17626953125,7.E-02),(
      -46.99194335937,1.195068359375,5.E-02),(-47.10795898437,
      1.195068359375,5.E-02),(-47.158984375,1.17626953125,5.E-02),(
      -46.99194335937,1.195068359375,7.E-02),(-47.10795898437,
      1.195068359375,7.E-02),(-47.158984375,1.17626953125,7.E-02),(
      -47.158984375,1.17626953125,5.E-02),(-47.158984375,1.17626953125,
      7.E-02),(-47.24116210937,1.108056640625,5.E-02),(-47.24116210937,
      1.108056640625,7.E-02),(-47.158984375,1.17626953125,5.E-02),(
      -47.21000976562,1.157470703125,5.E-02),(-47.24116210937,
      1.108056640625,5.E-02),(-47.158984375,1.17626953125,7.E-02),(
      -47.21000976562,1.157470703125,7.E-02),(-47.24116210937,
      1.108056640625,7.E-02),(-47.24116210937,1.108056640625,5.E-02),(
      -47.24116210937,1.108056640625,7.E-02),(-47.27231445312,
      0.992041015625,5.E-02),(-47.27231445312,0.992041015625,7.E-02),(
      -47.24116210937,1.108056640625,5.E-02),(-47.27231445312,
      1.058642578125,5.E-02),(-47.27231445312,0.992041015625,5.E-02),(
      -47.24116210937,1.108056640625,7.E-02),(-47.27231445312,
      1.058642578125,7.E-02),(-47.27231445312,0.992041015625,7.E-02),(
      -47.27231445312,0.992041015625,5.E-02),(-47.27231445312,
      0.992041015625,7.E-02),(-47.19228515625,0.792236328125,5.E-02),(
      -47.19228515625,0.792236328125,7.E-02),(-47.27231445312,
      0.992041015625,5.E-02),(-47.27231445312,0.871728515625,5.E-02),(
      -47.19228515625,0.792236328125,5.E-02),(-47.27231445312,
      0.992041015625,7.E-02),(-47.27231445312,0.871728515625,7.E-02),(
      -47.19228515625,0.792236328125,7.E-02),(-47.19228515625,
      0.792236328125,5.E-02),(-47.19228515625,0.792236328125,7.E-02),(
      -46.93608398437,0.712744140625,5.E-02),(-46.93608398437,
      0.712744140625,7.E-02),(-47.19228515625,0.792236328125,5.E-02),(
      -47.11225585937,0.712744140625,5.E-02),(-46.93608398437,
      0.712744140625,5.E-02),(-47.19228515625,0.792236328125,7.E-02),(
      -47.11225585937,0.712744140625,7.E-02),(-46.93608398437,
      0.712744140625,7.E-02),(-46.93608398437,0.712744140625,5.E-02),(
      -46.93608398437,0.712744140625,7.E-02),(-46.27329101562,
      0.712744140625,5.E-02),(-46.27329101562,0.712744140625,7.E-02),(
      -46.93608398437,0.712744140625,5.E-02),(-46.27329101562,
      0.712744140625,5.E-02),(-46.93608398437,0.712744140625,7.E-02),(
      -46.27329101562,0.712744140625,7.E-02),(-46.27329101562,
      0.712744140625,5.E-02),(-46.27329101562,0.712744140625,7.E-02),(
      -46.27329101562,0.519384765625,5.E-02),(-46.27329101562,
      0.519384765625,7.E-02),(-46.27329101562,0.712744140625,5.E-02),(
      -46.27329101562,0.519384765625,5.E-02),(-46.27329101562,
      0.712744140625,7.E-02),(-46.27329101562,0.519384765625,7.E-02),(
      -46.27329101562,0.519384765625,5.E-02),(-46.27329101562,
      0.519384765625,7.E-02),(-47.01450195312,0.519384765625,5.E-02),(
      -47.01450195312,0.519384765625,7.E-02),(-46.27329101562,
      0.519384765625,5.E-02),(-47.01450195312,0.519384765625,5.E-02),(
      -46.27329101562,0.519384765625,7.E-02),(-47.01450195312,
      0.519384765625,7.E-02),(-47.01450195312,0.519384765625,5.E-02),(
      -47.01450195312,0.519384765625,7.E-02),(-47.20786132812,
      0.472119140625,5.E-02),(-47.20786132812,0.472119140625,7.E-02),(
      -47.01450195312,0.519384765625,5.E-02),(-47.14340820312,
      0.519384765625,5.E-02),(-47.20786132812,0.472119140625,5.E-02),(
      -47.01450195312,0.519384765625,7.E-02),(-47.14340820312,
      0.519384765625,7.E-02),(-47.20786132812,0.472119140625,7.E-02),(
      -47.20786132812,0.472119140625,5.E-02),(-47.20786132812,
      0.472119140625,7.E-02),(-47.27231445312,0.317431640625,5.E-02),(
      -47.27231445312,0.317431640625,7.E-02),(-47.20786132812,
      0.472119140625,5.E-02),(-47.27231445312,0.424853515625,5.E-02),(
      -47.27231445312,0.317431640625,5.E-02),(-47.20786132812,
      0.472119140625,7.E-02),(-47.27231445312,0.424853515625,7.E-02),(
      -47.27231445312,0.317431640625,7.E-02),(-47.27231445312,
      0.317431640625,5.E-02),(-47.27231445312,0.317431640625,7.E-02),(
      -47.22934570312,0.16650390625,5.E-02),(-47.22934570312,
      0.16650390625,7.E-02),(-47.27231445312,0.317431640625,5.E-02),(
      -47.27231445312,0.235791015625,5.E-02),(-47.22934570312,
      0.16650390625,5.E-02),(-47.27231445312,0.317431640625,7.E-02),(
      -47.27231445312,0.235791015625,7.E-02),(-47.22934570312,
      0.16650390625,7.E-02),(-47.22934570312,0.16650390625,5.E-02),(
      -47.22934570312,0.16650390625,7.E-02),(-47.10366210937,
      6.6064453125E-02,5.E-02),(-47.10366210937,6.6064453125E-02,7.E-02)
    ,(-47.22934570312,0.16650390625,5.E-02),(-47.18637695312,
      9.7216796875E-02,5.E-02),(-47.10366210937,6.6064453125E-02,5.E-02)
    ,(-47.22934570312,0.16650390625,7.E-02),(-47.18637695312,
      9.7216796875E-02,7.E-02),(-47.10366210937,6.6064453125E-02,7.E-02)
    ,(-47.10366210937,6.6064453125E-02,5.E-02),(-47.10366210937,
      6.6064453125E-02,7.E-02),(-46.86518554687,3.4912109375E-02,5.E-02)
    ,(-46.86518554687,3.4912109375E-02,7.E-02),(-47.10366210937,
      6.6064453125E-02,5.E-02),(-47.02094726562,3.4912109375E-02,5.E-02)
    ,(-46.86518554687,3.4912109375E-02,5.E-02),(-47.10366210937,
      6.6064453125E-02,7.E-02),(-47.02094726562,3.4912109375E-02,7.E-02)
    ,(-46.86518554687,3.4912109375E-02,7.E-02),(-46.86518554687,
      3.4912109375E-02,5.E-02),(-46.86518554687,3.4912109375E-02,7.E-02)
    ,(-46.27329101562,3.4912109375E-02,5.E-02),(-46.27329101562,
      3.4912109375E-02,7.E-02),(-46.86518554687,3.4912109375E-02,5.E-02)
    ,(-46.27329101562,3.4912109375E-02,5.E-02),(-46.86518554687,
      3.4912109375E-02,7.E-02),(-46.27329101562,3.4912109375E-02,7.E-02)
    ,(-46.27329101562,3.4912109375E-02,5.E-02),(-46.27329101562,
      -0.158447265625,5.E-02),(-46.27329101562,-0.158447265625,5.E-02),(
      -47.41411132812,-0.158447265625,5.E-02),(-47.41411132812,
      -0.158447265625,5.E-02),(-47.41411132812,1.4501953125E-02,5.E-02),
    (-47.41411132812,1.4501953125E-02,5.E-02),(-47.25405273437,
      1.4501953125E-02,5.E-02),(-47.25405273437,1.4501953125E-02,5.E-02)
    ,(-47.33784179687,6.8212890625E-02,5.E-02),(-47.3888671875,
      0.157373046875,5.E-02),(-47.3888671875,0.157373046875,5.E-02),(
      -47.43989257812,0.246533203125,5.E-02),(-47.43989257812,
      0.360400390625,5.E-02),(-47.43989257812,0.360400390625,5.E-02),(
      -47.43989257812,0.487158203125,5.E-02),(-47.38725585937,
      0.56826171875,5.E-02),(-47.38725585937,0.56826171875,5.E-02),(
      -47.33461914062,0.649365234375,5.E-02),(-47.24008789062,
      0.682666015625,5.E-02),(-47.24008789062,0.682666015625,5.E-02),(
      -47.43989257812,0.818017578125,5.E-02),(-47.43989257812,
      1.035009765625,5.E-02),(-47.43989257812,1.035009765625,5.E-02),(
      -47.43989257812,1.204736328125,5.E-02),(-47.3458984375,
      1.296044921875,5.E-02),(-47.3458984375,1.296044921875,5.E-02),(
      -47.25190429687,1.387353515625,5.E-02),(-47.05639648437,
      1.387353515625,5.E-02),(-47.05639648437,1.387353515625,5.E-02),(
      -46.27329101562,1.387353515625,5.E-02),(-46.27329101562,
      1.387353515625,5.E-02),(-46.27329101562,1.195068359375,5.E-02),(
      -46.27329101562,1.195068359375,5.E-02),(-46.99194335937,
      1.195068359375,5.E-02),(-46.99194335937,1.195068359375,5.E-02),(
      -47.10795898437,1.195068359375,5.E-02),(-47.158984375,
      1.17626953125,5.E-02),(-47.158984375,1.17626953125,5.E-02),(
      -47.21000976562,1.157470703125,5.E-02),(-47.24116210937,
      1.108056640625,5.E-02),(-47.24116210937,1.108056640625,5.E-02),(
      -47.27231445312,1.058642578125,5.E-02),(-47.27231445312,
      0.992041015625,5.E-02),(-47.27231445312,0.992041015625,5.E-02),(
      -47.27231445312,0.871728515625,5.E-02),(-47.19228515625,
      0.792236328125,5.E-02),(-47.19228515625,0.792236328125,5.E-02),(
      -47.11225585937,0.712744140625,5.E-02),(-46.93608398437,
      0.712744140625,5.E-02),(-46.93608398437,0.712744140625,5.E-02),(
      -46.27329101562,0.712744140625,5.E-02),(-46.27329101562,
      0.712744140625,5.E-02),(-46.27329101562,0.519384765625,5.E-02),(
      -46.27329101562,0.519384765625,5.E-02),(-47.01450195312,
      0.519384765625,5.E-02),(-47.01450195312,0.519384765625,5.E-02),(
      -47.14340820312,0.519384765625,5.E-02),(-47.20786132812,
      0.472119140625,5.E-02),(-47.20786132812,0.472119140625,5.E-02),(
      -47.27231445312,0.424853515625,5.E-02),(-47.27231445312,
      0.317431640625,5.E-02),(-47.27231445312,0.317431640625,5.E-02),(
      -47.27231445312,0.235791015625,5.E-02),(-47.22934570312,
      0.16650390625,5.E-02),(-47.22934570312,0.16650390625,5.E-02),(
      -47.18637695312,9.7216796875E-02,5.E-02),(-47.10366210937,
      6.6064453125E-02,5.E-02),(-47.10366210937,6.6064453125E-02,5.E-02)
    ,(-47.02094726562,3.4912109375E-02,5.E-02),(-46.86518554687,
      3.4912109375E-02,5.E-02),(-46.86518554687,3.4912109375E-02,5.E-02)
    ,(-46.27329101562,3.4912109375E-02,5.E-02),(-46.27329101562,
      3.4912109375E-02,7.E-02),(-46.27329101562,-0.158447265625,7.E-02),
    (-46.27329101562,-0.158447265625,7.E-02),(-47.41411132812,
      -0.158447265625,7.E-02),(-47.41411132812,-0.158447265625,7.E-02),(
      -47.41411132812,1.4501953125E-02,7.E-02),(-47.41411132812,
      1.4501953125E-02,7.E-02),(-47.25405273437,1.4501953125E-02,7.E-02)
    ,(-47.25405273437,1.4501953125E-02,7.E-02),(-47.33784179687,
      6.8212890625E-02,7.E-02),(-47.3888671875,0.157373046875,7.E-02),(
      -47.3888671875,0.157373046875,7.E-02),(-47.43989257812,
      0.246533203125,7.E-02),(-47.43989257812,0.360400390625,7.E-02),(
      -47.43989257812,0.360400390625,7.E-02),(-47.43989257812,
      0.487158203125,7.E-02),(-47.38725585937,0.56826171875,7.E-02),(
      -47.38725585937,0.56826171875,7.E-02),(-47.33461914062,
      0.649365234375,7.E-02),(-47.24008789062,0.682666015625,7.E-02),(
      -47.24008789062,0.682666015625,7.E-02),(-47.43989257812,
      0.818017578125,7.E-02),(-47.43989257812,1.035009765625,7.E-02),(
      -47.43989257812,1.035009765625,7.E-02),(-47.43989257812,
      1.204736328125,7.E-02),(-47.3458984375,1.296044921875,7.E-02),(
      -47.3458984375,1.296044921875,7.E-02),(-47.25190429687,
      1.387353515625,7.E-02),(-47.05639648437,1.387353515625,7.E-02),(
      -47.05639648437,1.387353515625,7.E-02),(-46.27329101562,
      1.387353515625,7.E-02),(-46.27329101562,1.387353515625,7.E-02),(
      -46.27329101562,1.195068359375,7.E-02),(-46.27329101562,
      1.195068359375,7.E-02),(-46.99194335937,1.195068359375,7.E-02),(
      -46.99194335937,1.195068359375,7.E-02),(-47.10795898437,
      1.195068359375,7.E-02),(-47.158984375,1.17626953125,7.E-02),(
      -47.158984375,1.17626953125,7.E-02),(-47.21000976562,
      1.157470703125,7.E-02),(-47.24116210937,1.108056640625,7.E-02),(
      -47.24116210937,1.108056640625,7.E-02),(-47.27231445312,
      1.058642578125,7.E-02),(-47.27231445312,0.992041015625,7.E-02),(
      -47.27231445312,0.992041015625,7.E-02),(-47.27231445312,
      0.871728515625,7.E-02),(-47.19228515625,0.792236328125,7.E-02),(
      -47.19228515625,0.792236328125,7.E-02),(-47.11225585937,
      0.712744140625,7.E-02),(-46.93608398437,0.712744140625,7.E-02),(
      -46.93608398437,0.712744140625,7.E-02),(-46.27329101562,
      0.712744140625,7.E-02),(-46.27329101562,0.712744140625,7.E-02),(
      -46.27329101562,0.519384765625,7.E-02),(-46.27329101562,
      0.519384765625,7.E-02),(-47.01450195312,0.519384765625,7.E-02),(
      -47.01450195312,0.519384765625,7.E-02),(-47.14340820312,
      0.519384765625,7.E-02),(-47.20786132812,0.472119140625,7.E-02),(
      -47.20786132812,0.472119140625,7.E-02),(-47.27231445312,
      0.424853515625,7.E-02),(-47.27231445312,0.317431640625,7.E-02),(
      -47.27231445312,0.317431640625,7.E-02),(-47.27231445312,
      0.235791015625,7.E-02),(-47.22934570312,0.16650390625,7.E-02),(
      -47.22934570312,0.16650390625,7.E-02),(-47.18637695312,
      9.7216796875E-02,7.E-02),(-47.10366210937,6.6064453125E-02,7.E-02)
    ,(-47.10366210937,6.6064453125E-02,7.E-02),(-47.02094726562,
      3.4912109375E-02,7.E-02),(-46.86518554687,3.4912109375E-02,7.E-02)
    ,(-46.86518554687,3.4912109375E-02,7.E-02),(-46.27329101562,
      3.4912109375E-02,7.E-02),(-46.27329101562,1.867529296875,5.E-02),(
      -46.27329101562,1.867529296875,7.E-02),(-46.27329101562,
      1.674169921875,5.E-02),(-46.27329101562,1.674169921875,7.E-02),(
      -46.27329101562,1.867529296875,5.E-02),(-46.27329101562,
      1.674169921875,5.E-02),(-46.27329101562,1.867529296875,7.E-02),(
      -46.27329101562,1.674169921875,7.E-02),(-46.27329101562,
      1.674169921875,5.E-02),(-46.27329101562,1.674169921875,7.E-02),(
      -47.41411132812,1.674169921875,5.E-02),(-47.41411132812,
      1.674169921875,7.E-02),(-46.27329101562,1.674169921875,5.E-02),(
      -47.41411132812,1.674169921875,5.E-02),(-46.27329101562,
      1.674169921875,7.E-02),(-47.41411132812,1.674169921875,7.E-02),(
      -47.41411132812,1.674169921875,5.E-02),(-47.41411132812,
      1.674169921875,7.E-02),(-47.41411132812,1.847119140625,5.E-02),(
      -47.41411132812,1.847119140625,7.E-02),(-47.41411132812,
      1.674169921875,5.E-02),(-47.41411132812,1.847119140625,5.E-02),(
      -47.41411132812,1.674169921875,7.E-02),(-47.41411132812,
      1.847119140625,7.E-02),(-47.41411132812,1.847119140625,5.E-02),(
      -47.41411132812,1.847119140625,7.E-02),(-47.25405273437,
      1.847119140625,5.E-02),(-47.25405273437,1.847119140625,7.E-02),(
      -47.41411132812,1.847119140625,5.E-02),(-47.25405273437,
      1.847119140625,5.E-02),(-47.41411132812,1.847119140625,7.E-02),(
      -47.25405273437,1.847119140625,7.E-02),(-47.25405273437,
      1.847119140625,5.E-02),(-47.25405273437,1.847119140625,7.E-02),(
      -47.3888671875,1.989990234375,5.E-02),(-47.3888671875,
      1.989990234375,7.E-02),(-47.25405273437,1.847119140625,5.E-02),(
      -47.33784179687,1.900830078125,5.E-02),(-47.3888671875,
      1.989990234375,5.E-02),(-47.25405273437,1.847119140625,7.E-02),(
      -47.33784179687,1.900830078125,7.E-02),(-47.3888671875,
      1.989990234375,7.E-02),(-47.3888671875,1.989990234375,5.E-02),(
      -47.3888671875,1.989990234375,7.E-02),(-47.43989257812,
      2.193017578125,5.E-02),(-47.43989257812,2.193017578125,7.E-02),(
      -47.3888671875,1.989990234375,5.E-02),(-47.43989257812,
      2.079150390625,5.E-02),(-47.43989257812,2.193017578125,5.E-02),(
      -47.3888671875,1.989990234375,7.E-02),(-47.43989257812,
      2.079150390625,7.E-02),(-47.43989257812,2.193017578125,7.E-02),(
      -47.43989257812,2.193017578125,5.E-02),(-47.43989257812,
      2.193017578125,7.E-02),(-47.38725585937,2.40087890625,5.E-02),(
      -47.38725585937,2.40087890625,7.E-02),(-47.43989257812,
      2.193017578125,5.E-02),(-47.43989257812,2.319775390625,5.E-02),(
      -47.38725585937,2.40087890625,5.E-02),(-47.43989257812,
      2.193017578125,7.E-02),(-47.43989257812,2.319775390625,7.E-02),(
      -47.38725585937,2.40087890625,7.E-02),(-47.38725585937,
      2.40087890625,5.E-02),(-47.38725585937,2.40087890625,7.E-02),(
      -47.24008789062,2.515283203125,5.E-02),(-47.24008789062,
      2.515283203125,7.E-02),(-47.38725585937,2.40087890625,5.E-02),(
      -47.33461914062,2.481982421875,5.E-02),(-47.24008789062,
      2.515283203125,5.E-02),(-47.38725585937,2.40087890625,7.E-02),(
      -47.33461914062,2.481982421875,7.E-02),(-47.24008789062,
      2.515283203125,7.E-02),(-47.24008789062,2.515283203125,5.E-02),(
      -47.24008789062,2.515283203125,7.E-02),(-47.43989257812,
      2.867626953125,5.E-02),(-47.43989257812,2.867626953125,7.E-02),(
      -47.24008789062,2.515283203125,5.E-02),(-47.43989257812,
      2.650634765625,5.E-02),(-47.43989257812,2.867626953125,5.E-02),(
      -47.24008789062,2.515283203125,7.E-02),(-47.43989257812,
      2.650634765625,7.E-02),(-47.43989257812,2.867626953125,7.E-02),(
      -47.43989257812,2.867626953125,5.E-02),(-47.43989257812,
      2.867626953125,7.E-02),(-47.3458984375,3.128662109375,5.E-02),(
      -47.3458984375,3.128662109375,7.E-02),(-47.43989257812,
      2.867626953125,5.E-02),(-47.43989257812,3.037353515625,5.E-02),(
      -47.3458984375,3.128662109375,5.E-02),(-47.43989257812,
      2.867626953125,7.E-02),(-47.43989257812,3.037353515625,7.E-02),(
      -47.3458984375,3.128662109375,7.E-02),(-47.3458984375,
      3.128662109375,5.E-02),(-47.3458984375,3.128662109375,7.E-02),(
      -47.05639648437,3.219970703125,5.E-02),(-47.05639648437,
      3.219970703125,7.E-02),(-47.3458984375,3.128662109375,5.E-02),(
      -47.25190429687,3.219970703125,5.E-02),(-47.05639648437,
      3.219970703125,5.E-02),(-47.3458984375,3.128662109375,7.E-02),(
      -47.25190429687,3.219970703125,7.E-02),(-47.05639648437,
      3.219970703125,7.E-02),(-47.05639648437,3.219970703125,5.E-02),(
      -47.05639648437,3.219970703125,7.E-02),(-46.27329101562,
      3.219970703125,5.E-02),(-46.27329101562,3.219970703125,7.E-02),(
      -47.05639648437,3.219970703125,5.E-02),(-46.27329101562,
      3.219970703125,5.E-02),(-47.05639648437,3.219970703125,7.E-02),(
      -46.27329101562,3.219970703125,7.E-02),(-46.27329101562,
      3.219970703125,5.E-02),(-46.27329101562,3.219970703125,7.E-02),(
      -46.27329101562,3.027685546875,5.E-02),(-46.27329101562,
      3.027685546875,7.E-02),(-46.27329101562,3.219970703125,5.E-02),(
      -46.27329101562,3.027685546875,5.E-02),(-46.27329101562,
      3.219970703125,7.E-02),(-46.27329101562,3.027685546875,7.E-02),(
      -46.27329101562,3.027685546875,5.E-02),(-46.27329101562,
      3.027685546875,7.E-02),(-46.99194335937,3.027685546875,5.E-02),(
      -46.99194335937,3.027685546875,7.E-02),(-46.27329101562,
      3.027685546875,5.E-02),(-46.99194335937,3.027685546875,5.E-02),(
      -46.27329101562,3.027685546875,7.E-02),(-46.99194335937,
      3.027685546875,7.E-02),(-46.99194335937,3.027685546875,5.E-02),(
      -46.99194335937,3.027685546875,7.E-02),(-47.158984375,
      3.00888671875,5.E-02),(-47.158984375,3.00888671875,7.E-02),(
      -46.99194335937,3.027685546875,5.E-02),(-47.10795898437,
      3.027685546875,5.E-02),(-47.158984375,3.00888671875,5.E-02),(
      -46.99194335937,3.027685546875,7.E-02),(-47.10795898437,
      3.027685546875,7.E-02),(-47.158984375,3.00888671875,7.E-02),(
      -47.158984375,3.00888671875,5.E-02),(-47.158984375,3.00888671875,
      7.E-02),(-47.24116210937,2.940673828125,5.E-02),(-47.24116210937,
      2.940673828125,7.E-02),(-47.158984375,3.00888671875,5.E-02),(
      -47.21000976562,2.990087890625,5.E-02),(-47.24116210937,
      2.940673828125,5.E-02),(-47.158984375,3.00888671875,7.E-02),(
      -47.21000976562,2.990087890625,7.E-02),(-47.24116210937,
      2.940673828125,7.E-02),(-47.24116210937,2.940673828125,5.E-02),(
      -47.24116210937,2.940673828125,7.E-02),(-47.27231445312,
      2.824658203125,5.E-02),(-47.27231445312,2.824658203125,7.E-02),(
      -47.24116210937,2.940673828125,5.E-02),(-47.27231445312,
      2.891259765625,5.E-02),(-47.27231445312,2.824658203125,5.E-02),(
      -47.24116210937,2.940673828125,7.E-02),(-47.27231445312,
      2.891259765625,7.E-02),(-47.27231445312,2.824658203125,7.E-02),(
      -47.27231445312,2.824658203125,5.E-02),(-47.27231445312,
      2.824658203125,7.E-02),(-47.19228515625,2.624853515625,5.E-02),(
      -47.19228515625,2.624853515625,7.E-02),(-47.27231445312,
      2.824658203125,5.E-02),(-47.27231445312,2.704345703125,5.E-02),(
      -47.19228515625,2.624853515625,5.E-02),(-47.27231445312,
      2.824658203125,7.E-02),(-47.27231445312,2.704345703125,7.E-02),(
      -47.19228515625,2.624853515625,7.E-02),(-47.19228515625,
      2.624853515625,5.E-02),(-47.19228515625,2.624853515625,7.E-02),(
      -46.93608398437,2.545361328125,5.E-02),(-46.93608398437,
      2.545361328125,7.E-02),(-47.19228515625,2.624853515625,5.E-02),(
      -47.11225585937,2.545361328125,5.E-02),(-46.93608398437,
      2.545361328125,5.E-02),(-47.19228515625,2.624853515625,7.E-02),(
      -47.11225585937,2.545361328125,7.E-02),(-46.93608398437,
      2.545361328125,7.E-02),(-46.93608398437,2.545361328125,5.E-02),(
      -46.93608398437,2.545361328125,7.E-02),(-46.27329101562,
      2.545361328125,5.E-02),(-46.27329101562,2.545361328125,7.E-02),(
      -46.93608398437,2.545361328125,5.E-02),(-46.27329101562,
      2.545361328125,5.E-02),(-46.93608398437,2.545361328125,7.E-02),(
      -46.27329101562,2.545361328125,7.E-02),(-46.27329101562,
      2.545361328125,5.E-02),(-46.27329101562,2.545361328125,7.E-02),(
      -46.27329101562,2.352001953125,5.E-02),(-46.27329101562,
      2.352001953125,7.E-02),(-46.27329101562,2.545361328125,5.E-02),(
      -46.27329101562,2.352001953125,5.E-02),(-46.27329101562,
      2.545361328125,7.E-02),(-46.27329101562,2.352001953125,7.E-02),(
      -46.27329101562,2.352001953125,5.E-02),(-46.27329101562,
      2.352001953125,7.E-02),(-47.01450195312,2.352001953125,5.E-02),(
      -47.01450195312,2.352001953125,7.E-02),(-46.27329101562,
      2.352001953125,5.E-02),(-47.01450195312,2.352001953125,5.E-02),(
      -46.27329101562,2.352001953125,7.E-02),(-47.01450195312,
      2.352001953125,7.E-02),(-47.01450195312,2.352001953125,5.E-02),(
      -47.01450195312,2.352001953125,7.E-02),(-47.20786132812,
      2.304736328125,5.E-02),(-47.20786132812,2.304736328125,7.E-02),(
      -47.01450195312,2.352001953125,5.E-02),(-47.14340820312,
      2.352001953125,5.E-02),(-47.20786132812,2.304736328125,5.E-02),(
      -47.01450195312,2.352001953125,7.E-02),(-47.14340820312,
      2.352001953125,7.E-02),(-47.20786132812,2.304736328125,7.E-02),(
      -47.20786132812,2.304736328125,5.E-02),(-47.20786132812,
      2.304736328125,7.E-02),(-47.27231445312,2.150048828125,5.E-02),(
      -47.27231445312,2.150048828125,7.E-02),(-47.20786132812,
      2.304736328125,5.E-02),(-47.27231445312,2.257470703125,5.E-02),(
      -47.27231445312,2.150048828125,5.E-02),(-47.20786132812,
      2.304736328125,7.E-02),(-47.27231445312,2.257470703125,7.E-02),(
      -47.27231445312,2.150048828125,7.E-02),(-47.27231445312,
      2.150048828125,5.E-02),(-47.27231445312,2.150048828125,7.E-02),(
      -47.22934570312,1.99912109375,5.E-02),(-47.22934570312,
      1.99912109375,7.E-02),(-47.27231445312,2.150048828125,5.E-02),(
      -47.27231445312,2.068408203125,5.E-02),(-47.22934570312,
      1.99912109375,5.E-02),(-47.27231445312,2.150048828125,7.E-02),(
      -47.27231445312,2.068408203125,7.E-02),(-47.22934570312,
      1.99912109375,7.E-02),(-47.22934570312,1.99912109375,5.E-02),(
      -47.22934570312,1.99912109375,7.E-02),(-47.10366210937,
      1.898681640625,5.E-02),(-47.10366210937,1.898681640625,7.E-02),(
      -47.22934570312,1.99912109375,5.E-02),(-47.18637695312,
      1.929833984375,5.E-02),(-47.10366210937,1.898681640625,5.E-02),(
      -47.22934570312,1.99912109375,7.E-02),(-47.18637695312,
      1.929833984375,7.E-02),(-47.10366210937,1.898681640625,7.E-02),(
      -47.10366210937,1.898681640625,5.E-02),(-47.10366210937,
      1.898681640625,7.E-02),(-46.86518554687,1.867529296875,5.E-02),(
      -46.86518554687,1.867529296875,7.E-02),(-47.10366210937,
      1.898681640625,5.E-02),(-47.02094726562,1.867529296875,5.E-02),(
      -46.86518554687,1.867529296875,5.E-02),(-47.10366210937,
      1.898681640625,7.E-02),(-47.02094726562,1.867529296875,7.E-02),(
      -46.86518554687,1.867529296875,7.E-02),(-46.86518554687,
      1.867529296875,5.E-02),(-46.86518554687,1.867529296875,7.E-02),(
      -46.27329101562,1.867529296875,5.E-02),(-46.27329101562,
      1.867529296875,7.E-02),(-46.86518554687,1.867529296875,5.E-02),(
      -46.27329101562,1.867529296875,5.E-02),(-46.86518554687,
      1.867529296875,7.E-02),(-46.27329101562,1.867529296875,7.E-02),(
      -46.27329101562,1.867529296875,5.E-02),(-46.27329101562,
      1.674169921875,5.E-02),(-46.27329101562,1.674169921875,5.E-02),(
      -47.41411132812,1.674169921875,5.E-02),(-47.41411132812,
      1.674169921875,5.E-02),(-47.41411132812,1.847119140625,5.E-02),(
      -47.41411132812,1.847119140625,5.E-02),(-47.25405273437,
      1.847119140625,5.E-02),(-47.25405273437,1.847119140625,5.E-02),(
      -47.33784179687,1.900830078125,5.E-02),(-47.3888671875,
      1.989990234375,5.E-02),(-47.3888671875,1.989990234375,5.E-02),(
      -47.43989257812,2.079150390625,5.E-02),(-47.43989257812,
      2.193017578125,5.E-02),(-47.43989257812,2.193017578125,5.E-02),(
      -47.43989257812,2.319775390625,5.E-02),(-47.38725585937,
      2.40087890625,5.E-02),(-47.38725585937,2.40087890625,5.E-02),(
      -47.33461914062,2.481982421875,5.E-02),(-47.24008789062,
      2.515283203125,5.E-02),(-47.24008789062,2.515283203125,5.E-02),(
      -47.43989257812,2.650634765625,5.E-02),(-47.43989257812,
      2.867626953125,5.E-02),(-47.43989257812,2.867626953125,5.E-02),(
      -47.43989257812,3.037353515625,5.E-02),(-47.3458984375,
      3.128662109375,5.E-02),(-47.3458984375,3.128662109375,5.E-02),(
      -47.25190429687,3.219970703125,5.E-02),(-47.05639648437,
      3.219970703125,5.E-02),(-47.05639648437,3.219970703125,5.E-02),(
      -46.27329101562,3.219970703125,5.E-02),(-46.27329101562,
      3.219970703125,5.E-02),(-46.27329101562,3.027685546875,5.E-02),(
      -46.27329101562,3.027685546875,5.E-02),(-46.99194335937,
      3.027685546875,5.E-02),(-46.99194335937,3.027685546875,5.E-02),(
      -47.10795898437,3.027685546875,5.E-02),(-47.158984375,
      3.00888671875,5.E-02),(-47.158984375,3.00888671875,5.E-02),(
      -47.21000976562,2.990087890625,5.E-02),(-47.24116210937,
      2.940673828125,5.E-02),(-47.24116210937,2.940673828125,5.E-02),(
      -47.27231445312,2.891259765625,5.E-02),(-47.27231445312,
      2.824658203125,5.E-02),(-47.27231445312,2.824658203125,5.E-02),(
      -47.27231445312,2.704345703125,5.E-02),(-47.19228515625,
      2.624853515625,5.E-02),(-47.19228515625,2.624853515625,5.E-02),(
      -47.11225585937,2.545361328125,5.E-02),(-46.93608398437,
      2.545361328125,5.E-02),(-46.93608398437,2.545361328125,5.E-02),(
      -46.27329101562,2.545361328125,5.E-02),(-46.27329101562,
      2.545361328125,5.E-02),(-46.27329101562,2.352001953125,5.E-02),(
      -46.27329101562,2.352001953125,5.E-02),(-47.01450195312,
      2.352001953125,5.E-02),(-47.01450195312,2.352001953125,5.E-02),(
      -47.14340820312,2.352001953125,5.E-02),(-47.20786132812,
      2.304736328125,5.E-02),(-47.20786132812,2.304736328125,5.E-02),(
      -47.27231445312,2.257470703125,5.E-02),(-47.27231445312,
      2.150048828125,5.E-02),(-47.27231445312,2.150048828125,5.E-02),(
      -47.27231445312,2.068408203125,5.E-02),(-47.22934570312,
      1.99912109375,5.E-02),(-47.22934570312,1.99912109375,5.E-02),(
      -47.18637695312,1.929833984375,5.E-02),(-47.10366210937,
      1.898681640625,5.E-02),(-47.10366210937,1.898681640625,5.E-02),(
      -47.02094726562,1.867529296875,5.E-02),(-46.86518554687,
      1.867529296875,5.E-02),(-46.86518554687,1.867529296875,5.E-02),(
      -46.27329101562,1.867529296875,5.E-02),(-46.27329101562,
      1.867529296875,7.E-02),(-46.27329101562,1.674169921875,7.E-02),(
      -46.27329101562,1.674169921875,7.E-02),(-47.41411132812,
      1.674169921875,7.E-02),(-47.41411132812,1.674169921875,7.E-02),(
      -47.41411132812,1.847119140625,7.E-02),(-47.41411132812,
      1.847119140625,7.E-02),(-47.25405273437,1.847119140625,7.E-02),(
      -47.25405273437,1.847119140625,7.E-02),(-47.33784179687,
      1.900830078125,7.E-02),(-47.3888671875,1.989990234375,7.E-02),(
      -47.3888671875,1.989990234375,7.E-02),(-47.43989257812,
      2.079150390625,7.E-02),(-47.43989257812,2.193017578125,7.E-02),(
      -47.43989257812,2.193017578125,7.E-02),(-47.43989257812,
      2.319775390625,7.E-02),(-47.38725585937,2.40087890625,7.E-02),(
      -47.38725585937,2.40087890625,7.E-02),(-47.33461914062,
      2.481982421875,7.E-02),(-47.24008789062,2.515283203125,7.E-02),(
      -47.24008789062,2.515283203125,7.E-02),(-47.43989257812,
      2.650634765625,7.E-02),(-47.43989257812,2.867626953125,7.E-02),(
      -47.43989257812,2.867626953125,7.E-02),(-47.43989257812,
      3.037353515625,7.E-02),(-47.3458984375,3.128662109375,7.E-02),(
      -47.3458984375,3.128662109375,7.E-02),(-47.25190429687,
      3.219970703125,7.E-02),(-47.05639648437,3.219970703125,7.E-02),(
      -47.05639648437,3.219970703125,7.E-02),(-46.27329101562,
      3.219970703125,7.E-02),(-46.27329101562,3.219970703125,7.E-02),(
      -46.27329101562,3.027685546875,7.E-02),(-46.27329101562,
      3.027685546875,7.E-02),(-46.99194335937,3.027685546875,7.E-02),(
      -46.99194335937,3.027685546875,7.E-02),(-47.10795898437,
      3.027685546875,7.E-02),(-47.158984375,3.00888671875,7.E-02),(
      -47.158984375,3.00888671875,7.E-02),(-47.21000976562,
      2.990087890625,7.E-02),(-47.24116210937,2.940673828125,7.E-02),(
      -47.24116210937,2.940673828125,7.E-02),(-47.27231445312,
      2.891259765625,7.E-02),(-47.27231445312,2.824658203125,7.E-02),(
      -47.27231445312,2.824658203125,7.E-02),(-47.27231445312,
      2.704345703125,7.E-02),(-47.19228515625,2.624853515625,7.E-02),(
      -47.19228515625,2.624853515625,7.E-02),(-47.11225585937,
      2.545361328125,7.E-02),(-46.93608398437,2.545361328125,7.E-02),(
      -46.93608398437,2.545361328125,7.E-02),(-46.27329101562,
      2.545361328125,7.E-02),(-46.27329101562,2.545361328125,7.E-02),(
      -46.27329101562,2.352001953125,7.E-02),(-46.27329101562,
      2.352001953125,7.E-02),(-47.01450195312,2.352001953125,7.E-02),(
      -47.01450195312,2.352001953125,7.E-02),(-47.14340820312,
      2.352001953125,7.E-02),(-47.20786132812,2.304736328125,7.E-02),(
      -47.20786132812,2.304736328125,7.E-02),(-47.27231445312,
      2.257470703125,7.E-02),(-47.27231445312,2.150048828125,7.E-02),(
      -47.27231445312,2.150048828125,7.E-02),(-47.27231445312,
      2.068408203125,7.E-02),(-47.22934570312,1.99912109375,7.E-02),(
      -47.22934570312,1.99912109375,7.E-02),(-47.18637695312,
      1.929833984375,7.E-02),(-47.10366210937,1.898681640625,7.E-02),(
      -47.10366210937,1.898681640625,7.E-02),(-47.02094726562,
      1.867529296875,7.E-02),(-46.86518554687,1.867529296875,7.E-02),(
      -46.86518554687,1.867529296875,7.E-02),(-46.27329101562,
      1.867529296875,7.E-02)));
#3210 = ANNOTATION_PLANE('',(#3211),#3213,(#3205));
#3211 = PRESENTATION_STYLE_ASSIGNMENT((NULL_STYLE(.NULL.)));
#3213 = PLANE('',#3214);
#3214 = AXIS2_PLACEMENT_3D('',#3215,#3216,#3217);
#3215 = CARTESIAN_POINT('',(-47.,0.,0.));
#3216 = DIRECTION('',(0.,0.,1.));
#3217 = DIRECTION('',(1.,0.,-0.));
#3218 = SHAPE_ASPECT('front opening - diameter 30','',#4,.T.);
#3219 = GEOMETRIC_ITEM_SPECIFIC_USAGE('front opening - diameter 30','',
  #3218,#10,#15);
#3220 = SHAPE_ASPECT('front opening - diameter 30','',#4,.T.);
#3221 = GEOMETRIC_ITEM_SPECIFIC_USAGE('front opening - diameter 30','',
  #3220,#10,#15);
#3222 = GEOMETRIC_ITEM_SPECIFIC_USAGE('','',#3223,#3279,#3224);
#3223 = DERIVED_SHAPE_ASPECT('','',#4,.F.);
#3224 = CARTESIAN_POINT('',(-80.,0.,0.));
#3225 = SHAPE_ASPECT_DERIVING_RELATIONSHIP('',$,#3223,#3218);
#3226 = GEOMETRIC_ITEM_SPECIFIC_USAGE('','',#3227,#3279,#3228);
#3227 = DERIVED_SHAPE_ASPECT('','',#4,.F.);
#3228 = CARTESIAN_POINT('',(-50.,0.,0.));
#3229 = SHAPE_ASPECT_DERIVING_RELATIONSHIP('',$,#3227,#3220);
#3230 = ( LENGTH_MEASURE_WITH_UNIT() MEASURE_REPRESENTATION_ITEM() 
MEASURE_WITH_UNIT(POSITIVE_LENGTH_MEASURE(30.),#3054) 
REPRESENTATION_ITEM('nominal value') );
#3231 = SHAPE_DIMENSION_REPRESENTATION('',(#3230),#3053);
#3232 = DIMENSIONAL_CHARACTERISTIC_REPRESENTATION(#3233,#3231);
#3233 = DIMENSIONAL_LOCATION('linear distance outer outer',$,#3223,#3227
  );
#3234 = DRAUGHTING_MODEL_ITEM_ASSOCIATION(
  'PMI representation to presentation link','',#3233,#3280,#3235);
#3235 = DRAUGHTING_CALLOUT(
  'D30 mm - Joystick front opening - diameter 30',(#3236));
#3236 = TESSELLATED_ANNOTATION_OCCURRENCE('',(#3078),#3237);
#3237 = TESSELLATED_GEOMETRIC_SET('',(#3238));
#3238 = TESSELLATED_CURVE_SET('',#3239,((1,2),(3,4),(5,6),(7,8),(9,10),(
      11,12),(13,14),(15,16),(17,18),(19,20),(21,22),(23,24),(25,26),(27
      ,28),(29,30),(31,32),(33,34),(35,36),(37,38),(39,40),(41,42),(43,
      44,45),(46,47,48),(49,50),(51,52),(53,54,55),(56,57,58),(59,60),(
      61,62),(63,64,65),(66,67,68),(69,70),(71,72),(73,74,75),(76,77,78)
    ,(79,80),(81,82),(83,84,85),(86,87,88),(89,90),(91,92),(93,94,95),(
      96,97,98),(99,100),(101,102),(103,104,105),(106,107,108),(109,110)
    ,(111,112),(113,114,115),(116,117,118),(119,120),(121,122),(123,124,
      125),(126,127,128),(129,130),(131,132),(133,134),(135,136),(137,
      138),(139,140),(141,142),(143,144),(145,146),(147,148),(149,150,
      151),(152,153,154),(155,156),(157,158),(159,160,161),(162,163,164)
    ,(165,166),(167,168),(169,170,171),(172,173,174),(175,176),(177,178)
    ,(179,180,181),(182,183,184),(185,186),(187,188),(189,190,191),(192,
      193,194),(195,196),(197,198),(199,200,201),(202,203,204),(205,206)
    ,(207,208),(209,210,211),(212,213,214),(215,216),(217,218),(219,220)
    ,(221,222),(223,224),(225,226),(227,228),(229,230,231),(232,233,234)
    ,(235,236,237),(238,239,240),(241,242,243),(244,245,246),(247,248,
      249),(250,251,252),(253,254,255),(256,257),(258,259),(260,261,262)
    ,(263,264,265),(266,267,268),(269,270,271),(272,273,274),(275,276,
      277),(278,279,280),(281,282),(283,284),(285,286),(287,288),(289,
      290,291),(292,293,294),(295,296,297),(298,299,300),(301,302,303),(
      304,305,306),(307,308,309),(310,311,312),(313,314,315),(316,317),(
      318,319),(320,321,322),(323,324,325),(326,327,328),(329,330,331),(
      332,333,334),(335,336,337),(338,339,340),(341,342),(343,344),(345,
      346),(347,348),(349,350),(351,352),(353,354),(355,356,357),(358,
      359,360),(361,362),(363,364),(365,366,367),(368,369,370),(371,372)
    ,(373,374),(375,376,377),(378,379,380),(381,382),(383,384),(385,386,
      387),(388,389,390),(391,392),(393,394),(395,396,397),(398,399,400)
    ,(401,402),(403,404),(405,406,407),(408,409,410),(411,412),(413,414)
    ,(415,416,417),(418,419,420),(421,422),(423,424),(425,426),(427,428)
    ,(429,430),(431,432),(433,434,435),(436,437,438),(439,440),(441,442)
    ,(443,444,445),(446,447,448),(449,450),(451,452),(453,454,455),(456,
      457,458),(459,460),(461,462),(463,464,465),(466,467,468),(469,470)
    ,(471,472),(473,474,475),(476,477,478),(479,480),(481,482),(483,484,
      485),(486,487,488),(489,490),(491,492),(493,494,495),(496,497,498)
    ,(499,500),(501,502),(503,504),(505,506),(507,508),(509,510),(511,
      512,513),(514,515,516),(517,518),(519,520),(521,522,523),(524,525,
      526),(527,528),(529,530),(531,532,533),(534,535,536),(537,538),(
      539,540),(541,542,543),(544,545,546),(547,548),(549,550),(551,552,
      553),(554,555,556),(557,558),(559,560),(561,562,563),(564,565,566)
    ,(567,568),(569,570),(571,572,573),(574,575,576),(577,578),(579,580)
    ,(581,582,583),(584,585,586),(587,588),(589,590),(591,592,593),(594,
      595,596),(597,598),(599,600),(601,602,603),(604,605,606),(607,608)
    ,(609,610),(611,612,613),(614,615,616),(617,618),(619,620),(621,622,
      623),(624,625,626),(627,628),(629,630),(631,632,633),(634,635,636)
    ,(637,638),(639,640,641),(642,643,644),(645,646,647),(648,649,650),(
      651,652,653),(654,655,656),(657,658,659),(660,661),(662,663,664),(
      665,666,667),(668,669,670),(671,672,673),(674,675,676),(677,678,
      679),(680,681,682),(683,684),(685,686,687),(688,689,690),(691,692,
      693),(694,695,696),(697,698,699),(700,701,702),(703,704,705),(706,
      707,708),(709,710,711),(712,713,714),(715,716,717),(718,719,720),(
      721,722,723),(724,725),(726,727,728),(729,730,731),(732,733,734),(
      735,736,737),(738,739,740),(741,742,743),(744,745,746),(747,748),(
      749,750,751),(752,753,754),(755,756,757),(758,759,760),(761,762,
      763),(764,765,766),(767,768,769),(770,771),(772,773,774),(775,776,
      777),(778,779,780),(781,782,783),(784,785,786),(787,788,789),(790,
      791,792),(793,794,795),(796,797,798),(799,800,801),(802,803,804),(
      805,806,807),(808,809,810),(811,812),(813,814),(815,816,817),(818,
      819,820),(821,822),(823,824),(825,826,827),(828,829,830),(831,832)
    ,(833,834),(835,836,837),(838,839,840),(841,842),(843,844),(845,846,
      847),(848,849,850),(851,852),(853,854),(855,856,857),(858,859,860)
    ,(861,862),(863,864),(865,866,867),(868,869,870),(871,872),(873,874)
    ,(875,876,877),(878,879,880),(881,882),(883,884),(885,886,887),(888,
      889,890),(891,892),(893,894),(895,896,897),(898,899,900),(901,902)
    ,(903,904),(905,906,907),(908,909,910),(911,912),(913,914),(915,916,
      917),(918,919,920),(921,922),(923,924),(925,926,927),(928,929,930)
    ,(931,932),(933,934),(935,936,937),(938,939,940),(941,942),(943,944)
    ,(945,946,947),(948,949,950),(951,952),(953,954),(955,956,957),(958,
      959,960),(961,962),(963,964),(965,966,967),(968,969,970),(971,972)
    ,(973,974),(975,976,977),(978,979,980),(981,982),(983,984),(985,986,
      987),(988,989,990),(991,992),(993,994),(995,996,997),(998,999,1000
      ),(1001,1002),(1003,1004),(1005,1006,1007),(1008,1009,1010),(1011,
      1012,1013),(1014,1015,1016),(1017,1018,1019),(1020,1021,1022),(
      1023,1024,1025),(1026,1027,1028),(1029,1030,1031),(1032,1033,1034)
    ,(1035,1036,1037),(1038,1039,1040),(1041,1042,1043),(1044,1045,1046)
    ,(1047,1048,1049),(1050,1051,1052),(1053,1054,1055),(1056,1057,1058)
    ,(1059,1060,1061),(1062,1063,1064),(1065,1066,1067),(1068,1069,1070)
    ,(1071,1072,1073),(1074,1075,1076),(1077,1078,1079),(1080,1081,1082)
    ,(1083,1084,1085),(1086,1087,1088),(1089,1090,1091),(1092,1093,1094)
    ,(1095,1096,1097),(1098,1099,1100),(1101,1102,1103),(1104,1105,1106)
    ,(1107,1108,1109),(1110,1111,1112),(1113,1114,1115),(1116,1117,1118)
    ,(1119,1120,1121),(1122,1123,1124),(1125,1126,1127),(1128,1129,1130)
    ,(1131,1132),(1133,1134),(1135,1136),(1137,1138),(1139,1140),(1141,
      1142),(1143,1144),(1145,1146),(1147,1148),(1149,1150),(1151,1152),
    (1153,1154),(1155,1156),(1157,1158),(1159,1160),(1161,1162),(1163,
      1164),(1165,1166),(1167,1168,1169),(1170,1171,1172),(1173,1174),(
      1175,1176),(1177,1178,1179),(1180,1181,1182),(1183,1184),(1185,
      1186),(1187,1188,1189),(1190,1191,1192),(1193,1194),(1195,1196),(
      1197,1198,1199),(1200,1201,1202),(1203,1204),(1205,1206),(1207,
      1208,1209),(1210,1211,1212),(1213,1214),(1215,1216),(1217,1218,
      1219),(1220,1221,1222),(1223,1224),(1225,1226),(1227,1228,1229),(
      1230,1231,1232),(1233,1234),(1235,1236),(1237,1238),(1239,1240),(
      1241,1242),(1243,1244),(1245,1246),(1247,1248),(1249,1250),(1251,
      1252),(1253,1254),(1255,1256),(1257,1258),(1259,1260),(1261,1262,
      1263),(1264,1265,1266),(1267,1268),(1269,1270),(1271,1272,1273),(
      1274,1275,1276),(1277,1278),(1279,1280),(1281,1282,1283),(1284,
      1285,1286),(1287,1288),(1289,1290),(1291,1292,1293),(1294,1295,
      1296),(1297,1298),(1299,1300),(1301,1302,1303),(1304,1305,1306),(
      1307,1308),(1309,1310),(1311,1312),(1313,1314),(1315,1316),(1317,
      1318),(1319,1320),(1321,1322),(1323,1324),(1325,1326),(1327,1328),
    (1329,1330),(1331,1332),(1333,1334),(1335,1336,1337),(1338,1339,1340
      ),(1341,1342),(1343,1344),(1345,1346,1347),(1348,1349,1350),(1351,
      1352),(1353,1354),(1355,1356,1357),(1358,1359,1360),(1361,1362),(
      1363,1364),(1365,1366,1367),(1368,1369,1370),(1371,1372),(1373,
      1374),(1375,1376,1377),(1378,1379,1380),(1381,1382),(1383,1384),(
      1385,1386),(1387,1388),(1389,1390),(1391,1392),(1393,1394),(1395,
      1396),(1397,1398,1399),(1400,1401,1402),(1403,1404,1405),(1406,
      1407,1408),(1409,1410,1411),(1412,1413,1414),(1415,1416,1417),(
      1418,1419),(1420,1421),(1422,1423),(1424,1425,1426),(1427,1428,
      1429),(1430,1431,1432),(1433,1434,1435),(1436,1437,1438),(1439,
      1440),(1441,1442),(1443,1444),(1445,1446,1447),(1448,1449,1450),(
      1451,1452,1453),(1454,1455,1456),(1457,1458,1459),(1460,1461),(
      1462,1463),(1464,1465),(1466,1467),(1468,1469),(1470,1471,1472),(
      1473,1474,1475),(1476,1477,1478),(1479,1480,1481),(1482,1483,1484)
    ,(1485,1486,1487),(1488,1489,1490),(1491,1492),(1493,1494),(1495,
      1496),(1497,1498,1499),(1500,1501,1502),(1503,1504,1505),(1506,
      1507,1508),(1509,1510,1511),(1512,1513),(1514,1515),(1516,1517),(
      1518,1519,1520),(1521,1522,1523),(1524,1525,1526),(1527,1528,1529)
    ,(1530,1531,1532),(1533,1534),(1535,1536),(1537,1538),(1539,1540),(
      1541,1542),(1543,1544),(1545,1546),(1547,1548),(1549,1550),(1551,
      1552),(1553,1554),(1555,1556),(1557,1558),(1559,1560),(1561,1562),
    (1563,1564),(1565,1566),(1567,1568),(1569,1570),(1571,1572,1573),(
      1574,1575,1576),(1577,1578),(1579,1580),(1581,1582,1583),(1584,
      1585,1586),(1587,1588),(1589,1590),(1591,1592,1593),(1594,1595,
      1596),(1597,1598),(1599,1600),(1601,1602,1603),(1604,1605,1606),(
      1607,1608),(1609,1610),(1611,1612,1613),(1614,1615,1616),(1617,
      1618),(1619,1620),(1621,1622,1623),(1624,1625,1626),(1627,1628),(
      1629,1630),(1631,1632,1633),(1634,1635,1636),(1637,1638),(1639,
      1640),(1641,1642),(1643,1644),(1645,1646),(1647,1648),(1649,1650),
    (1651,1652),(1653,1654),(1655,1656),(1657,1658),(1659,1660),(1661,
      1662),(1663,1664),(1665,1666,1667),(1668,1669,1670),(1671,1672),(
      1673,1674),(1675,1676,1677),(1678,1679,1680),(1681,1682),(1683,
      1684),(1685,1686,1687),(1688,1689,1690),(1691,1692),(1693,1694),(
      1695,1696,1697),(1698,1699,1700),(1701,1702),(1703,1704),(1705,
      1706,1707),(1708,1709,1710),(1711,1712),(1713,1714),(1715,1716),(
      1717,1718),(1719,1720),(1721,1722),(1723,1724),(1725,1726),(1727,
      1728),(1729,1730),(1731,1732),(1733,1734),(1735,1736),(1737,1738),
    (1739,1740,1741),(1742,1743,1744),(1745,1746),(1747,1748),(1749,1750
      ,1751),(1752,1753,1754),(1755,1756),(1757,1758),(1759,1760,1761),(
      1762,1763,1764),(1765,1766),(1767,1768),(1769,1770,1771),(1772,
      1773,1774),(1775,1776),(1777,1778),(1779,1780,1781),(1782,1783,
      1784),(1785,1786),(1787,1788),(1789,1790),(1791,1792),(1793,1794),
    (1795,1796),(1797,1798),(1799,1800),(1801,1802,1803),(1804,1805,1806
      ),(1807,1808,1809),(1810,1811,1812),(1813,1814,1815),(1816,1817,
      1818),(1819,1820,1821),(1822,1823),(1824,1825),(1826,1827),(1828,
      1829,1830),(1831,1832,1833),(1834,1835,1836),(1837,1838,1839),(
      1840,1841,1842),(1843,1844),(1845,1846),(1847,1848),(1849,1850,
      1851),(1852,1853,1854),(1855,1856,1857),(1858,1859,1860),(1861,
      1862,1863),(1864,1865),(1866,1867),(1868,1869),(1870,1871),(1872,
      1873),(1874,1875,1876),(1877,1878,1879),(1880,1881,1882),(1883,
      1884,1885),(1886,1887,1888),(1889,1890,1891),(1892,1893,1894),(
      1895,1896),(1897,1898),(1899,1900),(1901,1902,1903),(1904,1905,
      1906),(1907,1908,1909),(1910,1911,1912),(1913,1914,1915),(1916,
      1917),(1918,1919),(1920,1921),(1922,1923,1924),(1925,1926,1927),(
      1928,1929,1930),(1931,1932,1933),(1934,1935,1936),(1937,1938)));
#3239 = COORDINATES_LIST('',1938,((-80.,0.,0.),(-80.,20.,0.),(-50.,0.,0.
      ),(-50.,20.,0.),(-80.,20.,0.),(-50.,20.,0.),(-80.,20.,0.),(-78.,
      20.76,0.),(-80.,20.,0.),(-78.,19.24,0.),(-50.,20.,0.),(-52.,20.76,
      0.),(-50.,20.,0.),(-52.,19.24,0.),(-68.4181640625,19.273291015625,
      5.E-02),(-68.4181640625,19.273291015625,7.E-02),(-68.98642578125,
      19.273291015625,5.E-02),(-68.98642578125,19.273291015625,7.E-02),(
      -68.4181640625,19.273291015625,5.E-02),(-68.98642578125,
      19.273291015625,5.E-02),(-68.4181640625,19.273291015625,7.E-02),(
      -68.98642578125,19.273291015625,7.E-02),(-68.98642578125,
      19.273291015625,5.E-02),(-68.98642578125,19.273291015625,7.E-02),(
      -68.98642578125,20.848095703125,5.E-02),(-68.98642578125,
      20.848095703125,7.E-02),(-68.98642578125,19.273291015625,5.E-02),(
      -68.98642578125,20.848095703125,5.E-02),(-68.98642578125,
      19.273291015625,7.E-02),(-68.98642578125,20.848095703125,7.E-02),(
      -68.98642578125,20.848095703125,5.E-02),(-68.98642578125,
      20.848095703125,7.E-02),(-68.4439453125,20.848095703125,5.E-02),(
      -68.4439453125,20.848095703125,7.E-02),(-68.98642578125,
      20.848095703125,5.E-02),(-68.4439453125,20.848095703125,5.E-02),(
      -68.98642578125,20.848095703125,7.E-02),(-68.4439453125,
      20.848095703125,7.E-02),(-68.4439453125,20.848095703125,5.E-02),(
      -68.4439453125,20.848095703125,7.E-02),(-68.16357421875,
      20.825537109375,5.E-02),(-68.16357421875,20.825537109375,7.E-02),(
      -68.4439453125,20.848095703125,5.E-02),(-68.26025390625,
      20.848095703125,5.E-02),(-68.16357421875,20.825537109375,5.E-02),(
      -68.4439453125,20.848095703125,7.E-02),(-68.26025390625,
      20.848095703125,7.E-02),(-68.16357421875,20.825537109375,7.E-02),(
      -68.16357421875,20.825537109375,5.E-02),(-68.16357421875,
      20.825537109375,7.E-02),(-67.9326171875,20.712744140625,5.E-02),(
      -67.9326171875,20.712744140625,7.E-02),(-68.16357421875,
      20.825537109375,5.E-02),(-68.02822265625,20.794384765625,5.E-02),(
      -67.9326171875,20.712744140625,5.E-02),(-68.16357421875,
      20.825537109375,7.E-02),(-68.02822265625,20.794384765625,7.E-02),(
      -67.9326171875,20.712744140625,7.E-02),(-67.9326171875,
      20.712744140625,5.E-02),(-67.9326171875,20.712744140625,7.E-02),(
      -67.74624023437,20.44365234375,5.E-02),(-67.74624023437,
      20.44365234375,7.E-02),(-67.9326171875,20.712744140625,5.E-02),(
      -67.8080078125,20.607470703125,5.E-02),(-67.74624023437,
      20.44365234375,5.E-02),(-67.9326171875,20.712744140625,7.E-02),(
      -67.8080078125,20.607470703125,7.E-02),(-67.74624023437,
      20.44365234375,7.E-02),(-67.74624023437,20.44365234375,5.E-02),(
      -67.74624023437,20.44365234375,7.E-02),(-67.68447265625,
      20.069287109375,5.E-02),(-67.68447265625,20.069287109375,7.E-02),(
      -67.74624023437,20.44365234375,5.E-02),(-67.68447265625,
      20.279833984375,5.E-02),(-67.68447265625,20.069287109375,5.E-02),(
      -67.74624023437,20.44365234375,7.E-02),(-67.68447265625,
      20.279833984375,7.E-02),(-67.68447265625,20.069287109375,7.E-02),(
      -67.68447265625,20.069287109375,5.E-02),(-67.68447265625,
      20.069287109375,7.E-02),(-67.7263671875,19.751318359375,5.E-02),(
      -67.7263671875,19.751318359375,7.E-02),(-67.68447265625,
      20.069287109375,5.E-02),(-67.68447265625,19.889892578125,5.E-02),(
      -67.7263671875,19.751318359375,5.E-02),(-67.68447265625,
      20.069287109375,7.E-02),(-67.68447265625,19.889892578125,7.E-02),(
      -67.7263671875,19.751318359375,7.E-02),(-67.7263671875,
      19.751318359375,5.E-02),(-67.7263671875,19.751318359375,7.E-02),(
      -67.8337890625,19.52197265625,5.E-02),(-67.8337890625,
      19.52197265625,7.E-02),(-67.7263671875,19.751318359375,5.E-02),(
      -67.76826171875,19.612744140625,5.E-02),(-67.8337890625,
      19.52197265625,5.E-02),(-67.7263671875,19.751318359375,7.E-02),(
      -67.76826171875,19.612744140625,7.E-02),(-67.8337890625,
      19.52197265625,7.E-02),(-67.8337890625,19.52197265625,5.E-02),(
      -67.8337890625,19.52197265625,7.E-02),(-67.97719726562,
      19.3791015625,5.E-02),(-67.97719726562,19.3791015625,7.E-02),(
      -67.8337890625,19.52197265625,5.E-02),(-67.89931640625,
      19.431201171875,5.E-02),(-67.97719726562,19.3791015625,5.E-02),(
      -67.8337890625,19.52197265625,7.E-02),(-67.89931640625,
      19.431201171875,7.E-02),(-67.97719726562,19.3791015625,7.E-02),(
      -67.97719726562,19.3791015625,5.E-02),(-67.97719726562,
      19.3791015625,7.E-02),(-68.16518554687,19.300146484375,5.E-02),(
      -68.16518554687,19.300146484375,7.E-02),(-67.97719726562,
      19.3791015625,5.E-02),(-68.055078125,19.327001953125,5.E-02),(
      -68.16518554687,19.300146484375,5.E-02),(-67.97719726562,
      19.3791015625,7.E-02),(-68.055078125,19.327001953125,7.E-02),(
      -68.16518554687,19.300146484375,7.E-02),(-68.16518554687,
      19.300146484375,5.E-02),(-68.16518554687,19.300146484375,7.E-02),(
      -68.4181640625,19.273291015625,5.E-02),(-68.4181640625,
      19.273291015625,7.E-02),(-68.16518554687,19.300146484375,5.E-02),(
      -68.27529296875,19.273291015625,5.E-02),(-68.4181640625,
      19.273291015625,5.E-02),(-68.16518554687,19.300146484375,7.E-02),(
      -68.27529296875,19.273291015625,7.E-02),(-68.4181640625,
      19.273291015625,7.E-02),(-68.77802734375,20.662255859375,5.E-02),(
      -68.77802734375,20.662255859375,7.E-02),(-68.77802734375,
      19.459130859375,5.E-02),(-68.77802734375,19.459130859375,7.E-02),(
      -68.77802734375,20.662255859375,5.E-02),(-68.77802734375,
      19.459130859375,5.E-02),(-68.77802734375,20.662255859375,7.E-02),(
      -68.77802734375,19.459130859375,7.E-02),(-68.77802734375,
      19.459130859375,5.E-02),(-68.77802734375,19.459130859375,7.E-02),(
      -68.441796875,19.459130859375,5.E-02),(-68.441796875,
      19.459130859375,7.E-02),(-68.77802734375,19.459130859375,5.E-02),(
      -68.441796875,19.459130859375,5.E-02),(-68.77802734375,
      19.459130859375,7.E-02),(-68.441796875,19.459130859375,7.E-02),(
      -68.441796875,19.459130859375,5.E-02),(-68.441796875,
      19.459130859375,7.E-02),(-68.19741210937,19.488134765625,5.E-02),(
      -68.19741210937,19.488134765625,7.E-02),(-68.441796875,
      19.459130859375,5.E-02),(-68.28603515625,19.459130859375,5.E-02),(
      -68.19741210937,19.488134765625,5.E-02),(-68.441796875,
      19.459130859375,7.E-02),(-68.28603515625,19.459130859375,7.E-02),(
      -68.19741210937,19.488134765625,7.E-02),(-68.19741210937,
      19.488134765625,5.E-02),(-68.19741210937,19.488134765625,7.E-02),(
      -68.05615234375,19.569775390625,5.E-02),(-68.05615234375,
      19.569775390625,7.E-02),(-68.19741210937,19.488134765625,5.E-02),(
      -68.1087890625,19.517138671875,5.E-02),(-68.05615234375,
      19.569775390625,5.E-02),(-68.19741210937,19.488134765625,7.E-02),(
      -68.1087890625,19.517138671875,7.E-02),(-68.05615234375,
      19.569775390625,7.E-02),(-68.05615234375,19.569775390625,5.E-02),(
      -68.05615234375,19.569775390625,7.E-02),(-67.94067382812,
      19.76904296875,5.E-02),(-67.94067382812,19.76904296875,7.E-02),(
      -68.05615234375,19.569775390625,5.E-02),(-67.98203125,
      19.643896484375,5.E-02),(-67.94067382812,19.76904296875,5.E-02),(
      -68.05615234375,19.569775390625,7.E-02),(-67.98203125,
      19.643896484375,7.E-02),(-67.94067382812,19.76904296875,7.E-02),(
      -67.94067382812,19.76904296875,5.E-02),(-67.94067382812,
      19.76904296875,7.E-02),(-67.89931640625,20.072509765625,5.E-02),(
      -67.89931640625,20.072509765625,7.E-02),(-67.94067382812,
      19.76904296875,5.E-02),(-67.89931640625,19.894189453125,5.E-02),(
      -67.89931640625,20.072509765625,5.E-02),(-67.94067382812,
      19.76904296875,7.E-02),(-67.89931640625,19.894189453125,7.E-02),(
      -67.89931640625,20.072509765625,7.E-02),(-67.89931640625,
      20.072509765625,5.E-02),(-67.89931640625,20.072509765625,7.E-02),(
      -67.98041992187,20.45224609375,5.E-02),(-67.98041992187,
      20.45224609375,7.E-02),(-67.89931640625,20.072509765625,5.E-02),(
      -67.89931640625,20.319580078125,5.E-02),(-67.98041992187,
      20.45224609375,5.E-02),(-67.89931640625,20.072509765625,7.E-02),(
      -67.89931640625,20.319580078125,7.E-02),(-67.98041992187,
      20.45224609375,7.E-02),(-67.98041992187,20.45224609375,5.E-02),(
      -67.98041992187,20.45224609375,7.E-02),(-68.1775390625,
      20.630029296875,5.E-02),(-68.1775390625,20.630029296875,7.E-02),(
      -67.98041992187,20.45224609375,5.E-02),(-68.0615234375,
      20.584912109375,5.E-02),(-68.1775390625,20.630029296875,5.E-02),(
      -67.98041992187,20.45224609375,7.E-02),(-68.0615234375,
      20.584912109375,7.E-02),(-68.1775390625,20.630029296875,7.E-02),(
      -68.1775390625,20.630029296875,5.E-02),(-68.1775390625,
      20.630029296875,7.E-02),(-68.44716796875,20.662255859375,5.E-02),(
      -68.44716796875,20.662255859375,7.E-02),(-68.1775390625,
      20.630029296875,5.E-02),(-68.261328125,20.662255859375,5.E-02),(
      -68.44716796875,20.662255859375,5.E-02),(-68.1775390625,
      20.630029296875,7.E-02),(-68.261328125,20.662255859375,7.E-02),(
      -68.44716796875,20.662255859375,7.E-02),(-68.44716796875,
      20.662255859375,5.E-02),(-68.44716796875,20.662255859375,7.E-02),(
      -68.77802734375,20.662255859375,5.E-02),(-68.77802734375,
      20.662255859375,7.E-02),(-68.44716796875,20.662255859375,5.E-02),(
      -68.77802734375,20.662255859375,5.E-02),(-68.44716796875,
      20.662255859375,7.E-02),(-68.77802734375,20.662255859375,7.E-02),(
      -68.4181640625,19.273291015625,5.E-02),(-68.98642578125,
      19.273291015625,5.E-02),(-68.98642578125,19.273291015625,5.E-02),(
      -68.98642578125,20.848095703125,5.E-02),(-68.98642578125,
      20.848095703125,5.E-02),(-68.4439453125,20.848095703125,5.E-02),(
      -68.4439453125,20.848095703125,5.E-02),(-68.26025390625,
      20.848095703125,5.E-02),(-68.16357421875,20.825537109375,5.E-02),(
      -68.16357421875,20.825537109375,5.E-02),(-68.02822265625,
      20.794384765625,5.E-02),(-67.9326171875,20.712744140625,5.E-02),(
      -67.9326171875,20.712744140625,5.E-02),(-67.8080078125,
      20.607470703125,5.E-02),(-67.74624023437,20.44365234375,5.E-02),(
      -67.74624023437,20.44365234375,5.E-02),(-67.68447265625,
      20.279833984375,5.E-02),(-67.68447265625,20.069287109375,5.E-02),(
      -67.68447265625,20.069287109375,5.E-02),(-67.68447265625,
      19.889892578125,5.E-02),(-67.7263671875,19.751318359375,5.E-02),(
      -67.7263671875,19.751318359375,5.E-02),(-67.76826171875,
      19.612744140625,5.E-02),(-67.8337890625,19.52197265625,5.E-02),(
      -67.8337890625,19.52197265625,5.E-02),(-67.89931640625,
      19.431201171875,5.E-02),(-67.97719726562,19.3791015625,5.E-02),(
      -67.97719726562,19.3791015625,5.E-02),(-68.055078125,
      19.327001953125,5.E-02),(-68.16518554687,19.300146484375,5.E-02),(
      -68.16518554687,19.300146484375,5.E-02),(-68.27529296875,
      19.273291015625,5.E-02),(-68.4181640625,19.273291015625,5.E-02),(
      -68.77802734375,20.662255859375,5.E-02),(-68.77802734375,
      19.459130859375,5.E-02),(-68.77802734375,19.459130859375,5.E-02),(
      -68.441796875,19.459130859375,5.E-02),(-68.441796875,
      19.459130859375,5.E-02),(-68.28603515625,19.459130859375,5.E-02),(
      -68.19741210937,19.488134765625,5.E-02),(-68.19741210937,
      19.488134765625,5.E-02),(-68.1087890625,19.517138671875,5.E-02),(
      -68.05615234375,19.569775390625,5.E-02),(-68.05615234375,
      19.569775390625,5.E-02),(-67.98203125,19.643896484375,5.E-02),(
      -67.94067382812,19.76904296875,5.E-02),(-67.94067382812,
      19.76904296875,5.E-02),(-67.89931640625,19.894189453125,5.E-02),(
      -67.89931640625,20.072509765625,5.E-02),(-67.89931640625,
      20.072509765625,5.E-02),(-67.89931640625,20.319580078125,5.E-02),(
      -67.98041992187,20.45224609375,5.E-02),(-67.98041992187,
      20.45224609375,5.E-02),(-68.0615234375,20.584912109375,5.E-02),(
      -68.1775390625,20.630029296875,5.E-02),(-68.1775390625,
      20.630029296875,5.E-02),(-68.261328125,20.662255859375,5.E-02),(
      -68.44716796875,20.662255859375,5.E-02),(-68.44716796875,
      20.662255859375,5.E-02),(-68.77802734375,20.662255859375,5.E-02),(
      -68.4181640625,19.273291015625,7.E-02),(-68.98642578125,
      19.273291015625,7.E-02),(-68.98642578125,19.273291015625,7.E-02),(
      -68.98642578125,20.848095703125,7.E-02),(-68.98642578125,
      20.848095703125,7.E-02),(-68.4439453125,20.848095703125,7.E-02),(
      -68.4439453125,20.848095703125,7.E-02),(-68.26025390625,
      20.848095703125,7.E-02),(-68.16357421875,20.825537109375,7.E-02),(
      -68.16357421875,20.825537109375,7.E-02),(-68.02822265625,
      20.794384765625,7.E-02),(-67.9326171875,20.712744140625,7.E-02),(
      -67.9326171875,20.712744140625,7.E-02),(-67.8080078125,
      20.607470703125,7.E-02),(-67.74624023437,20.44365234375,7.E-02),(
      -67.74624023437,20.44365234375,7.E-02),(-67.68447265625,
      20.279833984375,7.E-02),(-67.68447265625,20.069287109375,7.E-02),(
      -67.68447265625,20.069287109375,7.E-02),(-67.68447265625,
      19.889892578125,7.E-02),(-67.7263671875,19.751318359375,7.E-02),(
      -67.7263671875,19.751318359375,7.E-02),(-67.76826171875,
      19.612744140625,7.E-02),(-67.8337890625,19.52197265625,7.E-02),(
      -67.8337890625,19.52197265625,7.E-02),(-67.89931640625,
      19.431201171875,7.E-02),(-67.97719726562,19.3791015625,7.E-02),(
      -67.97719726562,19.3791015625,7.E-02),(-68.055078125,
      19.327001953125,7.E-02),(-68.16518554687,19.300146484375,7.E-02),(
      -68.16518554687,19.300146484375,7.E-02),(-68.27529296875,
      19.273291015625,7.E-02),(-68.4181640625,19.273291015625,7.E-02),(
      -68.77802734375,20.662255859375,7.E-02),(-68.77802734375,
      19.459130859375,7.E-02),(-68.77802734375,19.459130859375,7.E-02),(
      -68.441796875,19.459130859375,7.E-02),(-68.441796875,
      19.459130859375,7.E-02),(-68.28603515625,19.459130859375,7.E-02),(
      -68.19741210937,19.488134765625,7.E-02),(-68.19741210937,
      19.488134765625,7.E-02),(-68.1087890625,19.517138671875,7.E-02),(
      -68.05615234375,19.569775390625,7.E-02),(-68.05615234375,
      19.569775390625,7.E-02),(-67.98203125,19.643896484375,7.E-02),(
      -67.94067382812,19.76904296875,7.E-02),(-67.94067382812,
      19.76904296875,7.E-02),(-67.89931640625,19.894189453125,7.E-02),(
      -67.89931640625,20.072509765625,7.E-02),(-67.89931640625,
      20.072509765625,7.E-02),(-67.89931640625,20.319580078125,7.E-02),(
      -67.98041992187,20.45224609375,7.E-02),(-67.98041992187,
      20.45224609375,7.E-02),(-68.0615234375,20.584912109375,7.E-02),(
      -68.1775390625,20.630029296875,7.E-02),(-68.1775390625,
      20.630029296875,7.E-02),(-68.261328125,20.662255859375,7.E-02),(
      -68.44716796875,20.662255859375,7.E-02),(-68.44716796875,
      20.662255859375,7.E-02),(-68.77802734375,20.662255859375,7.E-02),(
      -67.475,19.689013671875,5.E-02),(-67.475,19.689013671875,7.E-02),(
      -67.281640625,19.714794921875,5.E-02),(-67.281640625,
      19.714794921875,7.E-02),(-67.475,19.689013671875,5.E-02),(
      -67.281640625,19.714794921875,5.E-02),(-67.475,19.689013671875,
      7.E-02),(-67.281640625,19.714794921875,7.E-02),(-67.281640625,
      19.714794921875,5.E-02),(-67.281640625,19.714794921875,7.E-02),(
      -67.16831054687,19.4779296875,5.E-02),(-67.16831054687,
      19.4779296875,7.E-02),(-67.281640625,19.714794921875,5.E-02),(
      -67.24833984375,19.550439453125,5.E-02),(-67.16831054687,
      19.4779296875,5.E-02),(-67.281640625,19.714794921875,7.E-02),(
      -67.24833984375,19.550439453125,7.E-02),(-67.16831054687,
      19.4779296875,7.E-02),(-67.16831054687,19.4779296875,5.E-02),(
      -67.16831054687,19.4779296875,7.E-02),(-66.97333984375,
      19.405419921875,5.E-02),(-66.97333984375,19.405419921875,7.E-02),(
      -67.16831054687,19.4779296875,5.E-02),(-67.08828125,
      19.405419921875,5.E-02),(-66.97333984375,19.405419921875,5.E-02),(
      -67.16831054687,19.4779296875,7.E-02),(-67.08828125,
      19.405419921875,7.E-02),(-66.97333984375,19.405419921875,7.E-02),(
      -66.97333984375,19.405419921875,5.E-02),(-66.97333984375,
      19.405419921875,7.E-02),(-66.74291992187,19.499951171875,5.E-02),(
      -66.74291992187,19.499951171875,7.E-02),(-66.97333984375,
      19.405419921875,5.E-02),(-66.8369140625,19.405419921875,5.E-02),(
      -66.74291992187,19.499951171875,5.E-02),(-66.97333984375,
      19.405419921875,7.E-02),(-66.8369140625,19.405419921875,7.E-02),(
      -66.74291992187,19.499951171875,7.E-02),(-66.74291992187,
      19.499951171875,5.E-02),(-66.74291992187,19.499951171875,7.E-02),(
      -66.64892578125,19.734130859375,5.E-02),(-66.64892578125,
      19.734130859375,7.E-02),(-66.74291992187,19.499951171875,5.E-02),(
      -66.64892578125,19.594482421875,5.E-02),(-66.64892578125,
      19.734130859375,5.E-02),(-66.74291992187,19.499951171875,7.E-02),(
      -66.64892578125,19.594482421875,7.E-02),(-66.64892578125,
      19.734130859375,7.E-02),(-66.64892578125,19.734130859375,5.E-02),(
      -66.64892578125,19.734130859375,7.E-02),(-66.7359375,
      19.95380859375,5.E-02),(-66.7359375,19.95380859375,7.E-02),(
      -66.64892578125,19.734130859375,5.E-02),(-66.64892578125,
      19.867333984375,5.E-02),(-66.7359375,19.95380859375,5.E-02),(
      -66.64892578125,19.734130859375,7.E-02),(-66.64892578125,
      19.867333984375,7.E-02),(-66.7359375,19.95380859375,7.E-02),(
      -66.7359375,19.95380859375,5.E-02),(-66.7359375,19.95380859375,
      7.E-02),(-66.9572265625,20.040283203125,5.E-02),(-66.9572265625,
      20.040283203125,7.E-02),(-66.7359375,19.95380859375,5.E-02),(
      -66.82294921875,20.040283203125,5.E-02),(-66.9572265625,
      20.040283203125,5.E-02),(-66.7359375,19.95380859375,7.E-02),(
      -66.82294921875,20.040283203125,7.E-02),(-66.9572265625,
      20.040283203125,7.E-02),(-66.9572265625,20.040283203125,5.E-02),(
      -66.9572265625,20.040283203125,7.E-02),(-67.09365234375,
      20.018798828125,5.E-02),(-67.09365234375,20.018798828125,7.E-02),(
      -66.9572265625,20.040283203125,5.E-02),(-67.01201171875,
      20.040283203125,5.E-02),(-67.09365234375,20.018798828125,5.E-02),(
      -66.9572265625,20.040283203125,7.E-02),(-67.01201171875,
      20.040283203125,7.E-02),(-67.09365234375,20.018798828125,7.E-02),(
      -67.09365234375,20.018798828125,5.E-02),(-67.09365234375,
      20.018798828125,7.E-02),(-67.07216796875,20.188525390625,5.E-02),(
      -67.07216796875,20.188525390625,7.E-02),(-67.09365234375,
      20.018798828125,5.E-02),(-67.07216796875,20.188525390625,5.E-02),(
      -67.09365234375,20.018798828125,7.E-02),(-67.07216796875,
      20.188525390625,7.E-02),(-67.07216796875,20.188525390625,5.E-02),(
      -67.07216796875,20.188525390625,7.E-02),(-67.041015625,
      20.186376953125,5.E-02),(-67.041015625,20.186376953125,7.E-02),(
      -67.07216796875,20.188525390625,5.E-02),(-67.05283203125,
      20.186376953125,5.E-02),(-67.041015625,20.186376953125,5.E-02),(
      -67.07216796875,20.188525390625,7.E-02),(-67.05283203125,
      20.186376953125,7.E-02),(-67.041015625,20.186376953125,7.E-02),(
      -67.041015625,20.186376953125,5.E-02),(-67.041015625,
      20.186376953125,7.E-02),(-66.81865234375,20.250830078125,5.E-02),(
      -66.81865234375,20.250830078125,7.E-02),(-67.041015625,
      20.186376953125,5.E-02),(-66.91748046875,20.186376953125,5.E-02),(
      -66.81865234375,20.250830078125,5.E-02),(-67.041015625,
      20.186376953125,7.E-02),(-66.91748046875,20.186376953125,7.E-02),(
      -66.81865234375,20.250830078125,7.E-02),(-66.81865234375,
      20.250830078125,5.E-02),(-66.81865234375,20.250830078125,7.E-02),(
      -66.71982421875,20.449560546875,5.E-02),(-66.71982421875,
      20.449560546875,7.E-02),(-66.81865234375,20.250830078125,5.E-02),(
      -66.71982421875,20.315283203125,5.E-02),(-66.71982421875,
      20.449560546875,5.E-02),(-66.81865234375,20.250830078125,7.E-02),(
      -66.71982421875,20.315283203125,7.E-02),(-66.71982421875,
      20.449560546875,7.E-02),(-66.71982421875,20.449560546875,5.E-02),(
      -66.71982421875,20.449560546875,7.E-02),(-66.791796875,
      20.625732421875,5.E-02),(-66.791796875,20.625732421875,7.E-02),(
      -66.71982421875,20.449560546875,5.E-02),(-66.71982421875,
      20.555908203125,5.E-02),(-66.791796875,20.625732421875,5.E-02),(
      -66.71982421875,20.449560546875,7.E-02),(-66.71982421875,
      20.555908203125,7.E-02),(-66.791796875,20.625732421875,7.E-02),(
      -66.791796875,20.625732421875,5.E-02),(-66.791796875,
      20.625732421875,7.E-02),(-66.97763671875,20.695556640625,5.E-02),(
      -66.97763671875,20.695556640625,7.E-02),(-66.791796875,
      20.625732421875,5.E-02),(-66.86376953125,20.695556640625,5.E-02),(
      -66.97763671875,20.695556640625,5.E-02),(-66.791796875,
      20.625732421875,7.E-02),(-66.86376953125,20.695556640625,7.E-02),(
      -66.97763671875,20.695556640625,7.E-02),(-66.97763671875,
      20.695556640625,5.E-02),(-66.97763671875,20.695556640625,7.E-02),(
      -67.165625,20.624658203125,5.E-02),(-67.165625,20.624658203125,
      7.E-02),(-66.97763671875,20.695556640625,5.E-02),(-67.0904296875,
      20.695556640625,5.E-02),(-67.165625,20.624658203125,5.E-02),(
      -66.97763671875,20.695556640625,7.E-02),(-67.0904296875,
      20.695556640625,7.E-02),(-67.165625,20.624658203125,7.E-02),(
      -67.165625,20.624658203125,5.E-02),(-67.165625,20.624658203125,
      7.E-02),(-67.2623046875,20.411962890625,5.E-02),(-67.2623046875,
      20.411962890625,7.E-02),(-67.165625,20.624658203125,5.E-02),(
      -67.2408203125,20.553759765625,5.E-02),(-67.2623046875,
      20.411962890625,5.E-02),(-67.165625,20.624658203125,7.E-02),(
      -67.2408203125,20.553759765625,7.E-02),(-67.2623046875,
      20.411962890625,7.E-02),(-67.2623046875,20.411962890625,5.E-02),(
      -67.2623046875,20.411962890625,7.E-02),(-67.4556640625,
      20.446337890625,5.E-02),(-67.4556640625,20.446337890625,7.E-02),(
      -67.2623046875,20.411962890625,5.E-02),(-67.4556640625,
      20.446337890625,5.E-02),(-67.2623046875,20.411962890625,7.E-02),(
      -67.4556640625,20.446337890625,7.E-02),(-67.4556640625,
      20.446337890625,5.E-02),(-67.4556640625,20.446337890625,7.E-02),(
      -67.29453125,20.74765625,5.E-02),(-67.29453125,20.74765625,7.E-02)
    ,(-67.4556640625,20.446337890625,5.E-02),(-67.42021484375,
      20.640771484375,5.E-02),(-67.29453125,20.74765625,5.E-02),(
      -67.4556640625,20.446337890625,7.E-02),(-67.42021484375,
      20.640771484375,7.E-02),(-67.29453125,20.74765625,7.E-02),(
      -67.29453125,20.74765625,5.E-02),(-67.29453125,20.74765625,7.E-02)
    ,(-66.98193359375,20.854541015625,5.E-02),(-66.98193359375,
      20.854541015625,7.E-02),(-67.29453125,20.74765625,5.E-02),(
      -67.16884765625,20.854541015625,5.E-02),(-66.98193359375,
      20.854541015625,5.E-02),(-67.29453125,20.74765625,7.E-02),(
      -67.16884765625,20.854541015625,7.E-02),(-66.98193359375,
      20.854541015625,7.E-02),(-66.98193359375,20.854541015625,5.E-02),(
      -66.98193359375,20.854541015625,7.E-02),(-66.74453125,20.79921875,
      5.E-02),(-66.74453125,20.79921875,7.E-02),(-66.98193359375,
      20.854541015625,5.E-02),(-66.85302734375,20.854541015625,5.E-02),(
      -66.74453125,20.79921875,5.E-02),(-66.98193359375,20.854541015625,
      7.E-02),(-66.85302734375,20.854541015625,7.E-02),(-66.74453125,
      20.79921875,7.E-02),(-66.74453125,20.79921875,5.E-02),(
      -66.74453125,20.79921875,7.E-02),(-66.57856445312,20.648291015625,
      5.E-02),(-66.57856445312,20.648291015625,7.E-02),(-66.74453125,
      20.79921875,5.E-02),(-66.63603515625,20.743896484375,5.E-02),(
      -66.57856445312,20.648291015625,5.E-02),(-66.74453125,20.79921875,
      7.E-02),(-66.63603515625,20.743896484375,7.E-02),(-66.57856445312,
      20.648291015625,7.E-02),(-66.57856445312,20.648291015625,5.E-02),(
      -66.57856445312,20.648291015625,7.E-02),(-66.52109375,
      20.445263671875,5.E-02),(-66.52109375,20.445263671875,7.E-02),(
      -66.57856445312,20.648291015625,5.E-02),(-66.52109375,
      20.552685546875,5.E-02),(-66.52109375,20.445263671875,5.E-02),(
      -66.57856445312,20.648291015625,7.E-02),(-66.52109375,
      20.552685546875,7.E-02),(-66.52109375,20.445263671875,7.E-02),(
      -66.52109375,20.445263671875,5.E-02),(-66.52109375,20.445263671875
      ,7.E-02),(-66.57587890625,20.259423828125,5.E-02),(-66.57587890625
      ,20.259423828125,7.E-02),(-66.52109375,20.445263671875,5.E-02),(
      -66.52109375,20.343212890625,5.E-02),(-66.57587890625,
      20.259423828125,5.E-02),(-66.52109375,20.445263671875,7.E-02),(
      -66.52109375,20.343212890625,7.E-02),(-66.57587890625,
      20.259423828125,7.E-02),(-66.57587890625,20.259423828125,5.E-02),(
      -66.57587890625,20.259423828125,7.E-02),(-66.7380859375,
      20.126220703125,5.E-02),(-66.7380859375,20.126220703125,7.E-02),(
      -66.57587890625,20.259423828125,5.E-02),(-66.6306640625,
      20.175634765625,5.E-02),(-66.7380859375,20.126220703125,5.E-02),(
      -66.57587890625,20.259423828125,7.E-02),(-66.6306640625,
      20.175634765625,7.E-02),(-66.7380859375,20.126220703125,7.E-02),(
      -66.7380859375,20.126220703125,5.E-02),(-66.7380859375,
      20.126220703125,7.E-02),(-66.52109375,19.99248046875,5.E-02),(
      -66.52109375,19.99248046875,7.E-02),(-66.7380859375,
      20.126220703125,5.E-02),(-66.5984375,20.093994140625,5.E-02),(
      -66.52109375,19.99248046875,5.E-02),(-66.7380859375,
      20.126220703125,7.E-02),(-66.5984375,20.093994140625,7.E-02),(
      -66.52109375,19.99248046875,7.E-02),(-66.52109375,19.99248046875,
      5.E-02),(-66.52109375,19.99248046875,7.E-02),(-66.44375,
      19.738427734375,5.E-02),(-66.44375,19.738427734375,7.E-02),(
      -66.52109375,19.99248046875,5.E-02),(-66.44375,19.890966796875,
      5.E-02),(-66.44375,19.738427734375,5.E-02),(-66.52109375,
      19.99248046875,7.E-02),(-66.44375,19.890966796875,7.E-02),(
      -66.44375,19.738427734375,7.E-02),(-66.44375,19.738427734375,
      5.E-02),(-66.44375,19.738427734375,7.E-02),(-66.594140625,
      19.38876953125,5.E-02),(-66.594140625,19.38876953125,7.E-02),(
      -66.44375,19.738427734375,5.E-02),(-66.44375,19.532177734375,
      5.E-02),(-66.594140625,19.38876953125,5.E-02),(-66.44375,
      19.738427734375,7.E-02),(-66.44375,19.532177734375,7.E-02),(
      -66.594140625,19.38876953125,7.E-02),(-66.594140625,19.38876953125
      ,5.E-02),(-66.594140625,19.38876953125,7.E-02),(-66.9744140625,
      19.245361328125,5.E-02),(-66.9744140625,19.245361328125,7.E-02),(
      -66.594140625,19.38876953125,5.E-02),(-66.74453125,19.245361328125
      ,5.E-02),(-66.9744140625,19.245361328125,5.E-02),(-66.594140625,
      19.38876953125,7.E-02),(-66.74453125,19.245361328125,7.E-02),(
      -66.9744140625,19.245361328125,7.E-02),(-66.9744140625,
      19.245361328125,5.E-02),(-66.9744140625,19.245361328125,7.E-02),(
      -67.31870117187,19.368896484375,5.E-02),(-67.31870117187,
      19.368896484375,7.E-02),(-66.9744140625,19.245361328125,5.E-02),(
      -67.18173828125,19.245361328125,5.E-02),(-67.31870117187,
      19.368896484375,5.E-02),(-66.9744140625,19.245361328125,7.E-02),(
      -67.18173828125,19.245361328125,7.E-02),(-67.31870117187,
      19.368896484375,7.E-02),(-67.31870117187,19.368896484375,5.E-02),(
      -67.31870117187,19.368896484375,7.E-02),(-67.475,19.689013671875,
      5.E-02),(-67.475,19.689013671875,7.E-02),(-67.31870117187,
      19.368896484375,5.E-02),(-67.4556640625,19.492431640625,5.E-02),(
      -67.475,19.689013671875,5.E-02),(-67.31870117187,19.368896484375,
      7.E-02),(-67.4556640625,19.492431640625,7.E-02),(-67.475,
      19.689013671875,7.E-02),(-67.475,19.689013671875,5.E-02),(
      -67.281640625,19.714794921875,5.E-02),(-67.281640625,
      19.714794921875,5.E-02),(-67.24833984375,19.550439453125,5.E-02),(
      -67.16831054687,19.4779296875,5.E-02),(-67.16831054687,
      19.4779296875,5.E-02),(-67.08828125,19.405419921875,5.E-02),(
      -66.97333984375,19.405419921875,5.E-02),(-66.97333984375,
      19.405419921875,5.E-02),(-66.8369140625,19.405419921875,5.E-02),(
      -66.74291992187,19.499951171875,5.E-02),(-66.74291992187,
      19.499951171875,5.E-02),(-66.64892578125,19.594482421875,5.E-02),(
      -66.64892578125,19.734130859375,5.E-02),(-66.64892578125,
      19.734130859375,5.E-02),(-66.64892578125,19.867333984375,5.E-02),(
      -66.7359375,19.95380859375,5.E-02),(-66.7359375,19.95380859375,
      5.E-02),(-66.82294921875,20.040283203125,5.E-02),(-66.9572265625,
      20.040283203125,5.E-02),(-66.9572265625,20.040283203125,5.E-02),(
      -67.01201171875,20.040283203125,5.E-02),(-67.09365234375,
      20.018798828125,5.E-02),(-67.09365234375,20.018798828125,5.E-02),(
      -67.07216796875,20.188525390625,5.E-02),(-67.07216796875,
      20.188525390625,5.E-02),(-67.05283203125,20.186376953125,5.E-02),(
      -67.041015625,20.186376953125,5.E-02),(-67.041015625,
      20.186376953125,5.E-02),(-66.91748046875,20.186376953125,5.E-02),(
      -66.81865234375,20.250830078125,5.E-02),(-66.81865234375,
      20.250830078125,5.E-02),(-66.71982421875,20.315283203125,5.E-02),(
      -66.71982421875,20.449560546875,5.E-02),(-66.71982421875,
      20.449560546875,5.E-02),(-66.71982421875,20.555908203125,5.E-02),(
      -66.791796875,20.625732421875,5.E-02),(-66.791796875,
      20.625732421875,5.E-02),(-66.86376953125,20.695556640625,5.E-02),(
      -66.97763671875,20.695556640625,5.E-02),(-66.97763671875,
      20.695556640625,5.E-02),(-67.0904296875,20.695556640625,5.E-02),(
      -67.165625,20.624658203125,5.E-02),(-67.165625,20.624658203125,
      5.E-02),(-67.2408203125,20.553759765625,5.E-02),(-67.2623046875,
      20.411962890625,5.E-02),(-67.2623046875,20.411962890625,5.E-02),(
      -67.4556640625,20.446337890625,5.E-02),(-67.4556640625,
      20.446337890625,5.E-02),(-67.42021484375,20.640771484375,5.E-02),(
      -67.29453125,20.74765625,5.E-02),(-67.29453125,20.74765625,5.E-02)
    ,(-67.16884765625,20.854541015625,5.E-02),(-66.98193359375,
      20.854541015625,5.E-02),(-66.98193359375,20.854541015625,5.E-02),(
      -66.85302734375,20.854541015625,5.E-02),(-66.74453125,20.79921875,
      5.E-02),(-66.74453125,20.79921875,5.E-02),(-66.63603515625,
      20.743896484375,5.E-02),(-66.57856445312,20.648291015625,5.E-02),(
      -66.57856445312,20.648291015625,5.E-02),(-66.52109375,
      20.552685546875,5.E-02),(-66.52109375,20.445263671875,5.E-02),(
      -66.52109375,20.445263671875,5.E-02),(-66.52109375,20.343212890625
      ,5.E-02),(-66.57587890625,20.259423828125,5.E-02),(-66.57587890625
      ,20.259423828125,5.E-02),(-66.6306640625,20.175634765625,5.E-02),(
      -66.7380859375,20.126220703125,5.E-02),(-66.7380859375,
      20.126220703125,5.E-02),(-66.5984375,20.093994140625,5.E-02),(
      -66.52109375,19.99248046875,5.E-02),(-66.52109375,19.99248046875,
      5.E-02),(-66.44375,19.890966796875,5.E-02),(-66.44375,
      19.738427734375,5.E-02),(-66.44375,19.738427734375,5.E-02),(
      -66.44375,19.532177734375,5.E-02),(-66.594140625,19.38876953125,
      5.E-02),(-66.594140625,19.38876953125,5.E-02),(-66.74453125,
      19.245361328125,5.E-02),(-66.9744140625,19.245361328125,5.E-02),(
      -66.9744140625,19.245361328125,5.E-02),(-67.18173828125,
      19.245361328125,5.E-02),(-67.31870117187,19.368896484375,5.E-02),(
      -67.31870117187,19.368896484375,5.E-02),(-67.4556640625,
      19.492431640625,5.E-02),(-67.475,19.689013671875,5.E-02),(-67.475,
      19.689013671875,7.E-02),(-67.281640625,19.714794921875,7.E-02),(
      -67.281640625,19.714794921875,7.E-02),(-67.24833984375,
      19.550439453125,7.E-02),(-67.16831054687,19.4779296875,7.E-02),(
      -67.16831054687,19.4779296875,7.E-02),(-67.08828125,
      19.405419921875,7.E-02),(-66.97333984375,19.405419921875,7.E-02),(
      -66.97333984375,19.405419921875,7.E-02),(-66.8369140625,
      19.405419921875,7.E-02),(-66.74291992187,19.499951171875,7.E-02),(
      -66.74291992187,19.499951171875,7.E-02),(-66.64892578125,
      19.594482421875,7.E-02),(-66.64892578125,19.734130859375,7.E-02),(
      -66.64892578125,19.734130859375,7.E-02),(-66.64892578125,
      19.867333984375,7.E-02),(-66.7359375,19.95380859375,7.E-02),(
      -66.7359375,19.95380859375,7.E-02),(-66.82294921875,
      20.040283203125,7.E-02),(-66.9572265625,20.040283203125,7.E-02),(
      -66.9572265625,20.040283203125,7.E-02),(-67.01201171875,
      20.040283203125,7.E-02),(-67.09365234375,20.018798828125,7.E-02),(
      -67.09365234375,20.018798828125,7.E-02),(-67.07216796875,
      20.188525390625,7.E-02),(-67.07216796875,20.188525390625,7.E-02),(
      -67.05283203125,20.186376953125,7.E-02),(-67.041015625,
      20.186376953125,7.E-02),(-67.041015625,20.186376953125,7.E-02),(
      -66.91748046875,20.186376953125,7.E-02),(-66.81865234375,
      20.250830078125,7.E-02),(-66.81865234375,20.250830078125,7.E-02),(
      -66.71982421875,20.315283203125,7.E-02),(-66.71982421875,
      20.449560546875,7.E-02),(-66.71982421875,20.449560546875,7.E-02),(
      -66.71982421875,20.555908203125,7.E-02),(-66.791796875,
      20.625732421875,7.E-02),(-66.791796875,20.625732421875,7.E-02),(
      -66.86376953125,20.695556640625,7.E-02),(-66.97763671875,
      20.695556640625,7.E-02),(-66.97763671875,20.695556640625,7.E-02),(
      -67.0904296875,20.695556640625,7.E-02),(-67.165625,20.624658203125
      ,7.E-02),(-67.165625,20.624658203125,7.E-02),(-67.2408203125,
      20.553759765625,7.E-02),(-67.2623046875,20.411962890625,7.E-02),(
      -67.2623046875,20.411962890625,7.E-02),(-67.4556640625,
      20.446337890625,7.E-02),(-67.4556640625,20.446337890625,7.E-02),(
      -67.42021484375,20.640771484375,7.E-02),(-67.29453125,20.74765625,
      7.E-02),(-67.29453125,20.74765625,7.E-02),(-67.16884765625,
      20.854541015625,7.E-02),(-66.98193359375,20.854541015625,7.E-02),(
      -66.98193359375,20.854541015625,7.E-02),(-66.85302734375,
      20.854541015625,7.E-02),(-66.74453125,20.79921875,7.E-02),(
      -66.74453125,20.79921875,7.E-02),(-66.63603515625,20.743896484375,
      7.E-02),(-66.57856445312,20.648291015625,7.E-02),(-66.57856445312,
      20.648291015625,7.E-02),(-66.52109375,20.552685546875,7.E-02),(
      -66.52109375,20.445263671875,7.E-02),(-66.52109375,20.445263671875
      ,7.E-02),(-66.52109375,20.343212890625,7.E-02),(-66.57587890625,
      20.259423828125,7.E-02),(-66.57587890625,20.259423828125,7.E-02),(
      -66.6306640625,20.175634765625,7.E-02),(-66.7380859375,
      20.126220703125,7.E-02),(-66.7380859375,20.126220703125,7.E-02),(
      -66.5984375,20.093994140625,7.E-02),(-66.52109375,19.99248046875,
      7.E-02),(-66.52109375,19.99248046875,7.E-02),(-66.44375,
      19.890966796875,7.E-02),(-66.44375,19.738427734375,7.E-02),(
      -66.44375,19.738427734375,7.E-02),(-66.44375,19.532177734375,
      7.E-02),(-66.594140625,19.38876953125,7.E-02),(-66.594140625,
      19.38876953125,7.E-02),(-66.74453125,19.245361328125,7.E-02),(
      -66.9744140625,19.245361328125,7.E-02),(-66.9744140625,
      19.245361328125,7.E-02),(-67.18173828125,19.245361328125,7.E-02),(
      -67.31870117187,19.368896484375,7.E-02),(-67.31870117187,
      19.368896484375,7.E-02),(-67.4556640625,19.492431640625,7.E-02),(
      -67.475,19.689013671875,7.E-02),(-66.2525390625,20.049951171875,
      5.E-02),(-66.2525390625,20.049951171875,7.E-02),(-66.19506835937,
      20.49951171875,5.E-02),(-66.19506835937,20.49951171875,7.E-02),(
      -66.2525390625,20.049951171875,5.E-02),(-66.2525390625,
      20.329248046875,5.E-02),(-66.19506835937,20.49951171875,5.E-02),(
      -66.2525390625,20.049951171875,7.E-02),(-66.2525390625,
      20.329248046875,7.E-02),(-66.19506835937,20.49951171875,7.E-02),(
      -66.19506835937,20.49951171875,5.E-02),(-66.19506835937,
      20.49951171875,7.E-02),(-66.02426757812,20.762158203125,5.E-02),(
      -66.02426757812,20.762158203125,7.E-02),(-66.19506835937,
      20.49951171875,5.E-02),(-66.13759765625,20.669775390625,5.E-02),(
      -66.02426757812,20.762158203125,5.E-02),(-66.19506835937,
      20.49951171875,7.E-02),(-66.13759765625,20.669775390625,7.E-02),(
      -66.02426757812,20.762158203125,7.E-02),(-66.02426757812,
      20.762158203125,5.E-02),(-66.02426757812,20.762158203125,7.E-02),(
      -65.7390625,20.854541015625,5.E-02),(-65.7390625,20.854541015625,
      7.E-02),(-66.02426757812,20.762158203125,5.E-02),(-65.9109375,
      20.854541015625,5.E-02),(-65.7390625,20.854541015625,5.E-02),(
      -66.02426757812,20.762158203125,7.E-02),(-65.9109375,
      20.854541015625,7.E-02),(-65.7390625,20.854541015625,7.E-02),(
      -65.7390625,20.854541015625,5.E-02),(-65.7390625,20.854541015625,
      7.E-02),(-65.51669921875,20.803515625,5.E-02),(-65.51669921875,
      20.803515625,7.E-02),(-65.7390625,20.854541015625,5.E-02),(
      -65.6123046875,20.854541015625,5.E-02),(-65.51669921875,
      20.803515625,5.E-02),(-65.7390625,20.854541015625,7.E-02),(
      -65.6123046875,20.854541015625,7.E-02),(-65.51669921875,
      20.803515625,7.E-02),(-65.51669921875,20.803515625,5.E-02),(
      -65.51669921875,20.803515625,7.E-02),(-65.3587890625,
      20.65634765625,5.E-02),(-65.3587890625,20.65634765625,7.E-02),(
      -65.51669921875,20.803515625,5.E-02),(-65.42109375,20.752490234375
      ,5.E-02),(-65.3587890625,20.65634765625,5.E-02),(-65.51669921875,
      20.803515625,7.E-02),(-65.42109375,20.752490234375,7.E-02),(
      -65.3587890625,20.65634765625,7.E-02),(-65.3587890625,
      20.65634765625,5.E-02),(-65.3587890625,20.65634765625,7.E-02),(
      -65.26103515625,20.42216796875,5.E-02),(-65.26103515625,
      20.42216796875,7.E-02),(-65.3587890625,20.65634765625,5.E-02),(
      -65.296484375,20.560205078125,5.E-02),(-65.26103515625,
      20.42216796875,5.E-02),(-65.3587890625,20.65634765625,7.E-02),(
      -65.296484375,20.560205078125,7.E-02),(-65.26103515625,
      20.42216796875,7.E-02),(-65.26103515625,20.42216796875,5.E-02),(
      -65.26103515625,20.42216796875,7.E-02),(-65.2255859375,
      20.049951171875,5.E-02),(-65.2255859375,20.049951171875,7.E-02),(
      -65.26103515625,20.42216796875,5.E-02),(-65.2255859375,
      20.284130859375,5.E-02),(-65.2255859375,20.049951171875,5.E-02),(
      -65.26103515625,20.42216796875,7.E-02),(-65.2255859375,
      20.284130859375,7.E-02),(-65.2255859375,20.049951171875,7.E-02),(
      -65.2255859375,20.049951171875,5.E-02),(-65.2255859375,
      20.049951171875,7.E-02),(-65.28251953125,19.6025390625,5.E-02),(
      -65.28251953125,19.6025390625,7.E-02),(-65.2255859375,
      20.049951171875,5.E-02),(-65.2255859375,19.772802734375,5.E-02),(
      -65.28251953125,19.6025390625,5.E-02),(-65.2255859375,
      20.049951171875,7.E-02),(-65.2255859375,19.772802734375,7.E-02),(
      -65.28251953125,19.6025390625,7.E-02),(-65.28251953125,
      19.6025390625,5.E-02),(-65.28251953125,19.6025390625,7.E-02),(
      -65.45278320312,19.33935546875,5.E-02),(-65.45278320312,
      19.33935546875,7.E-02),(-65.28251953125,19.6025390625,5.E-02),(
      -65.339453125,19.432275390625,5.E-02),(-65.45278320312,
      19.33935546875,5.E-02),(-65.28251953125,19.6025390625,7.E-02),(
      -65.339453125,19.432275390625,7.E-02),(-65.45278320312,
      19.33935546875,7.E-02),(-65.45278320312,19.33935546875,5.E-02),(
      -65.45278320312,19.33935546875,7.E-02),(-65.7390625,
      19.246435546875,5.E-02),(-65.7390625,19.246435546875,7.E-02),(
      -65.45278320312,19.33935546875,5.E-02),(-65.56611328125,
      19.246435546875,5.E-02),(-65.7390625,19.246435546875,5.E-02),(
      -65.45278320312,19.33935546875,7.E-02),(-65.56611328125,
      19.246435546875,7.E-02),(-65.7390625,19.246435546875,7.E-02),(
      -65.7390625,19.246435546875,5.E-02),(-65.7390625,19.246435546875,
      7.E-02),(-66.09677734375,19.409716796875,5.E-02),(-66.09677734375,
      19.409716796875,7.E-02),(-65.7390625,19.246435546875,5.E-02),(
      -65.966796875,19.246435546875,5.E-02),(-66.09677734375,
      19.409716796875,5.E-02),(-65.7390625,19.246435546875,7.E-02),(
      -65.966796875,19.246435546875,7.E-02),(-66.09677734375,
      19.409716796875,7.E-02),(-66.09677734375,19.409716796875,5.E-02),(
      -66.09677734375,19.409716796875,7.E-02),(-66.2525390625,
      20.049951171875,5.E-02),(-66.2525390625,20.049951171875,7.E-02),(
      -66.09677734375,19.409716796875,5.E-02),(-66.2525390625,
      19.606298828125,5.E-02),(-66.2525390625,20.049951171875,5.E-02),(
      -66.09677734375,19.409716796875,7.E-02),(-66.2525390625,
      19.606298828125,7.E-02),(-66.2525390625,20.049951171875,7.E-02),(
      -66.05380859375,20.049951171875,5.E-02),(-66.05380859375,
      20.049951171875,7.E-02),(-65.96303710937,19.5337890625,5.E-02),(
      -65.96303710937,19.5337890625,7.E-02),(-66.05380859375,
      20.049951171875,5.E-02),(-66.05380859375,19.662158203125,5.E-02),(
      -65.96303710937,19.5337890625,5.E-02),(-66.05380859375,
      20.049951171875,7.E-02),(-66.05380859375,19.662158203125,7.E-02),(
      -65.96303710937,19.5337890625,7.E-02),(-65.96303710937,
      19.5337890625,5.E-02),(-65.96303710937,19.5337890625,7.E-02),(
      -65.7390625,19.405419921875,5.E-02),(-65.7390625,19.405419921875,
      7.E-02),(-65.96303710937,19.5337890625,5.E-02),(-65.872265625,
      19.405419921875,5.E-02),(-65.7390625,19.405419921875,5.E-02),(
      -65.96303710937,19.5337890625,7.E-02),(-65.872265625,
      19.405419921875,7.E-02),(-65.7390625,19.405419921875,7.E-02),(
      -65.7390625,19.405419921875,5.E-02),(-65.7390625,19.405419921875,
      7.E-02),(-65.51508789062,19.534326171875,5.E-02),(-65.51508789062,
      19.534326171875,7.E-02),(-65.7390625,19.405419921875,5.E-02),(
      -65.605859375,19.405419921875,5.E-02),(-65.51508789062,
      19.534326171875,5.E-02),(-65.7390625,19.405419921875,7.E-02),(
      -65.605859375,19.405419921875,7.E-02),(-65.51508789062,
      19.534326171875,7.E-02),(-65.51508789062,19.534326171875,5.E-02),(
      -65.51508789062,19.534326171875,7.E-02),(-65.42431640625,
      20.049951171875,5.E-02),(-65.42431640625,20.049951171875,7.E-02),(
      -65.51508789062,19.534326171875,5.E-02),(-65.42431640625,
      19.663232421875,5.E-02),(-65.42431640625,20.049951171875,5.E-02),(
      -65.51508789062,19.534326171875,7.E-02),(-65.42431640625,
      19.663232421875,7.E-02),(-65.42431640625,20.049951171875,7.E-02),(
      -65.42431640625,20.049951171875,5.E-02),(-65.42431640625,
      20.049951171875,7.E-02),(-65.51508789062,20.566650390625,5.E-02),(
      -65.51508789062,20.566650390625,7.E-02),(-65.42431640625,
      20.049951171875,5.E-02),(-65.42431640625,20.438818359375,5.E-02),(
      -65.51508789062,20.566650390625,5.E-02),(-65.42431640625,
      20.049951171875,7.E-02),(-65.42431640625,20.438818359375,7.E-02),(
      -65.51508789062,20.566650390625,7.E-02),(-65.51508789062,
      20.566650390625,5.E-02),(-65.51508789062,20.566650390625,7.E-02),(
      -65.7412109375,20.694482421875,5.E-02),(-65.7412109375,
      20.694482421875,7.E-02),(-65.51508789062,20.566650390625,5.E-02),(
      -65.605859375,20.694482421875,5.E-02),(-65.7412109375,
      20.694482421875,5.E-02),(-65.51508789062,20.566650390625,7.E-02),(
      -65.605859375,20.694482421875,7.E-02),(-65.7412109375,
      20.694482421875,7.E-02),(-65.7412109375,20.694482421875,5.E-02),(
      -65.7412109375,20.694482421875,7.E-02),(-65.95390625,
      20.581689453125,5.E-02),(-65.95390625,20.581689453125,7.E-02),(
      -65.7412109375,20.694482421875,5.E-02),(-65.8744140625,
      20.694482421875,5.E-02),(-65.95390625,20.581689453125,5.E-02),(
      -65.7412109375,20.694482421875,7.E-02),(-65.8744140625,
      20.694482421875,7.E-02),(-65.95390625,20.581689453125,7.E-02),(
      -65.95390625,20.581689453125,5.E-02),(-65.95390625,20.581689453125
      ,7.E-02),(-66.05380859375,20.049951171875,5.E-02),(-66.05380859375
      ,20.049951171875,7.E-02),(-65.95390625,20.581689453125,5.E-02),(
      -66.05380859375,20.437744140625,5.E-02),(-66.05380859375,
      20.049951171875,5.E-02),(-65.95390625,20.581689453125,7.E-02),(
      -66.05380859375,20.437744140625,7.E-02),(-66.05380859375,
      20.049951171875,7.E-02),(-66.2525390625,20.049951171875,5.E-02),(
      -66.2525390625,20.329248046875,5.E-02),(-66.19506835937,
      20.49951171875,5.E-02),(-66.19506835937,20.49951171875,5.E-02),(
      -66.13759765625,20.669775390625,5.E-02),(-66.02426757812,
      20.762158203125,5.E-02),(-66.02426757812,20.762158203125,5.E-02),(
      -65.9109375,20.854541015625,5.E-02),(-65.7390625,20.854541015625,
      5.E-02),(-65.7390625,20.854541015625,5.E-02),(-65.6123046875,
      20.854541015625,5.E-02),(-65.51669921875,20.803515625,5.E-02),(
      -65.51669921875,20.803515625,5.E-02),(-65.42109375,20.752490234375
      ,5.E-02),(-65.3587890625,20.65634765625,5.E-02),(-65.3587890625,
      20.65634765625,5.E-02),(-65.296484375,20.560205078125,5.E-02),(
      -65.26103515625,20.42216796875,5.E-02),(-65.26103515625,
      20.42216796875,5.E-02),(-65.2255859375,20.284130859375,5.E-02),(
      -65.2255859375,20.049951171875,5.E-02),(-65.2255859375,
      20.049951171875,5.E-02),(-65.2255859375,19.772802734375,5.E-02),(
      -65.28251953125,19.6025390625,5.E-02),(-65.28251953125,
      19.6025390625,5.E-02),(-65.339453125,19.432275390625,5.E-02),(
      -65.45278320312,19.33935546875,5.E-02),(-65.45278320312,
      19.33935546875,5.E-02),(-65.56611328125,19.246435546875,5.E-02),(
      -65.7390625,19.246435546875,5.E-02),(-65.7390625,19.246435546875,
      5.E-02),(-65.966796875,19.246435546875,5.E-02),(-66.09677734375,
      19.409716796875,5.E-02),(-66.09677734375,19.409716796875,5.E-02),(
      -66.2525390625,19.606298828125,5.E-02),(-66.2525390625,
      20.049951171875,5.E-02),(-66.05380859375,20.049951171875,5.E-02),(
      -66.05380859375,19.662158203125,5.E-02),(-65.96303710937,
      19.5337890625,5.E-02),(-65.96303710937,19.5337890625,5.E-02),(
      -65.872265625,19.405419921875,5.E-02),(-65.7390625,19.405419921875
      ,5.E-02),(-65.7390625,19.405419921875,5.E-02),(-65.605859375,
      19.405419921875,5.E-02),(-65.51508789062,19.534326171875,5.E-02),(
      -65.51508789062,19.534326171875,5.E-02),(-65.42431640625,
      19.663232421875,5.E-02),(-65.42431640625,20.049951171875,5.E-02),(
      -65.42431640625,20.049951171875,5.E-02),(-65.42431640625,
      20.438818359375,5.E-02),(-65.51508789062,20.566650390625,5.E-02),(
      -65.51508789062,20.566650390625,5.E-02),(-65.605859375,
      20.694482421875,5.E-02),(-65.7412109375,20.694482421875,5.E-02),(
      -65.7412109375,20.694482421875,5.E-02),(-65.8744140625,
      20.694482421875,5.E-02),(-65.95390625,20.581689453125,5.E-02),(
      -65.95390625,20.581689453125,5.E-02),(-66.05380859375,
      20.437744140625,5.E-02),(-66.05380859375,20.049951171875,5.E-02),(
      -66.2525390625,20.049951171875,7.E-02),(-66.2525390625,
      20.329248046875,7.E-02),(-66.19506835937,20.49951171875,7.E-02),(
      -66.19506835937,20.49951171875,7.E-02),(-66.13759765625,
      20.669775390625,7.E-02),(-66.02426757812,20.762158203125,7.E-02),(
      -66.02426757812,20.762158203125,7.E-02),(-65.9109375,
      20.854541015625,7.E-02),(-65.7390625,20.854541015625,7.E-02),(
      -65.7390625,20.854541015625,7.E-02),(-65.6123046875,
      20.854541015625,7.E-02),(-65.51669921875,20.803515625,7.E-02),(
      -65.51669921875,20.803515625,7.E-02),(-65.42109375,20.752490234375
      ,7.E-02),(-65.3587890625,20.65634765625,7.E-02),(-65.3587890625,
      20.65634765625,7.E-02),(-65.296484375,20.560205078125,7.E-02),(
      -65.26103515625,20.42216796875,7.E-02),(-65.26103515625,
      20.42216796875,7.E-02),(-65.2255859375,20.284130859375,7.E-02),(
      -65.2255859375,20.049951171875,7.E-02),(-65.2255859375,
      20.049951171875,7.E-02),(-65.2255859375,19.772802734375,7.E-02),(
      -65.28251953125,19.6025390625,7.E-02),(-65.28251953125,
      19.6025390625,7.E-02),(-65.339453125,19.432275390625,7.E-02),(
      -65.45278320312,19.33935546875,7.E-02),(-65.45278320312,
      19.33935546875,7.E-02),(-65.56611328125,19.246435546875,7.E-02),(
      -65.7390625,19.246435546875,7.E-02),(-65.7390625,19.246435546875,
      7.E-02),(-65.966796875,19.246435546875,7.E-02),(-66.09677734375,
      19.409716796875,7.E-02),(-66.09677734375,19.409716796875,7.E-02),(
      -66.2525390625,19.606298828125,7.E-02),(-66.2525390625,
      20.049951171875,7.E-02),(-66.05380859375,20.049951171875,7.E-02),(
      -66.05380859375,19.662158203125,7.E-02),(-65.96303710937,
      19.5337890625,7.E-02),(-65.96303710937,19.5337890625,7.E-02),(
      -65.872265625,19.405419921875,7.E-02),(-65.7390625,19.405419921875
      ,7.E-02),(-65.7390625,19.405419921875,7.E-02),(-65.605859375,
      19.405419921875,7.E-02),(-65.51508789062,19.534326171875,7.E-02),(
      -65.51508789062,19.534326171875,7.E-02),(-65.42431640625,
      19.663232421875,7.E-02),(-65.42431640625,20.049951171875,7.E-02),(
      -65.42431640625,20.049951171875,7.E-02),(-65.42431640625,
      20.438818359375,7.E-02),(-65.51508789062,20.566650390625,7.E-02),(
      -65.51508789062,20.566650390625,7.E-02),(-65.605859375,
      20.694482421875,7.E-02),(-65.7412109375,20.694482421875,7.E-02),(
      -65.7412109375,20.694482421875,7.E-02),(-65.8744140625,
      20.694482421875,7.E-02),(-65.95390625,20.581689453125,7.E-02),(
      -65.95390625,20.581689453125,7.E-02),(-66.05380859375,
      20.437744140625,7.E-02),(-66.05380859375,20.049951171875,7.E-02),(
      -64.170703125,19.273291015625,5.E-02),(-64.170703125,
      19.273291015625,7.E-02),(-64.3640625,19.273291015625,5.E-02),(
      -64.3640625,19.273291015625,7.E-02),(-64.170703125,19.273291015625
      ,5.E-02),(-64.3640625,19.273291015625,5.E-02),(-64.170703125,
      19.273291015625,7.E-02),(-64.3640625,19.273291015625,7.E-02),(
      -64.3640625,19.273291015625,5.E-02),(-64.3640625,19.273291015625,
      7.E-02),(-64.3640625,20.414111328125,5.E-02),(-64.3640625,
      20.414111328125,7.E-02),(-64.3640625,19.273291015625,5.E-02),(
      -64.3640625,20.414111328125,5.E-02),(-64.3640625,19.273291015625,
      7.E-02),(-64.3640625,20.414111328125,7.E-02),(-64.3640625,
      20.414111328125,5.E-02),(-64.3640625,20.414111328125,7.E-02),(
      -64.19111328125,20.414111328125,5.E-02),(-64.19111328125,
      20.414111328125,7.E-02),(-64.3640625,20.414111328125,5.E-02),(
      -64.19111328125,20.414111328125,5.E-02),(-64.3640625,
      20.414111328125,7.E-02),(-64.19111328125,20.414111328125,7.E-02),(
      -64.19111328125,20.414111328125,5.E-02),(-64.19111328125,
      20.414111328125,7.E-02),(-64.19111328125,20.254052734375,5.E-02),(
      -64.19111328125,20.254052734375,7.E-02),(-64.19111328125,
      20.414111328125,5.E-02),(-64.19111328125,20.254052734375,5.E-02),(
      -64.19111328125,20.414111328125,7.E-02),(-64.19111328125,
      20.254052734375,7.E-02),(-64.19111328125,20.254052734375,5.E-02),(
      -64.19111328125,20.254052734375,7.E-02),(-64.0482421875,
      20.3888671875,5.E-02),(-64.0482421875,20.3888671875,7.E-02),(
      -64.19111328125,20.254052734375,5.E-02),(-64.13740234375,
      20.337841796875,5.E-02),(-64.0482421875,20.3888671875,5.E-02),(
      -64.19111328125,20.254052734375,7.E-02),(-64.13740234375,
      20.337841796875,7.E-02),(-64.0482421875,20.3888671875,7.E-02),(
      -64.0482421875,20.3888671875,5.E-02),(-64.0482421875,20.3888671875
      ,7.E-02),(-63.84521484375,20.439892578125,5.E-02),(-63.84521484375
      ,20.439892578125,7.E-02),(-64.0482421875,20.3888671875,5.E-02),(
      -63.95908203125,20.439892578125,5.E-02),(-63.84521484375,
      20.439892578125,5.E-02),(-64.0482421875,20.3888671875,7.E-02),(
      -63.95908203125,20.439892578125,7.E-02),(-63.84521484375,
      20.439892578125,7.E-02),(-63.84521484375,20.439892578125,5.E-02),(
      -63.84521484375,20.439892578125,7.E-02),(-63.63735351562,
      20.387255859375,5.E-02),(-63.63735351562,20.387255859375,7.E-02),(
      -63.84521484375,20.439892578125,5.E-02),(-63.71845703125,
      20.439892578125,5.E-02),(-63.63735351562,20.387255859375,5.E-02),(
      -63.84521484375,20.439892578125,7.E-02),(-63.71845703125,
      20.439892578125,7.E-02),(-63.63735351562,20.387255859375,7.E-02),(
      -63.63735351562,20.387255859375,5.E-02),(-63.63735351562,
      20.387255859375,7.E-02),(-63.52294921875,20.240087890625,5.E-02),(
      -63.52294921875,20.240087890625,7.E-02),(-63.63735351562,
      20.387255859375,5.E-02),(-63.55625,20.334619140625,5.E-02),(
      -63.52294921875,20.240087890625,5.E-02),(-63.63735351562,
      20.387255859375,7.E-02),(-63.55625,20.334619140625,7.E-02),(
      -63.52294921875,20.240087890625,7.E-02),(-63.52294921875,
      20.240087890625,5.E-02),(-63.52294921875,20.240087890625,7.E-02),(
      -63.17060546875,20.439892578125,5.E-02),(-63.17060546875,
      20.439892578125,7.E-02),(-63.52294921875,20.240087890625,5.E-02),(
      -63.38759765625,20.439892578125,5.E-02),(-63.17060546875,
      20.439892578125,5.E-02),(-63.52294921875,20.240087890625,7.E-02),(
      -63.38759765625,20.439892578125,7.E-02),(-63.17060546875,
      20.439892578125,7.E-02),(-63.17060546875,20.439892578125,5.E-02),(
      -63.17060546875,20.439892578125,7.E-02),(-62.9095703125,
      20.3458984375,5.E-02),(-62.9095703125,20.3458984375,7.E-02),(
      -63.17060546875,20.439892578125,5.E-02),(-63.00087890625,
      20.439892578125,5.E-02),(-62.9095703125,20.3458984375,5.E-02),(
      -63.17060546875,20.439892578125,7.E-02),(-63.00087890625,
      20.439892578125,7.E-02),(-62.9095703125,20.3458984375,7.E-02),(
      -62.9095703125,20.3458984375,5.E-02),(-62.9095703125,20.3458984375
      ,7.E-02),(-62.81826171875,20.056396484375,5.E-02),(-62.81826171875
      ,20.056396484375,7.E-02),(-62.9095703125,20.3458984375,5.E-02),(
      -62.81826171875,20.251904296875,5.E-02),(-62.81826171875,
      20.056396484375,5.E-02),(-62.9095703125,20.3458984375,7.E-02),(
      -62.81826171875,20.251904296875,7.E-02),(-62.81826171875,
      20.056396484375,7.E-02),(-62.81826171875,20.056396484375,5.E-02),(
      -62.81826171875,20.056396484375,7.E-02),(-62.81826171875,
      19.273291015625,5.E-02),(-62.81826171875,19.273291015625,7.E-02),(
      -62.81826171875,20.056396484375,5.E-02),(-62.81826171875,
      19.273291015625,5.E-02),(-62.81826171875,20.056396484375,7.E-02),(
      -62.81826171875,19.273291015625,7.E-02),(-62.81826171875,
      19.273291015625,5.E-02),(-62.81826171875,19.273291015625,7.E-02),(
      -63.010546875,19.273291015625,5.E-02),(-63.010546875,
      19.273291015625,7.E-02),(-62.81826171875,19.273291015625,5.E-02),(
      -63.010546875,19.273291015625,5.E-02),(-62.81826171875,
      19.273291015625,7.E-02),(-63.010546875,19.273291015625,7.E-02),(
      -63.010546875,19.273291015625,5.E-02),(-63.010546875,
      19.273291015625,7.E-02),(-63.010546875,19.991943359375,5.E-02),(
      -63.010546875,19.991943359375,7.E-02),(-63.010546875,
      19.273291015625,5.E-02),(-63.010546875,19.991943359375,5.E-02),(
      -63.010546875,19.273291015625,7.E-02),(-63.010546875,
      19.991943359375,7.E-02),(-63.010546875,19.991943359375,5.E-02),(
      -63.010546875,19.991943359375,7.E-02),(-63.02934570312,
      20.158984375,5.E-02),(-63.02934570312,20.158984375,7.E-02),(
      -63.010546875,19.991943359375,5.E-02),(-63.010546875,
      20.107958984375,5.E-02),(-63.02934570312,20.158984375,5.E-02),(
      -63.010546875,19.991943359375,7.E-02),(-63.010546875,
      20.107958984375,7.E-02),(-63.02934570312,20.158984375,7.E-02),(
      -63.02934570312,20.158984375,5.E-02),(-63.02934570312,20.158984375
      ,7.E-02),(-63.09755859375,20.241162109375,5.E-02),(-63.09755859375
      ,20.241162109375,7.E-02),(-63.02934570312,20.158984375,5.E-02),(
      -63.04814453125,20.210009765625,5.E-02),(-63.09755859375,
      20.241162109375,5.E-02),(-63.02934570312,20.158984375,7.E-02),(
      -63.04814453125,20.210009765625,7.E-02),(-63.09755859375,
      20.241162109375,7.E-02),(-63.09755859375,20.241162109375,5.E-02),(
      -63.09755859375,20.241162109375,7.E-02),(-63.21357421875,
      20.272314453125,5.E-02),(-63.21357421875,20.272314453125,7.E-02),(
      -63.09755859375,20.241162109375,5.E-02),(-63.14697265625,
      20.272314453125,5.E-02),(-63.21357421875,20.272314453125,5.E-02),(
      -63.09755859375,20.241162109375,7.E-02),(-63.14697265625,
      20.272314453125,7.E-02),(-63.21357421875,20.272314453125,7.E-02),(
      -63.21357421875,20.272314453125,5.E-02),(-63.21357421875,
      20.272314453125,7.E-02),(-63.41337890625,20.19228515625,5.E-02),(
      -63.41337890625,20.19228515625,7.E-02),(-63.21357421875,
      20.272314453125,5.E-02),(-63.33388671875,20.272314453125,5.E-02),(
      -63.41337890625,20.19228515625,5.E-02),(-63.21357421875,
      20.272314453125,7.E-02),(-63.33388671875,20.272314453125,7.E-02),(
      -63.41337890625,20.19228515625,7.E-02),(-63.41337890625,
      20.19228515625,5.E-02),(-63.41337890625,20.19228515625,7.E-02),(
      -63.49287109375,19.936083984375,5.E-02),(-63.49287109375,
      19.936083984375,7.E-02),(-63.41337890625,20.19228515625,5.E-02),(
      -63.49287109375,20.112255859375,5.E-02),(-63.49287109375,
      19.936083984375,5.E-02),(-63.41337890625,20.19228515625,7.E-02),(
      -63.49287109375,20.112255859375,7.E-02),(-63.49287109375,
      19.936083984375,7.E-02),(-63.49287109375,19.936083984375,5.E-02),(
      -63.49287109375,19.936083984375,7.E-02),(-63.49287109375,
      19.273291015625,5.E-02),(-63.49287109375,19.273291015625,7.E-02),(
      -63.49287109375,19.936083984375,5.E-02),(-63.49287109375,
      19.273291015625,5.E-02),(-63.49287109375,19.936083984375,7.E-02),(
      -63.49287109375,19.273291015625,7.E-02),(-63.49287109375,
      19.273291015625,5.E-02),(-63.49287109375,19.273291015625,7.E-02),(
      -63.68623046875,19.273291015625,5.E-02),(-63.68623046875,
      19.273291015625,7.E-02),(-63.49287109375,19.273291015625,5.E-02),(
      -63.68623046875,19.273291015625,5.E-02),(-63.49287109375,
      19.273291015625,7.E-02),(-63.68623046875,19.273291015625,7.E-02),(
      -63.68623046875,19.273291015625,5.E-02),(-63.68623046875,
      19.273291015625,7.E-02),(-63.68623046875,20.014501953125,5.E-02),(
      -63.68623046875,20.014501953125,7.E-02),(-63.68623046875,
      19.273291015625,5.E-02),(-63.68623046875,20.014501953125,5.E-02),(
      -63.68623046875,19.273291015625,7.E-02),(-63.68623046875,
      20.014501953125,7.E-02),(-63.68623046875,20.014501953125,5.E-02),(
      -63.68623046875,20.014501953125,7.E-02),(-63.73349609375,
      20.207861328125,5.E-02),(-63.73349609375,20.207861328125,7.E-02),(
      -63.68623046875,20.014501953125,5.E-02),(-63.68623046875,
      20.143408203125,5.E-02),(-63.73349609375,20.207861328125,5.E-02),(
      -63.68623046875,20.014501953125,7.E-02),(-63.68623046875,
      20.143408203125,7.E-02),(-63.73349609375,20.207861328125,7.E-02),(
      -63.73349609375,20.207861328125,5.E-02),(-63.73349609375,
      20.207861328125,7.E-02),(-63.88818359375,20.272314453125,5.E-02),(
      -63.88818359375,20.272314453125,7.E-02),(-63.73349609375,
      20.207861328125,5.E-02),(-63.78076171875,20.272314453125,5.E-02),(
      -63.88818359375,20.272314453125,5.E-02),(-63.73349609375,
      20.207861328125,7.E-02),(-63.78076171875,20.272314453125,7.E-02),(
      -63.88818359375,20.272314453125,7.E-02),(-63.88818359375,
      20.272314453125,5.E-02),(-63.88818359375,20.272314453125,7.E-02),(
      -64.03911132812,20.229345703125,5.E-02),(-64.03911132812,
      20.229345703125,7.E-02),(-63.88818359375,20.272314453125,5.E-02),(
      -63.96982421875,20.272314453125,5.E-02),(-64.03911132812,
      20.229345703125,5.E-02),(-63.88818359375,20.272314453125,7.E-02),(
      -63.96982421875,20.272314453125,7.E-02),(-64.03911132812,
      20.229345703125,7.E-02),(-64.03911132812,20.229345703125,5.E-02),(
      -64.03911132812,20.229345703125,7.E-02),(-64.13955078125,
      20.103662109375,5.E-02),(-64.13955078125,20.103662109375,7.E-02),(
      -64.03911132812,20.229345703125,5.E-02),(-64.1083984375,
      20.186376953125,5.E-02),(-64.13955078125,20.103662109375,5.E-02),(
      -64.03911132812,20.229345703125,7.E-02),(-64.1083984375,
      20.186376953125,7.E-02),(-64.13955078125,20.103662109375,7.E-02),(
      -64.13955078125,20.103662109375,5.E-02),(-64.13955078125,
      20.103662109375,7.E-02),(-64.170703125,19.865185546875,5.E-02),(
      -64.170703125,19.865185546875,7.E-02),(-64.13955078125,
      20.103662109375,5.E-02),(-64.170703125,20.020947265625,5.E-02),(
      -64.170703125,19.865185546875,5.E-02),(-64.13955078125,
      20.103662109375,7.E-02),(-64.170703125,20.020947265625,7.E-02),(
      -64.170703125,19.865185546875,7.E-02),(-64.170703125,
      19.865185546875,5.E-02),(-64.170703125,19.865185546875,7.E-02),(
      -64.170703125,19.273291015625,5.E-02),(-64.170703125,
      19.273291015625,7.E-02),(-64.170703125,19.865185546875,5.E-02),(
      -64.170703125,19.273291015625,5.E-02),(-64.170703125,
      19.865185546875,7.E-02),(-64.170703125,19.273291015625,7.E-02),(
      -64.170703125,19.273291015625,5.E-02),(-64.3640625,19.273291015625
      ,5.E-02),(-64.3640625,19.273291015625,5.E-02),(-64.3640625,
      20.414111328125,5.E-02),(-64.3640625,20.414111328125,5.E-02),(
      -64.19111328125,20.414111328125,5.E-02),(-64.19111328125,
      20.414111328125,5.E-02),(-64.19111328125,20.254052734375,5.E-02),(
      -64.19111328125,20.254052734375,5.E-02),(-64.13740234375,
      20.337841796875,5.E-02),(-64.0482421875,20.3888671875,5.E-02),(
      -64.0482421875,20.3888671875,5.E-02),(-63.95908203125,
      20.439892578125,5.E-02),(-63.84521484375,20.439892578125,5.E-02),(
      -63.84521484375,20.439892578125,5.E-02),(-63.71845703125,
      20.439892578125,5.E-02),(-63.63735351562,20.387255859375,5.E-02),(
      -63.63735351562,20.387255859375,5.E-02),(-63.55625,20.334619140625
      ,5.E-02),(-63.52294921875,20.240087890625,5.E-02),(-63.52294921875
      ,20.240087890625,5.E-02),(-63.38759765625,20.439892578125,5.E-02),
    (-63.17060546875,20.439892578125,5.E-02),(-63.17060546875,
      20.439892578125,5.E-02),(-63.00087890625,20.439892578125,5.E-02),(
      -62.9095703125,20.3458984375,5.E-02),(-62.9095703125,20.3458984375
      ,5.E-02),(-62.81826171875,20.251904296875,5.E-02),(-62.81826171875
      ,20.056396484375,5.E-02),(-62.81826171875,20.056396484375,5.E-02),
    (-62.81826171875,19.273291015625,5.E-02),(-62.81826171875,
      19.273291015625,5.E-02),(-63.010546875,19.273291015625,5.E-02),(
      -63.010546875,19.273291015625,5.E-02),(-63.010546875,
      19.991943359375,5.E-02),(-63.010546875,19.991943359375,5.E-02),(
      -63.010546875,20.107958984375,5.E-02),(-63.02934570312,
      20.158984375,5.E-02),(-63.02934570312,20.158984375,5.E-02),(
      -63.04814453125,20.210009765625,5.E-02),(-63.09755859375,
      20.241162109375,5.E-02),(-63.09755859375,20.241162109375,5.E-02),(
      -63.14697265625,20.272314453125,5.E-02),(-63.21357421875,
      20.272314453125,5.E-02),(-63.21357421875,20.272314453125,5.E-02),(
      -63.33388671875,20.272314453125,5.E-02),(-63.41337890625,
      20.19228515625,5.E-02),(-63.41337890625,20.19228515625,5.E-02),(
      -63.49287109375,20.112255859375,5.E-02),(-63.49287109375,
      19.936083984375,5.E-02),(-63.49287109375,19.936083984375,5.E-02),(
      -63.49287109375,19.273291015625,5.E-02),(-63.49287109375,
      19.273291015625,5.E-02),(-63.68623046875,19.273291015625,5.E-02),(
      -63.68623046875,19.273291015625,5.E-02),(-63.68623046875,
      20.014501953125,5.E-02),(-63.68623046875,20.014501953125,5.E-02),(
      -63.68623046875,20.143408203125,5.E-02),(-63.73349609375,
      20.207861328125,5.E-02),(-63.73349609375,20.207861328125,5.E-02),(
      -63.78076171875,20.272314453125,5.E-02),(-63.88818359375,
      20.272314453125,5.E-02),(-63.88818359375,20.272314453125,5.E-02),(
      -63.96982421875,20.272314453125,5.E-02),(-64.03911132812,
      20.229345703125,5.E-02),(-64.03911132812,20.229345703125,5.E-02),(
      -64.1083984375,20.186376953125,5.E-02),(-64.13955078125,
      20.103662109375,5.E-02),(-64.13955078125,20.103662109375,5.E-02),(
      -64.170703125,20.020947265625,5.E-02),(-64.170703125,
      19.865185546875,5.E-02),(-64.170703125,19.865185546875,5.E-02),(
      -64.170703125,19.273291015625,5.E-02),(-64.170703125,
      19.273291015625,7.E-02),(-64.3640625,19.273291015625,7.E-02),(
      -64.3640625,19.273291015625,7.E-02),(-64.3640625,20.414111328125,
      7.E-02),(-64.3640625,20.414111328125,7.E-02),(-64.19111328125,
      20.414111328125,7.E-02),(-64.19111328125,20.414111328125,7.E-02),(
      -64.19111328125,20.254052734375,7.E-02),(-64.19111328125,
      20.254052734375,7.E-02),(-64.13740234375,20.337841796875,7.E-02),(
      -64.0482421875,20.3888671875,7.E-02),(-64.0482421875,20.3888671875
      ,7.E-02),(-63.95908203125,20.439892578125,7.E-02),(-63.84521484375
      ,20.439892578125,7.E-02),(-63.84521484375,20.439892578125,7.E-02),
    (-63.71845703125,20.439892578125,7.E-02),(-63.63735351562,
      20.387255859375,7.E-02),(-63.63735351562,20.387255859375,7.E-02),(
      -63.55625,20.334619140625,7.E-02),(-63.52294921875,20.240087890625
      ,7.E-02),(-63.52294921875,20.240087890625,7.E-02),(-63.38759765625
      ,20.439892578125,7.E-02),(-63.17060546875,20.439892578125,7.E-02),
    (-63.17060546875,20.439892578125,7.E-02),(-63.00087890625,
      20.439892578125,7.E-02),(-62.9095703125,20.3458984375,7.E-02),(
      -62.9095703125,20.3458984375,7.E-02),(-62.81826171875,
      20.251904296875,7.E-02),(-62.81826171875,20.056396484375,7.E-02),(
      -62.81826171875,20.056396484375,7.E-02),(-62.81826171875,
      19.273291015625,7.E-02),(-62.81826171875,19.273291015625,7.E-02),(
      -63.010546875,19.273291015625,7.E-02),(-63.010546875,
      19.273291015625,7.E-02),(-63.010546875,19.991943359375,7.E-02),(
      -63.010546875,19.991943359375,7.E-02),(-63.010546875,
      20.107958984375,7.E-02),(-63.02934570312,20.158984375,7.E-02),(
      -63.02934570312,20.158984375,7.E-02),(-63.04814453125,
      20.210009765625,7.E-02),(-63.09755859375,20.241162109375,7.E-02),(
      -63.09755859375,20.241162109375,7.E-02),(-63.14697265625,
      20.272314453125,7.E-02),(-63.21357421875,20.272314453125,7.E-02),(
      -63.21357421875,20.272314453125,7.E-02),(-63.33388671875,
      20.272314453125,7.E-02),(-63.41337890625,20.19228515625,7.E-02),(
      -63.41337890625,20.19228515625,7.E-02),(-63.49287109375,
      20.112255859375,7.E-02),(-63.49287109375,19.936083984375,7.E-02),(
      -63.49287109375,19.936083984375,7.E-02),(-63.49287109375,
      19.273291015625,7.E-02),(-63.49287109375,19.273291015625,7.E-02),(
      -63.68623046875,19.273291015625,7.E-02),(-63.68623046875,
      19.273291015625,7.E-02),(-63.68623046875,20.014501953125,7.E-02),(
      -63.68623046875,20.014501953125,7.E-02),(-63.68623046875,
      20.143408203125,7.E-02),(-63.73349609375,20.207861328125,7.E-02),(
      -63.73349609375,20.207861328125,7.E-02),(-63.78076171875,
      20.272314453125,7.E-02),(-63.88818359375,20.272314453125,7.E-02),(
      -63.88818359375,20.272314453125,7.E-02),(-63.96982421875,
      20.272314453125,7.E-02),(-64.03911132812,20.229345703125,7.E-02),(
      -64.03911132812,20.229345703125,7.E-02),(-64.1083984375,
      20.186376953125,7.E-02),(-64.13955078125,20.103662109375,7.E-02),(
      -64.13955078125,20.103662109375,7.E-02),(-64.170703125,
      20.020947265625,7.E-02),(-64.170703125,19.865185546875,7.E-02),(
      -64.170703125,19.865185546875,7.E-02),(-64.170703125,
      19.273291015625,7.E-02),(-62.3380859375,19.273291015625,5.E-02),(
      -62.3380859375,19.273291015625,7.E-02),(-62.5314453125,
      19.273291015625,5.E-02),(-62.5314453125,19.273291015625,7.E-02),(
      -62.3380859375,19.273291015625,5.E-02),(-62.5314453125,
      19.273291015625,5.E-02),(-62.3380859375,19.273291015625,7.E-02),(
      -62.5314453125,19.273291015625,7.E-02),(-62.5314453125,
      19.273291015625,5.E-02),(-62.5314453125,19.273291015625,7.E-02),(
      -62.5314453125,20.414111328125,5.E-02),(-62.5314453125,
      20.414111328125,7.E-02),(-62.5314453125,19.273291015625,5.E-02),(
      -62.5314453125,20.414111328125,5.E-02),(-62.5314453125,
      19.273291015625,7.E-02),(-62.5314453125,20.414111328125,7.E-02),(
      -62.5314453125,20.414111328125,5.E-02),(-62.5314453125,
      20.414111328125,7.E-02),(-62.35849609375,20.414111328125,5.E-02),(
      -62.35849609375,20.414111328125,7.E-02),(-62.5314453125,
      20.414111328125,5.E-02),(-62.35849609375,20.414111328125,5.E-02),(
      -62.5314453125,20.414111328125,7.E-02),(-62.35849609375,
      20.414111328125,7.E-02),(-62.35849609375,20.414111328125,5.E-02),(
      -62.35849609375,20.414111328125,7.E-02),(-62.35849609375,
      20.254052734375,5.E-02),(-62.35849609375,20.254052734375,7.E-02),(
      -62.35849609375,20.414111328125,5.E-02),(-62.35849609375,
      20.254052734375,5.E-02),(-62.35849609375,20.414111328125,7.E-02),(
      -62.35849609375,20.254052734375,7.E-02),(-62.35849609375,
      20.254052734375,5.E-02),(-62.35849609375,20.254052734375,7.E-02),(
      -62.215625,20.3888671875,5.E-02),(-62.215625,20.3888671875,7.E-02)
    ,(-62.35849609375,20.254052734375,5.E-02),(-62.30478515625,
      20.337841796875,5.E-02),(-62.215625,20.3888671875,5.E-02),(
      -62.35849609375,20.254052734375,7.E-02),(-62.30478515625,
      20.337841796875,7.E-02),(-62.215625,20.3888671875,7.E-02),(
      -62.215625,20.3888671875,5.E-02),(-62.215625,20.3888671875,7.E-02)
    ,(-62.01259765625,20.439892578125,5.E-02),(-62.01259765625,
      20.439892578125,7.E-02),(-62.215625,20.3888671875,5.E-02),(
      -62.12646484375,20.439892578125,5.E-02),(-62.01259765625,
      20.439892578125,5.E-02),(-62.215625,20.3888671875,7.E-02),(
      -62.12646484375,20.439892578125,7.E-02),(-62.01259765625,
      20.439892578125,7.E-02),(-62.01259765625,20.439892578125,5.E-02),(
      -62.01259765625,20.439892578125,7.E-02),(-61.80473632812,
      20.387255859375,5.E-02),(-61.80473632812,20.387255859375,7.E-02),(
      -62.01259765625,20.439892578125,5.E-02),(-61.88583984375,
      20.439892578125,5.E-02),(-61.80473632812,20.387255859375,5.E-02),(
      -62.01259765625,20.439892578125,7.E-02),(-61.88583984375,
      20.439892578125,7.E-02),(-61.80473632812,20.387255859375,7.E-02),(
      -61.80473632812,20.387255859375,5.E-02),(-61.80473632812,
      20.387255859375,7.E-02),(-61.69033203125,20.240087890625,5.E-02),(
      -61.69033203125,20.240087890625,7.E-02),(-61.80473632812,
      20.387255859375,5.E-02),(-61.7236328125,20.334619140625,5.E-02),(
      -61.69033203125,20.240087890625,5.E-02),(-61.80473632812,
      20.387255859375,7.E-02),(-61.7236328125,20.334619140625,7.E-02),(
      -61.69033203125,20.240087890625,7.E-02),(-61.69033203125,
      20.240087890625,5.E-02),(-61.69033203125,20.240087890625,7.E-02),(
      -61.33798828125,20.439892578125,5.E-02),(-61.33798828125,
      20.439892578125,7.E-02),(-61.69033203125,20.240087890625,5.E-02),(
      -61.55498046875,20.439892578125,5.E-02),(-61.33798828125,
      20.439892578125,5.E-02),(-61.69033203125,20.240087890625,7.E-02),(
      -61.55498046875,20.439892578125,7.E-02),(-61.33798828125,
      20.439892578125,7.E-02),(-61.33798828125,20.439892578125,5.E-02),(
      -61.33798828125,20.439892578125,7.E-02),(-61.076953125,
      20.3458984375,5.E-02),(-61.076953125,20.3458984375,7.E-02),(
      -61.33798828125,20.439892578125,5.E-02),(-61.16826171875,
      20.439892578125,5.E-02),(-61.076953125,20.3458984375,5.E-02),(
      -61.33798828125,20.439892578125,7.E-02),(-61.16826171875,
      20.439892578125,7.E-02),(-61.076953125,20.3458984375,7.E-02),(
      -61.076953125,20.3458984375,5.E-02),(-61.076953125,20.3458984375,
      7.E-02),(-60.98564453125,20.056396484375,5.E-02),(-60.98564453125,
      20.056396484375,7.E-02),(-61.076953125,20.3458984375,5.E-02),(
      -60.98564453125,20.251904296875,5.E-02),(-60.98564453125,
      20.056396484375,5.E-02),(-61.076953125,20.3458984375,7.E-02),(
      -60.98564453125,20.251904296875,7.E-02),(-60.98564453125,
      20.056396484375,7.E-02),(-60.98564453125,20.056396484375,5.E-02),(
      -60.98564453125,20.056396484375,7.E-02),(-60.98564453125,
      19.273291015625,5.E-02),(-60.98564453125,19.273291015625,7.E-02),(
      -60.98564453125,20.056396484375,5.E-02),(-60.98564453125,
      19.273291015625,5.E-02),(-60.98564453125,20.056396484375,7.E-02),(
      -60.98564453125,19.273291015625,7.E-02),(-60.98564453125,
      19.273291015625,5.E-02),(-60.98564453125,19.273291015625,7.E-02),(
      -61.1779296875,19.273291015625,5.E-02),(-61.1779296875,
      19.273291015625,7.E-02),(-60.98564453125,19.273291015625,5.E-02),(
      -61.1779296875,19.273291015625,5.E-02),(-60.98564453125,
      19.273291015625,7.E-02),(-61.1779296875,19.273291015625,7.E-02),(
      -61.1779296875,19.273291015625,5.E-02),(-61.1779296875,
      19.273291015625,7.E-02),(-61.1779296875,19.991943359375,5.E-02),(
      -61.1779296875,19.991943359375,7.E-02),(-61.1779296875,
      19.273291015625,5.E-02),(-61.1779296875,19.991943359375,5.E-02),(
      -61.1779296875,19.273291015625,7.E-02),(-61.1779296875,
      19.991943359375,7.E-02),(-61.1779296875,19.991943359375,5.E-02),(
      -61.1779296875,19.991943359375,7.E-02),(-61.19672851562,
      20.158984375,5.E-02),(-61.19672851562,20.158984375,7.E-02),(
      -61.1779296875,19.991943359375,5.E-02),(-61.1779296875,
      20.107958984375,5.E-02),(-61.19672851562,20.158984375,5.E-02),(
      -61.1779296875,19.991943359375,7.E-02),(-61.1779296875,
      20.107958984375,7.E-02),(-61.19672851562,20.158984375,7.E-02),(
      -61.19672851562,20.158984375,5.E-02),(-61.19672851562,20.158984375
      ,7.E-02),(-61.26494140625,20.241162109375,5.E-02),(-61.26494140625
      ,20.241162109375,7.E-02),(-61.19672851562,20.158984375,5.E-02),(
      -61.21552734375,20.210009765625,5.E-02),(-61.26494140625,
      20.241162109375,5.E-02),(-61.19672851562,20.158984375,7.E-02),(
      -61.21552734375,20.210009765625,7.E-02),(-61.26494140625,
      20.241162109375,7.E-02),(-61.26494140625,20.241162109375,5.E-02),(
      -61.26494140625,20.241162109375,7.E-02),(-61.38095703125,
      20.272314453125,5.E-02),(-61.38095703125,20.272314453125,7.E-02),(
      -61.26494140625,20.241162109375,5.E-02),(-61.31435546875,
      20.272314453125,5.E-02),(-61.38095703125,20.272314453125,5.E-02),(
      -61.26494140625,20.241162109375,7.E-02),(-61.31435546875,
      20.272314453125,7.E-02),(-61.38095703125,20.272314453125,7.E-02),(
      -61.38095703125,20.272314453125,5.E-02),(-61.38095703125,
      20.272314453125,7.E-02),(-61.58076171875,20.19228515625,5.E-02),(
      -61.58076171875,20.19228515625,7.E-02),(-61.38095703125,
      20.272314453125,5.E-02),(-61.50126953125,20.272314453125,5.E-02),(
      -61.58076171875,20.19228515625,5.E-02),(-61.38095703125,
      20.272314453125,7.E-02),(-61.50126953125,20.272314453125,7.E-02),(
      -61.58076171875,20.19228515625,7.E-02),(-61.58076171875,
      20.19228515625,5.E-02),(-61.58076171875,20.19228515625,7.E-02),(
      -61.66025390625,19.936083984375,5.E-02),(-61.66025390625,
      19.936083984375,7.E-02),(-61.58076171875,20.19228515625,5.E-02),(
      -61.66025390625,20.112255859375,5.E-02),(-61.66025390625,
      19.936083984375,5.E-02),(-61.58076171875,20.19228515625,7.E-02),(
      -61.66025390625,20.112255859375,7.E-02),(-61.66025390625,
      19.936083984375,7.E-02),(-61.66025390625,19.936083984375,5.E-02),(
      -61.66025390625,19.936083984375,7.E-02),(-61.66025390625,
      19.273291015625,5.E-02),(-61.66025390625,19.273291015625,7.E-02),(
      -61.66025390625,19.936083984375,5.E-02),(-61.66025390625,
      19.273291015625,5.E-02),(-61.66025390625,19.936083984375,7.E-02),(
      -61.66025390625,19.273291015625,7.E-02),(-61.66025390625,
      19.273291015625,5.E-02),(-61.66025390625,19.273291015625,7.E-02),(
      -61.85361328125,19.273291015625,5.E-02),(-61.85361328125,
      19.273291015625,7.E-02),(-61.66025390625,19.273291015625,5.E-02),(
      -61.85361328125,19.273291015625,5.E-02),(-61.66025390625,
      19.273291015625,7.E-02),(-61.85361328125,19.273291015625,7.E-02),(
      -61.85361328125,19.273291015625,5.E-02),(-61.85361328125,
      19.273291015625,7.E-02),(-61.85361328125,20.014501953125,5.E-02),(
      -61.85361328125,20.014501953125,7.E-02),(-61.85361328125,
      19.273291015625,5.E-02),(-61.85361328125,20.014501953125,5.E-02),(
      -61.85361328125,19.273291015625,7.E-02),(-61.85361328125,
      20.014501953125,7.E-02),(-61.85361328125,20.014501953125,5.E-02),(
      -61.85361328125,20.014501953125,7.E-02),(-61.90087890625,
      20.207861328125,5.E-02),(-61.90087890625,20.207861328125,7.E-02),(
      -61.85361328125,20.014501953125,5.E-02),(-61.85361328125,
      20.143408203125,5.E-02),(-61.90087890625,20.207861328125,5.E-02),(
      -61.85361328125,20.014501953125,7.E-02),(-61.85361328125,
      20.143408203125,7.E-02),(-61.90087890625,20.207861328125,7.E-02),(
      -61.90087890625,20.207861328125,5.E-02),(-61.90087890625,
      20.207861328125,7.E-02),(-62.05556640625,20.272314453125,5.E-02),(
      -62.05556640625,20.272314453125,7.E-02),(-61.90087890625,
      20.207861328125,5.E-02),(-61.94814453125,20.272314453125,5.E-02),(
      -62.05556640625,20.272314453125,5.E-02),(-61.90087890625,
      20.207861328125,7.E-02),(-61.94814453125,20.272314453125,7.E-02),(
      -62.05556640625,20.272314453125,7.E-02),(-62.05556640625,
      20.272314453125,5.E-02),(-62.05556640625,20.272314453125,7.E-02),(
      -62.20649414062,20.229345703125,5.E-02),(-62.20649414062,
      20.229345703125,7.E-02),(-62.05556640625,20.272314453125,5.E-02),(
      -62.13720703125,20.272314453125,5.E-02),(-62.20649414062,
      20.229345703125,5.E-02),(-62.05556640625,20.272314453125,7.E-02),(
      -62.13720703125,20.272314453125,7.E-02),(-62.20649414062,
      20.229345703125,7.E-02),(-62.20649414062,20.229345703125,5.E-02),(
      -62.20649414062,20.229345703125,7.E-02),(-62.30693359375,
      20.103662109375,5.E-02),(-62.30693359375,20.103662109375,7.E-02),(
      -62.20649414062,20.229345703125,5.E-02),(-62.27578125,
      20.186376953125,5.E-02),(-62.30693359375,20.103662109375,5.E-02),(
      -62.20649414062,20.229345703125,7.E-02),(-62.27578125,
      20.186376953125,7.E-02),(-62.30693359375,20.103662109375,7.E-02),(
      -62.30693359375,20.103662109375,5.E-02),(-62.30693359375,
      20.103662109375,7.E-02),(-62.3380859375,19.865185546875,5.E-02),(
      -62.3380859375,19.865185546875,7.E-02),(-62.30693359375,
      20.103662109375,5.E-02),(-62.3380859375,20.020947265625,5.E-02),(
      -62.3380859375,19.865185546875,5.E-02),(-62.30693359375,
      20.103662109375,7.E-02),(-62.3380859375,20.020947265625,7.E-02),(
      -62.3380859375,19.865185546875,7.E-02),(-62.3380859375,
      19.865185546875,5.E-02),(-62.3380859375,19.865185546875,7.E-02),(
      -62.3380859375,19.273291015625,5.E-02),(-62.3380859375,
      19.273291015625,7.E-02),(-62.3380859375,19.865185546875,5.E-02),(
      -62.3380859375,19.273291015625,5.E-02),(-62.3380859375,
      19.865185546875,7.E-02),(-62.3380859375,19.273291015625,7.E-02),(
      -62.3380859375,19.273291015625,5.E-02),(-62.5314453125,
      19.273291015625,5.E-02),(-62.5314453125,19.273291015625,5.E-02),(
      -62.5314453125,20.414111328125,5.E-02),(-62.5314453125,
      20.414111328125,5.E-02),(-62.35849609375,20.414111328125,5.E-02),(
      -62.35849609375,20.414111328125,5.E-02),(-62.35849609375,
      20.254052734375,5.E-02),(-62.35849609375,20.254052734375,5.E-02),(
      -62.30478515625,20.337841796875,5.E-02),(-62.215625,20.3888671875,
      5.E-02),(-62.215625,20.3888671875,5.E-02),(-62.12646484375,
      20.439892578125,5.E-02),(-62.01259765625,20.439892578125,5.E-02),(
      -62.01259765625,20.439892578125,5.E-02),(-61.88583984375,
      20.439892578125,5.E-02),(-61.80473632812,20.387255859375,5.E-02),(
      -61.80473632812,20.387255859375,5.E-02),(-61.7236328125,
      20.334619140625,5.E-02),(-61.69033203125,20.240087890625,5.E-02),(
      -61.69033203125,20.240087890625,5.E-02),(-61.55498046875,
      20.439892578125,5.E-02),(-61.33798828125,20.439892578125,5.E-02),(
      -61.33798828125,20.439892578125,5.E-02),(-61.16826171875,
      20.439892578125,5.E-02),(-61.076953125,20.3458984375,5.E-02),(
      -61.076953125,20.3458984375,5.E-02),(-60.98564453125,
      20.251904296875,5.E-02),(-60.98564453125,20.056396484375,5.E-02),(
      -60.98564453125,20.056396484375,5.E-02),(-60.98564453125,
      19.273291015625,5.E-02),(-60.98564453125,19.273291015625,5.E-02),(
      -61.1779296875,19.273291015625,5.E-02),(-61.1779296875,
      19.273291015625,5.E-02),(-61.1779296875,19.991943359375,5.E-02),(
      -61.1779296875,19.991943359375,5.E-02),(-61.1779296875,
      20.107958984375,5.E-02),(-61.19672851562,20.158984375,5.E-02),(
      -61.19672851562,20.158984375,5.E-02),(-61.21552734375,
      20.210009765625,5.E-02),(-61.26494140625,20.241162109375,5.E-02),(
      -61.26494140625,20.241162109375,5.E-02),(-61.31435546875,
      20.272314453125,5.E-02),(-61.38095703125,20.272314453125,5.E-02),(
      -61.38095703125,20.272314453125,5.E-02),(-61.50126953125,
      20.272314453125,5.E-02),(-61.58076171875,20.19228515625,5.E-02),(
      -61.58076171875,20.19228515625,5.E-02),(-61.66025390625,
      20.112255859375,5.E-02),(-61.66025390625,19.936083984375,5.E-02),(
      -61.66025390625,19.936083984375,5.E-02),(-61.66025390625,
      19.273291015625,5.E-02),(-61.66025390625,19.273291015625,5.E-02),(
      -61.85361328125,19.273291015625,5.E-02),(-61.85361328125,
      19.273291015625,5.E-02),(-61.85361328125,20.014501953125,5.E-02),(
      -61.85361328125,20.014501953125,5.E-02),(-61.85361328125,
      20.143408203125,5.E-02),(-61.90087890625,20.207861328125,5.E-02),(
      -61.90087890625,20.207861328125,5.E-02),(-61.94814453125,
      20.272314453125,5.E-02),(-62.05556640625,20.272314453125,5.E-02),(
      -62.05556640625,20.272314453125,5.E-02),(-62.13720703125,
      20.272314453125,5.E-02),(-62.20649414062,20.229345703125,5.E-02),(
      -62.20649414062,20.229345703125,5.E-02),(-62.27578125,
      20.186376953125,5.E-02),(-62.30693359375,20.103662109375,5.E-02),(
      -62.30693359375,20.103662109375,5.E-02),(-62.3380859375,
      20.020947265625,5.E-02),(-62.3380859375,19.865185546875,5.E-02),(
      -62.3380859375,19.865185546875,5.E-02),(-62.3380859375,
      19.273291015625,5.E-02),(-62.3380859375,19.273291015625,7.E-02),(
      -62.5314453125,19.273291015625,7.E-02),(-62.5314453125,
      19.273291015625,7.E-02),(-62.5314453125,20.414111328125,7.E-02),(
      -62.5314453125,20.414111328125,7.E-02),(-62.35849609375,
      20.414111328125,7.E-02),(-62.35849609375,20.414111328125,7.E-02),(
      -62.35849609375,20.254052734375,7.E-02),(-62.35849609375,
      20.254052734375,7.E-02),(-62.30478515625,20.337841796875,7.E-02),(
      -62.215625,20.3888671875,7.E-02),(-62.215625,20.3888671875,7.E-02)
    ,(-62.12646484375,20.439892578125,7.E-02),(-62.01259765625,
      20.439892578125,7.E-02),(-62.01259765625,20.439892578125,7.E-02),(
      -61.88583984375,20.439892578125,7.E-02),(-61.80473632812,
      20.387255859375,7.E-02),(-61.80473632812,20.387255859375,7.E-02),(
      -61.7236328125,20.334619140625,7.E-02),(-61.69033203125,
      20.240087890625,7.E-02),(-61.69033203125,20.240087890625,7.E-02),(
      -61.55498046875,20.439892578125,7.E-02),(-61.33798828125,
      20.439892578125,7.E-02),(-61.33798828125,20.439892578125,7.E-02),(
      -61.16826171875,20.439892578125,7.E-02),(-61.076953125,
      20.3458984375,7.E-02),(-61.076953125,20.3458984375,7.E-02),(
      -60.98564453125,20.251904296875,7.E-02),(-60.98564453125,
      20.056396484375,7.E-02),(-60.98564453125,20.056396484375,7.E-02),(
      -60.98564453125,19.273291015625,7.E-02),(-60.98564453125,
      19.273291015625,7.E-02),(-61.1779296875,19.273291015625,7.E-02),(
      -61.1779296875,19.273291015625,7.E-02),(-61.1779296875,
      19.991943359375,7.E-02),(-61.1779296875,19.991943359375,7.E-02),(
      -61.1779296875,20.107958984375,7.E-02),(-61.19672851562,
      20.158984375,7.E-02),(-61.19672851562,20.158984375,7.E-02),(
      -61.21552734375,20.210009765625,7.E-02),(-61.26494140625,
      20.241162109375,7.E-02),(-61.26494140625,20.241162109375,7.E-02),(
      -61.31435546875,20.272314453125,7.E-02),(-61.38095703125,
      20.272314453125,7.E-02),(-61.38095703125,20.272314453125,7.E-02),(
      -61.50126953125,20.272314453125,7.E-02),(-61.58076171875,
      20.19228515625,7.E-02),(-61.58076171875,20.19228515625,7.E-02),(
      -61.66025390625,20.112255859375,7.E-02),(-61.66025390625,
      19.936083984375,7.E-02),(-61.66025390625,19.936083984375,7.E-02),(
      -61.66025390625,19.273291015625,7.E-02),(-61.66025390625,
      19.273291015625,7.E-02),(-61.85361328125,19.273291015625,7.E-02),(
      -61.85361328125,19.273291015625,7.E-02),(-61.85361328125,
      20.014501953125,7.E-02),(-61.85361328125,20.014501953125,7.E-02),(
      -61.85361328125,20.143408203125,7.E-02),(-61.90087890625,
      20.207861328125,7.E-02),(-61.90087890625,20.207861328125,7.E-02),(
      -61.94814453125,20.272314453125,7.E-02),(-62.05556640625,
      20.272314453125,7.E-02),(-62.05556640625,20.272314453125,7.E-02),(
      -62.13720703125,20.272314453125,7.E-02),(-62.20649414062,
      20.229345703125,7.E-02),(-62.20649414062,20.229345703125,7.E-02),(
      -62.27578125,20.186376953125,7.E-02),(-62.30693359375,
      20.103662109375,7.E-02),(-62.30693359375,20.103662109375,7.E-02),(
      -62.3380859375,20.020947265625,7.E-02),(-62.3380859375,
      19.865185546875,7.E-02),(-62.3380859375,19.865185546875,7.E-02),(
      -62.3380859375,19.273291015625,7.E-02)));
#3240 = ANNOTATION_PLANE('',(#3241),#3243,(#3235));
#3241 = PRESENTATION_STYLE_ASSIGNMENT((NULL_STYLE(.NULL.)));
#3243 = PLANE('',#3244);
#3244 = AXIS2_PLACEMENT_3D('',#3245,#3246,#3247);
#3245 = CARTESIAN_POINT('',(-65.,20.,0.));
#3246 = DIRECTION('',(0.,0.,1.));
#3247 = DIRECTION('',(1.,0.,-0.));
#3248 = SHAPE_ASPECT('M2 screw pilot - diameter 1.7','',#4,.T.);
#3249 = GEOMETRIC_ITEM_SPECIFIC_USAGE('M2 screw pilot - diameter 1.7',''
  ,#3248,#10,#15);
#3250 = SHAPE_ASPECT('M2 screw pilot - diameter 1.7','',#4,.T.);
#3251 = GEOMETRIC_ITEM_SPECIFIC_USAGE('M2 screw pilot - diameter 1.7',''
  ,#3250,#10,#15);
#3252 = GEOMETRIC_ITEM_SPECIFIC_USAGE('','',#3253,#3279,#3254);
#3253 = DERIVED_SHAPE_ASPECT('','',#4,.F.);
#3254 = CARTESIAN_POINT('',(-84.85,0.,8.));
#3255 = SHAPE_ASPECT_DERIVING_RELATIONSHIP('',$,#3253,#3248);
#3256 = GEOMETRIC_ITEM_SPECIFIC_USAGE('','',#3257,#3279,#3258);
#3257 = DERIVED_SHAPE_ASPECT('','',#4,.F.);
#3258 = CARTESIAN_POINT('',(-83.15,0.,8.));
#3259 = SHAPE_ASPECT_DERIVING_RELATIONSHIP('',$,#3257,#3250);
#3260 = ( LENGTH_MEASURE_WITH_UNIT() MEASURE_REPRESENTATION_ITEM() 
MEASURE_WITH_UNIT(POSITIVE_LENGTH_MEASURE(1.7),#3054) 
REPRESENTATION_ITEM('nominal value') );
#3261 = SHAPE_DIMENSION_REPRESENTATION('',(#3260),#3053);
#3262 = DIMENSIONAL_CHARACTERISTIC_REPRESENTATION(#3263,#3261);
#3263 = DIMENSIONAL_LOCATION('linear distance outer outer',$,#3253,#3257
  );
#3264 = DRAUGHTING_MODEL_ITEM_ASSOCIATION(
  'PMI representation to presentation link','',#3263,#3280,#3265);
#3265 = DRAUGHTING_CALLOUT(
  'D1.7 mm - Front M2 screw pilot - diameter 1.7',(#3266));
#3266 = TESSELLATED_ANNOTATION_OCCURRENCE('',(#3078),#3267);
#3267 = TESSELLATED_GEOMETRIC_SET('',(#3268));
#3268 = TESSELLATED_CURVE_SET('',#3269,((1,2),(3,4),(5,6),(7,8),(9,10),(
      11,12),(13,14),(15,16),(17,18),(19,20),(21,22),(23,24),(25,26),(27
      ,28),(29,30),(31,32),(33,34),(35,36),(37,38),(39,40),(41,42),(43,
      44,45),(46,47,48),(49,50),(51,52),(53,54,55),(56,57,58),(59,60),(
      61,62),(63,64,65),(66,67,68),(69,70),(71,72),(73,74,75),(76,77,78)
    ,(79,80),(81,82),(83,84,85),(86,87,88),(89,90),(91,92),(93,94,95),(
      96,97,98),(99,100),(101,102),(103,104,105),(106,107,108),(109,110)
    ,(111,112),(113,114,115),(116,117,118),(119,120),(121,122),(123,124,
      125),(126,127,128),(129,130),(131,132),(133,134),(135,136),(137,
      138),(139,140),(141,142),(143,144),(145,146),(147,148),(149,150,
      151),(152,153,154),(155,156),(157,158),(159,160,161),(162,163,164)
    ,(165,166),(167,168),(169,170,171),(172,173,174),(175,176),(177,178)
    ,(179,180,181),(182,183,184),(185,186),(187,188),(189,190,191),(192,
      193,194),(195,196),(197,198),(199,200,201),(202,203,204),(205,206)
    ,(207,208),(209,210,211),(212,213,214),(215,216),(217,218),(219,220)
    ,(221,222),(223,224),(225,226),(227,228),(229,230,231),(232,233,234)
    ,(235,236,237),(238,239,240),(241,242,243),(244,245,246),(247,248,
      249),(250,251,252),(253,254,255),(256,257),(258,259),(260,261,262)
    ,(263,264,265),(266,267,268),(269,270,271),(272,273,274),(275,276,
      277),(278,279,280),(281,282),(283,284),(285,286),(287,288),(289,
      290,291),(292,293,294),(295,296,297),(298,299,300),(301,302,303),(
      304,305,306),(307,308,309),(310,311,312),(313,314,315),(316,317),(
      318,319),(320,321,322),(323,324,325),(326,327,328),(329,330,331),(
      332,333,334),(335,336,337),(338,339,340),(341,342),(343,344),(345,
      346),(347,348),(349,350),(351,352),(353,354),(355,356),(357,358),(
      359,360),(361,362),(363,364),(365,366),(367,368),(369,370),(371,
      372,373),(374,375,376),(377,378),(379,380),(381,382,383),(384,385,
      386),(387,388),(389,390),(391,392),(393,394),(395,396),(397,398),(
      399,400,401),(402,403,404),(405,406),(407,408),(409,410,411),(412,
      413,414),(415,416),(417,418),(419,420),(421,422),(423,424),(425,
      426),(427,428),(429,430,431),(432,433,434),(435,436),(437,438,439)
    ,(440,441,442),(443,444),(445,446),(447,448),(449,450),(451,452,453)
    ,(454,455,456),(457,458),(459,460,461),(462,463,464),(465,466),(467,
      468),(469,470),(471,472),(473,474),(475,476),(477,478),(479,480),(
      481,482),(483,484),(485,486),(487,488),(489,490),(491,492),(493,
      494),(495,496),(497,498),(499,500),(501,502),(503,504),(505,506),(
      507,508),(509,510),(511,512),(513,514),(515,516),(517,518),(519,
      520),(521,522),(523,524),(525,526),(527,528),(529,530),(531,532),(
      533,534),(535,536),(537,538),(539,540),(541,542),(543,544),(545,
      546),(547,548),(549,550),(551,552,553),(554,555,556),(557,558),(
      559,560),(561,562,563),(564,565,566),(567,568),(569,570),(571,572,
      573),(574,575,576),(577,578),(579,580),(581,582),(583,584),(585,
      586),(587,588),(589,590,591),(592,593,594),(595,596),(597,598),(
      599,600,601),(602,603,604),(605,606),(607,608),(609,610,611),(612,
      613,614),(615,616),(617,618),(619,620),(621,622),(623,624,625),(
      626,627,628),(629,630,631),(632,633),(634,635,636),(637,638,639),(
      640,641,642),(643,644),(645,646),(647,648),(649,650),(651,652,653)
    ,(654,655,656),(657,658,659),(660,661),(662,663,664),(665,666,667),(
      668,669,670),(671,672),(673,674),(675,676),(677,678),(679,680),(
      681,682),(683,684),(685,686),(687,688),(689,690),(691,692),(693,
      694),(695,696),(697,698),(699,700),(701,702),(703,704),(705,706),(
      707,708,709),(710,711,712),(713,714),(715,716),(717,718,719),(720,
      721,722),(723,724),(725,726),(727,728,729),(730,731,732),(733,734)
    ,(735,736),(737,738,739),(740,741,742),(743,744),(745,746),(747,748,
      749),(750,751,752),(753,754),(755,756),(757,758,759),(760,761,762)
    ,(763,764),(765,766),(767,768,769),(770,771,772),(773,774),(775,776)
    ,(777,778),(779,780),(781,782),(783,784),(785,786),(787,788),(789,
      790),(791,792),(793,794),(795,796),(797,798),(799,800),(801,802,
      803),(804,805,806),(807,808),(809,810),(811,812,813),(814,815,816)
    ,(817,818),(819,820),(821,822,823),(824,825,826),(827,828),(829,830)
    ,(831,832,833),(834,835,836),(837,838),(839,840),(841,842,843),(844,
      845,846),(847,848),(849,850),(851,852),(853,854),(855,856),(857,
      858),(859,860),(861,862),(863,864),(865,866),(867,868),(869,870),(
      871,872),(873,874),(875,876,877),(878,879,880),(881,882),(883,884)
    ,(885,886,887),(888,889,890),(891,892),(893,894),(895,896,897),(898,
      899,900),(901,902),(903,904),(905,906,907),(908,909,910),(911,912)
    ,(913,914),(915,916,917),(918,919,920),(921,922),(923,924),(925,926)
    ,(927,928),(929,930),(931,932),(933,934),(935,936),(937,938,939),(
      940,941,942),(943,944,945),(946,947,948),(949,950,951),(952,953,
      954),(955,956,957),(958,959),(960,961),(962,963),(964,965,966),(
      967,968,969),(970,971,972),(973,974,975),(976,977,978),(979,980),(
      981,982),(983,984),(985,986,987),(988,989,990),(991,992,993),(994,
      995,996),(997,998,999),(1000,1001),(1002,1003),(1004,1005),(1006,
      1007),(1008,1009),(1010,1011,1012),(1013,1014,1015),(1016,1017,
      1018),(1019,1020,1021),(1022,1023,1024),(1025,1026,1027),(1028,
      1029,1030),(1031,1032),(1033,1034),(1035,1036),(1037,1038,1039),(
      1040,1041,1042),(1043,1044,1045),(1046,1047,1048),(1049,1050,1051)
    ,(1052,1053),(1054,1055),(1056,1057),(1058,1059,1060),(1061,1062,
      1063),(1064,1065,1066),(1067,1068,1069),(1070,1071,1072),(1073,
      1074),(1075,1076),(1077,1078),(1079,1080),(1081,1082),(1083,1084),
    (1085,1086),(1087,1088),(1089,1090),(1091,1092),(1093,1094),(1095,
      1096),(1097,1098),(1099,1100),(1101,1102),(1103,1104),(1105,1106),
    (1107,1108),(1109,1110),(1111,1112,1113),(1114,1115,1116),(1117,1118
      ),(1119,1120),(1121,1122,1123),(1124,1125,1126),(1127,1128),(1129,
      1130),(1131,1132,1133),(1134,1135,1136),(1137,1138),(1139,1140),(
      1141,1142,1143),(1144,1145,1146),(1147,1148),(1149,1150),(1151,
      1152,1153),(1154,1155,1156),(1157,1158),(1159,1160),(1161,1162,
      1163),(1164,1165,1166),(1167,1168),(1169,1170),(1171,1172,1173),(
      1174,1175,1176),(1177,1178),(1179,1180),(1181,1182),(1183,1184),(
      1185,1186),(1187,1188),(1189,1190),(1191,1192),(1193,1194),(1195,
      1196),(1197,1198),(1199,1200),(1201,1202),(1203,1204),(1205,1206,
      1207),(1208,1209,1210),(1211,1212),(1213,1214),(1215,1216,1217),(
      1218,1219,1220),(1221,1222),(1223,1224),(1225,1226,1227),(1228,
      1229,1230),(1231,1232),(1233,1234),(1235,1236,1237),(1238,1239,
      1240),(1241,1242),(1243,1244),(1245,1246,1247),(1248,1249,1250),(
      1251,1252),(1253,1254),(1255,1256),(1257,1258),(1259,1260),(1261,
      1262),(1263,1264),(1265,1266),(1267,1268),(1269,1270),(1271,1272),
    (1273,1274),(1275,1276),(1277,1278),(1279,1280,1281),(1282,1283,1284
      ),(1285,1286),(1287,1288),(1289,1290,1291),(1292,1293,1294),(1295,
      1296),(1297,1298),(1299,1300,1301),(1302,1303,1304),(1305,1306),(
      1307,1308),(1309,1310,1311),(1312,1313,1314),(1315,1316),(1317,
      1318),(1319,1320,1321),(1322,1323,1324),(1325,1326),(1327,1328),(
      1329,1330),(1331,1332),(1333,1334),(1335,1336),(1337,1338),(1339,
      1340),(1341,1342,1343),(1344,1345,1346),(1347,1348,1349),(1350,
      1351,1352),(1353,1354,1355),(1356,1357,1358),(1359,1360,1361),(
      1362,1363),(1364,1365),(1366,1367),(1368,1369,1370),(1371,1372,
      1373),(1374,1375,1376),(1377,1378,1379),(1380,1381,1382),(1383,
      1384),(1385,1386),(1387,1388),(1389,1390,1391),(1392,1393,1394),(
      1395,1396,1397),(1398,1399,1400),(1401,1402,1403),(1404,1405),(
      1406,1407),(1408,1409),(1410,1411),(1412,1413),(1414,1415,1416),(
      1417,1418,1419),(1420,1421,1422),(1423,1424,1425),(1426,1427,1428)
    ,(1429,1430,1431),(1432,1433,1434),(1435,1436),(1437,1438),(1439,
      1440),(1441,1442,1443),(1444,1445,1446),(1447,1448,1449),(1450,
      1451,1452),(1453,1454,1455),(1456,1457),(1458,1459),(1460,1461),(
      1462,1463,1464),(1465,1466,1467),(1468,1469,1470),(1471,1472,1473)
    ,(1474,1475,1476),(1477,1478)));
#3269 = COORDINATES_LIST('',1478,((-84.85,0.,8.),(-84.85,-8.,8.),(-83.15
      ,0.,8.),(-83.15,-8.,8.),(-84.85,-8.,8.),(-83.15,-8.,8.),(-84.85,
      -8.,8.),(-84.425,-7.8385,8.),(-84.85,-8.,8.),(-84.425,-8.1615,8.),
    (-83.15,-8.,8.),(-83.575,-7.8385,8.),(-83.15,-8.,8.),(-83.575,
      -8.1615,8.),(-78.72377929687,-8.726708984375,8.05),(
      -78.72377929687,-8.726708984375,8.07),(-79.29204101562,
      -8.726708984375,8.05),(-79.29204101562,-8.726708984375,8.07),(
      -78.72377929687,-8.726708984375,8.05),(-79.29204101562,
      -8.726708984375,8.05),(-78.72377929687,-8.726708984375,8.07),(
      -79.29204101562,-8.726708984375,8.07),(-79.29204101562,
      -8.726708984375,8.05),(-79.29204101562,-8.726708984375,8.07),(
      -79.29204101562,-7.151904296875,8.05),(-79.29204101562,
      -7.151904296875,8.07),(-79.29204101562,-8.726708984375,8.05),(
      -79.29204101562,-7.151904296875,8.05),(-79.29204101562,
      -8.726708984375,8.07),(-79.29204101562,-7.151904296875,8.07),(
      -79.29204101562,-7.151904296875,8.05),(-79.29204101562,
      -7.151904296875,8.07),(-78.74956054687,-7.151904296875,8.05),(
      -78.74956054687,-7.151904296875,8.07),(-79.29204101562,
      -7.151904296875,8.05),(-78.74956054687,-7.151904296875,8.05),(
      -79.29204101562,-7.151904296875,8.07),(-78.74956054687,
      -7.151904296875,8.07),(-78.74956054687,-7.151904296875,8.05),(
      -78.74956054687,-7.151904296875,8.07),(-78.46918945312,
      -7.174462890625,8.05),(-78.46918945312,-7.174462890625,8.07),(
      -78.74956054687,-7.151904296875,8.05),(-78.56586914062,
      -7.151904296875,8.05),(-78.46918945312,-7.174462890625,8.05),(
      -78.74956054687,-7.151904296875,8.07),(-78.56586914062,
      -7.151904296875,8.07),(-78.46918945312,-7.174462890625,8.07),(
      -78.46918945312,-7.174462890625,8.05),(-78.46918945312,
      -7.174462890625,8.07),(-78.23823242187,-7.287255859375,8.05),(
      -78.23823242187,-7.287255859375,8.07),(-78.46918945312,
      -7.174462890625,8.05),(-78.33383789062,-7.205615234375,8.05),(
      -78.23823242187,-7.287255859375,8.05),(-78.46918945312,
      -7.174462890625,8.07),(-78.33383789062,-7.205615234375,8.07),(
      -78.23823242187,-7.287255859375,8.07),(-78.23823242187,
      -7.287255859375,8.05),(-78.23823242187,-7.287255859375,8.07),(
      -78.05185546875,-7.55634765625,8.05),(-78.05185546875,
      -7.55634765625,8.07),(-78.23823242187,-7.287255859375,8.05),(
      -78.11362304687,-7.392529296875,8.05),(-78.05185546875,
      -7.55634765625,8.05),(-78.23823242187,-7.287255859375,8.07),(
      -78.11362304687,-7.392529296875,8.07),(-78.05185546875,
      -7.55634765625,8.07),(-78.05185546875,-7.55634765625,8.05),(
      -78.05185546875,-7.55634765625,8.07),(-77.99008789062,
      -7.930712890625,8.05),(-77.99008789062,-7.930712890625,8.07),(
      -78.05185546875,-7.55634765625,8.05),(-77.99008789062,
      -7.720166015625,8.05),(-77.99008789062,-7.930712890625,8.05),(
      -78.05185546875,-7.55634765625,8.07),(-77.99008789062,
      -7.720166015625,8.07),(-77.99008789062,-7.930712890625,8.07),(
      -77.99008789062,-7.930712890625,8.05),(-77.99008789062,
      -7.930712890625,8.07),(-78.03198242187,-8.248681640625,8.05),(
      -78.03198242187,-8.248681640625,8.07),(-77.99008789062,
      -7.930712890625,8.05),(-77.99008789062,-8.110107421875,8.05),(
      -78.03198242187,-8.248681640625,8.05),(-77.99008789062,
      -7.930712890625,8.07),(-77.99008789062,-8.110107421875,8.07),(
      -78.03198242187,-8.248681640625,8.07),(-78.03198242187,
      -8.248681640625,8.05),(-78.03198242187,-8.248681640625,8.07),(
      -78.13940429687,-8.47802734375,8.05),(-78.13940429687,
      -8.47802734375,8.07),(-78.03198242187,-8.248681640625,8.05),(
      -78.07387695312,-8.387255859375,8.05),(-78.13940429687,
      -8.47802734375,8.05),(-78.03198242187,-8.248681640625,8.07),(
      -78.07387695312,-8.387255859375,8.07),(-78.13940429687,
      -8.47802734375,8.07),(-78.13940429687,-8.47802734375,8.05),(
      -78.13940429687,-8.47802734375,8.07),(-78.2828125,-8.6208984375,
      8.05),(-78.2828125,-8.6208984375,8.07),(-78.13940429687,
      -8.47802734375,8.05),(-78.20493164062,-8.568798828125,8.05),(
      -78.2828125,-8.6208984375,8.05),(-78.13940429687,-8.47802734375,
      8.07),(-78.20493164062,-8.568798828125,8.07),(-78.2828125,
      -8.6208984375,8.07),(-78.2828125,-8.6208984375,8.05),(-78.2828125,
      -8.6208984375,8.07),(-78.47080078125,-8.699853515625,8.05),(
      -78.47080078125,-8.699853515625,8.07),(-78.2828125,-8.6208984375,
      8.05),(-78.36069335937,-8.672998046875,8.05),(-78.47080078125,
      -8.699853515625,8.05),(-78.2828125,-8.6208984375,8.07),(
      -78.36069335937,-8.672998046875,8.07),(-78.47080078125,
      -8.699853515625,8.07),(-78.47080078125,-8.699853515625,8.05),(
      -78.47080078125,-8.699853515625,8.07),(-78.72377929687,
      -8.726708984375,8.05),(-78.72377929687,-8.726708984375,8.07),(
      -78.47080078125,-8.699853515625,8.05),(-78.58090820312,
      -8.726708984375,8.05),(-78.72377929687,-8.726708984375,8.05),(
      -78.47080078125,-8.699853515625,8.07),(-78.58090820312,
      -8.726708984375,8.07),(-78.72377929687,-8.726708984375,8.07),(
      -79.08364257812,-7.337744140625,8.05),(-79.08364257812,
      -7.337744140625,8.07),(-79.08364257812,-8.540869140625,8.05),(
      -79.08364257812,-8.540869140625,8.07),(-79.08364257812,
      -7.337744140625,8.05),(-79.08364257812,-8.540869140625,8.05),(
      -79.08364257812,-7.337744140625,8.07),(-79.08364257812,
      -8.540869140625,8.07),(-79.08364257812,-8.540869140625,8.05),(
      -79.08364257812,-8.540869140625,8.07),(-78.74741210937,
      -8.540869140625,8.05),(-78.74741210937,-8.540869140625,8.07),(
      -79.08364257812,-8.540869140625,8.05),(-78.74741210937,
      -8.540869140625,8.05),(-79.08364257812,-8.540869140625,8.07),(
      -78.74741210937,-8.540869140625,8.07),(-78.74741210937,
      -8.540869140625,8.05),(-78.74741210937,-8.540869140625,8.07),(
      -78.50302734375,-8.511865234375,8.05),(-78.50302734375,
      -8.511865234375,8.07),(-78.74741210937,-8.540869140625,8.05),(
      -78.59165039062,-8.540869140625,8.05),(-78.50302734375,
      -8.511865234375,8.05),(-78.74741210937,-8.540869140625,8.07),(
      -78.59165039062,-8.540869140625,8.07),(-78.50302734375,
      -8.511865234375,8.07),(-78.50302734375,-8.511865234375,8.05),(
      -78.50302734375,-8.511865234375,8.07),(-78.36176757812,
      -8.430224609375,8.05),(-78.36176757812,-8.430224609375,8.07),(
      -78.50302734375,-8.511865234375,8.05),(-78.41440429687,
      -8.482861328125,8.05),(-78.36176757812,-8.430224609375,8.05),(
      -78.50302734375,-8.511865234375,8.07),(-78.41440429687,
      -8.482861328125,8.07),(-78.36176757812,-8.430224609375,8.07),(
      -78.36176757812,-8.430224609375,8.05),(-78.36176757812,
      -8.430224609375,8.07),(-78.2462890625,-8.23095703125,8.05),(
      -78.2462890625,-8.23095703125,8.07),(-78.36176757812,
      -8.430224609375,8.05),(-78.28764648437,-8.356103515625,8.05),(
      -78.2462890625,-8.23095703125,8.05),(-78.36176757812,
      -8.430224609375,8.07),(-78.28764648437,-8.356103515625,8.07),(
      -78.2462890625,-8.23095703125,8.07),(-78.2462890625,-8.23095703125
      ,8.05),(-78.2462890625,-8.23095703125,8.07),(-78.20493164062,
      -7.927490234375,8.05),(-78.20493164062,-7.927490234375,8.07),(
      -78.2462890625,-8.23095703125,8.05),(-78.20493164062,
      -8.105810546875,8.05),(-78.20493164062,-7.927490234375,8.05),(
      -78.2462890625,-8.23095703125,8.07),(-78.20493164062,
      -8.105810546875,8.07),(-78.20493164062,-7.927490234375,8.07),(
      -78.20493164062,-7.927490234375,8.05),(-78.20493164062,
      -7.927490234375,8.07),(-78.28603515625,-7.54775390625,8.05),(
      -78.28603515625,-7.54775390625,8.07),(-78.20493164062,
      -7.927490234375,8.05),(-78.20493164062,-7.680419921875,8.05),(
      -78.28603515625,-7.54775390625,8.05),(-78.20493164062,
      -7.927490234375,8.07),(-78.20493164062,-7.680419921875,8.07),(
      -78.28603515625,-7.54775390625,8.07),(-78.28603515625,
      -7.54775390625,8.05),(-78.28603515625,-7.54775390625,8.07),(
      -78.48315429687,-7.369970703125,8.05),(-78.48315429687,
      -7.369970703125,8.07),(-78.28603515625,-7.54775390625,8.05),(
      -78.36713867187,-7.415087890625,8.05),(-78.48315429687,
      -7.369970703125,8.05),(-78.28603515625,-7.54775390625,8.07),(
      -78.36713867187,-7.415087890625,8.07),(-78.48315429687,
      -7.369970703125,8.07),(-78.48315429687,-7.369970703125,8.05),(
      -78.48315429687,-7.369970703125,8.07),(-78.75278320312,
      -7.337744140625,8.05),(-78.75278320312,-7.337744140625,8.07),(
      -78.48315429687,-7.369970703125,8.05),(-78.56694335937,
      -7.337744140625,8.05),(-78.75278320312,-7.337744140625,8.05),(
      -78.48315429687,-7.369970703125,8.07),(-78.56694335937,
      -7.337744140625,8.07),(-78.75278320312,-7.337744140625,8.07),(
      -78.75278320312,-7.337744140625,8.05),(-78.75278320312,
      -7.337744140625,8.07),(-79.08364257812,-7.337744140625,8.05),(
      -79.08364257812,-7.337744140625,8.07),(-78.75278320312,
      -7.337744140625,8.05),(-79.08364257812,-7.337744140625,8.05),(
      -78.75278320312,-7.337744140625,8.07),(-79.08364257812,
      -7.337744140625,8.07),(-78.72377929687,-8.726708984375,8.05),(
      -79.29204101562,-8.726708984375,8.05),(-79.29204101562,
      -8.726708984375,8.05),(-79.29204101562,-7.151904296875,8.05),(
      -79.29204101562,-7.151904296875,8.05),(-78.74956054687,
      -7.151904296875,8.05),(-78.74956054687,-7.151904296875,8.05),(
      -78.56586914062,-7.151904296875,8.05),(-78.46918945312,
      -7.174462890625,8.05),(-78.46918945312,-7.174462890625,8.05),(
      -78.33383789062,-7.205615234375,8.05),(-78.23823242187,
      -7.287255859375,8.05),(-78.23823242187,-7.287255859375,8.05),(
      -78.11362304687,-7.392529296875,8.05),(-78.05185546875,
      -7.55634765625,8.05),(-78.05185546875,-7.55634765625,8.05),(
      -77.99008789062,-7.720166015625,8.05),(-77.99008789062,
      -7.930712890625,8.05),(-77.99008789062,-7.930712890625,8.05),(
      -77.99008789062,-8.110107421875,8.05),(-78.03198242187,
      -8.248681640625,8.05),(-78.03198242187,-8.248681640625,8.05),(
      -78.07387695312,-8.387255859375,8.05),(-78.13940429687,
      -8.47802734375,8.05),(-78.13940429687,-8.47802734375,8.05),(
      -78.20493164062,-8.568798828125,8.05),(-78.2828125,-8.6208984375,
      8.05),(-78.2828125,-8.6208984375,8.05),(-78.36069335937,
      -8.672998046875,8.05),(-78.47080078125,-8.699853515625,8.05),(
      -78.47080078125,-8.699853515625,8.05),(-78.58090820312,
      -8.726708984375,8.05),(-78.72377929687,-8.726708984375,8.05),(
      -79.08364257812,-7.337744140625,8.05),(-79.08364257812,
      -8.540869140625,8.05),(-79.08364257812,-8.540869140625,8.05),(
      -78.74741210937,-8.540869140625,8.05),(-78.74741210937,
      -8.540869140625,8.05),(-78.59165039062,-8.540869140625,8.05),(
      -78.50302734375,-8.511865234375,8.05),(-78.50302734375,
      -8.511865234375,8.05),(-78.41440429687,-8.482861328125,8.05),(
      -78.36176757812,-8.430224609375,8.05),(-78.36176757812,
      -8.430224609375,8.05),(-78.28764648437,-8.356103515625,8.05),(
      -78.2462890625,-8.23095703125,8.05),(-78.2462890625,-8.23095703125
      ,8.05),(-78.20493164062,-8.105810546875,8.05),(-78.20493164062,
      -7.927490234375,8.05),(-78.20493164062,-7.927490234375,8.05),(
      -78.20493164062,-7.680419921875,8.05),(-78.28603515625,
      -7.54775390625,8.05),(-78.28603515625,-7.54775390625,8.05),(
      -78.36713867187,-7.415087890625,8.05),(-78.48315429687,
      -7.369970703125,8.05),(-78.48315429687,-7.369970703125,8.05),(
      -78.56694335937,-7.337744140625,8.05),(-78.75278320312,
      -7.337744140625,8.05),(-78.75278320312,-7.337744140625,8.05),(
      -79.08364257812,-7.337744140625,8.05),(-78.72377929687,
      -8.726708984375,8.07),(-79.29204101562,-8.726708984375,8.07),(
      -79.29204101562,-8.726708984375,8.07),(-79.29204101562,
      -7.151904296875,8.07),(-79.29204101562,-7.151904296875,8.07),(
      -78.74956054687,-7.151904296875,8.07),(-78.74956054687,
      -7.151904296875,8.07),(-78.56586914062,-7.151904296875,8.07),(
      -78.46918945312,-7.174462890625,8.07),(-78.46918945312,
      -7.174462890625,8.07),(-78.33383789062,-7.205615234375,8.07),(
      -78.23823242187,-7.287255859375,8.07),(-78.23823242187,
      -7.287255859375,8.07),(-78.11362304687,-7.392529296875,8.07),(
      -78.05185546875,-7.55634765625,8.07),(-78.05185546875,
      -7.55634765625,8.07),(-77.99008789062,-7.720166015625,8.07),(
      -77.99008789062,-7.930712890625,8.07),(-77.99008789062,
      -7.930712890625,8.07),(-77.99008789062,-8.110107421875,8.07),(
      -78.03198242187,-8.248681640625,8.07),(-78.03198242187,
      -8.248681640625,8.07),(-78.07387695312,-8.387255859375,8.07),(
      -78.13940429687,-8.47802734375,8.07),(-78.13940429687,
      -8.47802734375,8.07),(-78.20493164062,-8.568798828125,8.07),(
      -78.2828125,-8.6208984375,8.07),(-78.2828125,-8.6208984375,8.07),(
      -78.36069335937,-8.672998046875,8.07),(-78.47080078125,
      -8.699853515625,8.07),(-78.47080078125,-8.699853515625,8.07),(
      -78.58090820312,-8.726708984375,8.07),(-78.72377929687,
      -8.726708984375,8.07),(-79.08364257812,-7.337744140625,8.07),(
      -79.08364257812,-8.540869140625,8.07),(-79.08364257812,
      -8.540869140625,8.07),(-78.74741210937,-8.540869140625,8.07),(
      -78.74741210937,-8.540869140625,8.07),(-78.59165039062,
      -8.540869140625,8.07),(-78.50302734375,-8.511865234375,8.07),(
      -78.50302734375,-8.511865234375,8.07),(-78.41440429687,
      -8.482861328125,8.07),(-78.36176757812,-8.430224609375,8.07),(
      -78.36176757812,-8.430224609375,8.07),(-78.28764648437,
      -8.356103515625,8.07),(-78.2462890625,-8.23095703125,8.07),(
      -78.2462890625,-8.23095703125,8.07),(-78.20493164062,
      -8.105810546875,8.07),(-78.20493164062,-7.927490234375,8.07),(
      -78.20493164062,-7.927490234375,8.07),(-78.20493164062,
      -7.680419921875,8.07),(-78.28603515625,-7.54775390625,8.07),(
      -78.28603515625,-7.54775390625,8.07),(-78.36713867187,
      -7.415087890625,8.07),(-78.48315429687,-7.369970703125,8.07),(
      -78.48315429687,-7.369970703125,8.07),(-78.56694335937,
      -7.337744140625,8.07),(-78.75278320312,-7.337744140625,8.07),(
      -78.75278320312,-7.337744140625,8.07),(-79.08364257812,
      -7.337744140625,8.07),(-77.05336914062,-7.145458984375,8.05),(
      -77.05336914062,-7.145458984375,8.07),(-77.05336914062,
      -8.726708984375,8.05),(-77.05336914062,-8.726708984375,8.07),(
      -77.05336914062,-7.145458984375,8.05),(-77.05336914062,
      -8.726708984375,8.05),(-77.05336914062,-7.145458984375,8.07),(
      -77.05336914062,-8.726708984375,8.07),(-77.05336914062,
      -8.726708984375,8.05),(-77.05336914062,-8.726708984375,8.07),(
      -77.24672851562,-8.726708984375,8.05),(-77.24672851562,
      -8.726708984375,8.07),(-77.05336914062,-8.726708984375,8.05),(
      -77.24672851562,-8.726708984375,8.05),(-77.05336914062,
      -8.726708984375,8.07),(-77.24672851562,-8.726708984375,8.07),(
      -77.24672851562,-8.726708984375,8.05),(-77.24672851562,
      -8.726708984375,8.07),(-77.24672851562,-7.494580078125,8.05),(
      -77.24672851562,-7.494580078125,8.07),(-77.24672851562,
      -8.726708984375,8.05),(-77.24672851562,-7.494580078125,8.05),(
      -77.24672851562,-8.726708984375,8.07),(-77.24672851562,
      -7.494580078125,8.07),(-77.24672851562,-7.494580078125,8.05),(
      -77.24672851562,-7.494580078125,8.07),(-77.4298828125,
      -7.627783203125,8.05),(-77.4298828125,-7.627783203125,8.07),(
      -77.24672851562,-7.494580078125,8.05),(-77.31655273437,
      -7.561181640625,8.05),(-77.4298828125,-7.627783203125,8.05),(
      -77.24672851562,-7.494580078125,8.07),(-77.31655273437,
      -7.561181640625,8.07),(-77.4298828125,-7.627783203125,8.07),(
      -77.4298828125,-7.627783203125,8.05),(-77.4298828125,
      -7.627783203125,8.07),(-77.63344726562,-7.727685546875,8.05),(
      -77.63344726562,-7.727685546875,8.07),(-77.4298828125,
      -7.627783203125,8.05),(-77.54321289062,-7.694384765625,8.05),(
      -77.63344726562,-7.727685546875,8.05),(-77.4298828125,
      -7.627783203125,8.07),(-77.54321289062,-7.694384765625,8.07),(
      -77.63344726562,-7.727685546875,8.07),(-77.63344726562,
      -7.727685546875,8.05),(-77.63344726562,-7.727685546875,8.07),(
      -77.63344726562,-7.540771484375,8.05),(-77.63344726562,
      -7.540771484375,8.07),(-77.63344726562,-7.727685546875,8.05),(
      -77.63344726562,-7.540771484375,8.05),(-77.63344726562,
      -7.727685546875,8.07),(-77.63344726562,-7.540771484375,8.07),(
      -77.63344726562,-7.540771484375,8.05),(-77.63344726562,
      -7.540771484375,8.07),(-77.34985351562,-7.356005859375,8.05),(
      -77.34985351562,-7.356005859375,8.07),(-77.63344726562,
      -7.540771484375,8.05),(-77.47124023437,-7.464501953125,8.05),(
      -77.34985351562,-7.356005859375,8.05),(-77.63344726562,
      -7.540771484375,8.07),(-77.47124023437,-7.464501953125,8.07),(
      -77.34985351562,-7.356005859375,8.07),(-77.34985351562,
      -7.356005859375,8.05),(-77.34985351562,-7.356005859375,8.07),(
      -77.17797851562,-7.145458984375,8.05),(-77.17797851562,
      -7.145458984375,8.07),(-77.34985351562,-7.356005859375,8.05),(
      -77.22846679687,-7.247509765625,8.05),(-77.17797851562,
      -7.145458984375,8.05),(-77.34985351562,-7.356005859375,8.07),(
      -77.22846679687,-7.247509765625,8.07),(-77.17797851562,
      -7.145458984375,8.07),(-77.17797851562,-7.145458984375,8.05),(
      -77.17797851562,-7.145458984375,8.07),(-77.05336914062,
      -7.145458984375,8.05),(-77.05336914062,-7.145458984375,8.07),(
      -77.17797851562,-7.145458984375,8.05),(-77.05336914062,
      -7.145458984375,8.05),(-77.17797851562,-7.145458984375,8.07),(
      -77.05336914062,-7.145458984375,8.07),(-77.05336914062,
      -7.145458984375,8.05),(-77.05336914062,-8.726708984375,8.05),(
      -77.05336914062,-8.726708984375,8.05),(-77.24672851562,
      -8.726708984375,8.05),(-77.24672851562,-8.726708984375,8.05),(
      -77.24672851562,-7.494580078125,8.05),(-77.24672851562,
      -7.494580078125,8.05),(-77.31655273437,-7.561181640625,8.05),(
      -77.4298828125,-7.627783203125,8.05),(-77.4298828125,
      -7.627783203125,8.05),(-77.54321289062,-7.694384765625,8.05),(
      -77.63344726562,-7.727685546875,8.05),(-77.63344726562,
      -7.727685546875,8.05),(-77.63344726562,-7.540771484375,8.05),(
      -77.63344726562,-7.540771484375,8.05),(-77.47124023437,
      -7.464501953125,8.05),(-77.34985351562,-7.356005859375,8.05),(
      -77.34985351562,-7.356005859375,8.05),(-77.22846679687,
      -7.247509765625,8.05),(-77.17797851562,-7.145458984375,8.05),(
      -77.17797851562,-7.145458984375,8.05),(-77.05336914062,
      -7.145458984375,8.05),(-77.05336914062,-7.145458984375,8.07),(
      -77.05336914062,-8.726708984375,8.07),(-77.05336914062,
      -8.726708984375,8.07),(-77.24672851562,-8.726708984375,8.07),(
      -77.24672851562,-8.726708984375,8.07),(-77.24672851562,
      -7.494580078125,8.07),(-77.24672851562,-7.494580078125,8.07),(
      -77.31655273437,-7.561181640625,8.07),(-77.4298828125,
      -7.627783203125,8.07),(-77.4298828125,-7.627783203125,8.07),(
      -77.54321289062,-7.694384765625,8.07),(-77.63344726562,
      -7.727685546875,8.07),(-77.63344726562,-7.727685546875,8.07),(
      -77.63344726562,-7.540771484375,8.07),(-77.63344726562,
      -7.540771484375,8.07),(-77.47124023437,-7.464501953125,8.07),(
      -77.34985351562,-7.356005859375,8.07),(-77.34985351562,
      -7.356005859375,8.07),(-77.22846679687,-7.247509765625,8.07),(
      -77.17797851562,-7.145458984375,8.07),(-77.17797851562,
      -7.145458984375,8.07),(-77.05336914062,-7.145458984375,8.07),(
      -76.22944335937,-8.726708984375,8.05),(-76.22944335937,
      -8.726708984375,8.07),(-76.44965820312,-8.726708984375,8.05),(
      -76.44965820312,-8.726708984375,8.07),(-76.22944335937,
      -8.726708984375,8.05),(-76.44965820312,-8.726708984375,8.05),(
      -76.22944335937,-8.726708984375,8.07),(-76.44965820312,
      -8.726708984375,8.07),(-76.44965820312,-8.726708984375,8.05),(
      -76.44965820312,-8.726708984375,8.07),(-76.44965820312,
      -8.506494140625,8.05),(-76.44965820312,-8.506494140625,8.07),(
      -76.44965820312,-8.726708984375,8.05),(-76.44965820312,
      -8.506494140625,8.05),(-76.44965820312,-8.726708984375,8.07),(
      -76.44965820312,-8.506494140625,8.07),(-76.44965820312,
      -8.506494140625,8.05),(-76.44965820312,-8.506494140625,8.07),(
      -76.22944335937,-8.506494140625,8.05),(-76.22944335937,
      -8.506494140625,8.07),(-76.44965820312,-8.506494140625,8.05),(
      -76.22944335937,-8.506494140625,8.05),(-76.44965820312,
      -8.506494140625,8.07),(-76.22944335937,-8.506494140625,8.07),(
      -76.22944335937,-8.506494140625,8.05),(-76.22944335937,
      -8.506494140625,8.07),(-76.22944335937,-8.726708984375,8.05),(
      -76.22944335937,-8.726708984375,8.07),(-76.22944335937,
      -8.506494140625,8.05),(-76.22944335937,-8.726708984375,8.05),(
      -76.22944335937,-8.506494140625,8.07),(-76.22944335937,
      -8.726708984375,8.07),(-76.22944335937,-8.726708984375,8.05),(
      -76.44965820312,-8.726708984375,8.05),(-76.44965820312,
      -8.726708984375,8.05),(-76.44965820312,-8.506494140625,8.05),(
      -76.44965820312,-8.506494140625,8.05),(-76.22944335937,
      -8.506494140625,8.05),(-76.22944335937,-8.506494140625,8.05),(
      -76.22944335937,-8.726708984375,8.05),(-76.22944335937,
      -8.726708984375,8.07),(-76.44965820312,-8.726708984375,8.07),(
      -76.44965820312,-8.726708984375,8.07),(-76.44965820312,
      -8.506494140625,8.07),(-76.44965820312,-8.506494140625,8.07),(
      -76.22944335937,-8.506494140625,8.07),(-76.22944335937,
      -8.506494140625,8.07),(-76.22944335937,-8.726708984375,8.07),(
      -75.16274414062,-7.358154296875,8.05),(-75.16274414062,
      -7.358154296875,8.07),(-75.93403320312,-7.358154296875,8.05),(
      -75.93403320312,-7.358154296875,8.07),(-75.16274414062,
      -7.358154296875,8.05),(-75.93403320312,-7.358154296875,8.05),(
      -75.16274414062,-7.358154296875,8.07),(-75.93403320312,
      -7.358154296875,8.07),(-75.93403320312,-7.358154296875,8.05),(
      -75.93403320312,-7.358154296875,8.07),(-75.93403320312,
      -7.172314453125,8.05),(-75.93403320312,-7.172314453125,8.07),(
      -75.93403320312,-7.358154296875,8.05),(-75.93403320312,
      -7.172314453125,8.05),(-75.93403320312,-7.358154296875,8.07),(
      -75.93403320312,-7.172314453125,8.07),(-75.93403320312,
      -7.172314453125,8.05),(-75.93403320312,-7.172314453125,8.07),(
      -74.91459960937,-7.172314453125,8.05),(-74.91459960937,
      -7.172314453125,8.07),(-75.93403320312,-7.172314453125,8.05),(
      -74.91459960937,-7.172314453125,8.05),(-75.93403320312,
      -7.172314453125,8.07),(-74.91459960937,-7.172314453125,8.07),(
      -74.91459960937,-7.172314453125,8.05),(-74.91459960937,
      -7.172314453125,8.07),(-74.91459960937,-7.322705078125,8.05),(
      -74.91459960937,-7.322705078125,8.07),(-74.91459960937,
      -7.172314453125,8.05),(-74.91459960937,-7.322705078125,8.05),(
      -74.91459960937,-7.172314453125,8.07),(-74.91459960937,
      -7.322705078125,8.07),(-74.91459960937,-7.322705078125,8.05),(
      -74.91459960937,-7.322705078125,8.07),(-75.2126953125,
      -7.748095703125,8.05),(-75.2126953125,-7.748095703125,8.07),(
      -74.91459960937,-7.322705078125,8.05),(-75.06499023437,
      -7.482763671875,8.05),(-75.2126953125,-7.748095703125,8.05),(
      -74.91459960937,-7.322705078125,8.07),(-75.06499023437,
      -7.482763671875,8.07),(-75.2126953125,-7.748095703125,8.07),(
      -75.2126953125,-7.748095703125,8.05),(-75.2126953125,
      -7.748095703125,8.07),(-75.44096679687,-8.293798828125,8.05),(
      -75.44096679687,-8.293798828125,8.07),(-75.2126953125,
      -7.748095703125,8.05),(-75.36040039062,-8.013427734375,8.05),(
      -75.44096679687,-8.293798828125,8.05),(-75.2126953125,
      -7.748095703125,8.07),(-75.36040039062,-8.013427734375,8.07),(
      -75.44096679687,-8.293798828125,8.07),(-75.44096679687,
      -8.293798828125,8.05),(-75.44096679687,-8.293798828125,8.07),(
      -75.51508789062,-8.726708984375,8.05),(-75.51508789062,
      -8.726708984375,8.07),(-75.44096679687,-8.293798828125,8.05),(
      -75.49897460937,-8.491455078125,8.05),(-75.51508789062,
      -8.726708984375,8.05),(-75.44096679687,-8.293798828125,8.07),(
      -75.49897460937,-8.491455078125,8.07),(-75.51508789062,
      -8.726708984375,8.07),(-75.51508789062,-8.726708984375,8.05),(
      -75.51508789062,-8.726708984375,8.07),(-75.71381835937,
      -8.726708984375,8.05),(-75.71381835937,-8.726708984375,8.07),(
      -75.51508789062,-8.726708984375,8.05),(-75.71381835937,
      -8.726708984375,8.05),(-75.51508789062,-8.726708984375,8.07),(
      -75.71381835937,-8.726708984375,8.07),(-75.71381835937,
      -8.726708984375,8.05),(-75.71381835937,-8.726708984375,8.07),(
      -75.64077148437,-8.277685546875,8.05),(-75.64077148437,
      -8.277685546875,8.07),(-75.71381835937,-8.726708984375,8.05),(
      -75.71059570312,-8.540869140625,8.05),(-75.64077148437,
      -8.277685546875,8.05),(-75.71381835937,-8.726708984375,8.07),(
      -75.71059570312,-8.540869140625,8.07),(-75.64077148437,
      -8.277685546875,8.07),(-75.64077148437,-8.277685546875,8.05),(
      -75.64077148437,-8.277685546875,8.07),(-75.4404296875,
      -7.7701171875,8.05),(-75.4404296875,-7.7701171875,8.07),(
      -75.64077148437,-8.277685546875,8.05),(-75.57094726562,
      -8.014501953125,8.05),(-75.4404296875,-7.7701171875,8.05),(
      -75.64077148437,-8.277685546875,8.07),(-75.57094726562,
      -8.014501953125,8.07),(-75.4404296875,-7.7701171875,8.07),(
      -75.4404296875,-7.7701171875,8.05),(-75.4404296875,-7.7701171875,
      8.07),(-75.16274414062,-7.358154296875,8.05),(-75.16274414062,
      -7.358154296875,8.07),(-75.4404296875,-7.7701171875,8.05),(
      -75.30991210937,-7.525732421875,8.05),(-75.16274414062,
      -7.358154296875,8.05),(-75.4404296875,-7.7701171875,8.07),(
      -75.30991210937,-7.525732421875,8.07),(-75.16274414062,
      -7.358154296875,8.07),(-75.16274414062,-7.358154296875,8.05),(
      -75.93403320312,-7.358154296875,8.05),(-75.93403320312,
      -7.358154296875,8.05),(-75.93403320312,-7.172314453125,8.05),(
      -75.93403320312,-7.172314453125,8.05),(-74.91459960937,
      -7.172314453125,8.05),(-74.91459960937,-7.172314453125,8.05),(
      -74.91459960937,-7.322705078125,8.05),(-74.91459960937,
      -7.322705078125,8.05),(-75.06499023437,-7.482763671875,8.05),(
      -75.2126953125,-7.748095703125,8.05),(-75.2126953125,
      -7.748095703125,8.05),(-75.36040039062,-8.013427734375,8.05),(
      -75.44096679687,-8.293798828125,8.05),(-75.44096679687,
      -8.293798828125,8.05),(-75.49897460937,-8.491455078125,8.05),(
      -75.51508789062,-8.726708984375,8.05),(-75.51508789062,
      -8.726708984375,8.05),(-75.71381835937,-8.726708984375,8.05),(
      -75.71381835937,-8.726708984375,8.05),(-75.71059570312,
      -8.540869140625,8.05),(-75.64077148437,-8.277685546875,8.05),(
      -75.64077148437,-8.277685546875,8.05),(-75.57094726562,
      -8.014501953125,8.05),(-75.4404296875,-7.7701171875,8.05),(
      -75.4404296875,-7.7701171875,8.05),(-75.30991210937,
      -7.525732421875,8.05),(-75.16274414062,-7.358154296875,8.05),(
      -75.16274414062,-7.358154296875,8.07),(-75.93403320312,
      -7.358154296875,8.07),(-75.93403320312,-7.358154296875,8.07),(
      -75.93403320312,-7.172314453125,8.07),(-75.93403320312,
      -7.172314453125,8.07),(-74.91459960937,-7.172314453125,8.07),(
      -74.91459960937,-7.172314453125,8.07),(-74.91459960937,
      -7.322705078125,8.07),(-74.91459960937,-7.322705078125,8.07),(
      -75.06499023437,-7.482763671875,8.07),(-75.2126953125,
      -7.748095703125,8.07),(-75.2126953125,-7.748095703125,8.07),(
      -75.36040039062,-8.013427734375,8.07),(-75.44096679687,
      -8.293798828125,8.07),(-75.44096679687,-8.293798828125,8.07),(
      -75.49897460937,-8.491455078125,8.07),(-75.51508789062,
      -8.726708984375,8.07),(-75.51508789062,-8.726708984375,8.07),(
      -75.71381835937,-8.726708984375,8.07),(-75.71381835937,
      -8.726708984375,8.07),(-75.71059570312,-8.540869140625,8.07),(
      -75.64077148437,-8.277685546875,8.07),(-75.64077148437,
      -8.277685546875,8.07),(-75.57094726562,-8.014501953125,8.07),(
      -75.4404296875,-7.7701171875,8.07),(-75.4404296875,-7.7701171875,
      8.07),(-75.30991210937,-7.525732421875,8.07),(-75.16274414062,
      -7.358154296875,8.07),(-73.86508789062,-8.726708984375,8.05),(
      -73.86508789062,-8.726708984375,8.07),(-74.05844726562,
      -8.726708984375,8.05),(-74.05844726562,-8.726708984375,8.07),(
      -73.86508789062,-8.726708984375,8.05),(-74.05844726562,
      -8.726708984375,8.05),(-73.86508789062,-8.726708984375,8.07),(
      -74.05844726562,-8.726708984375,8.07),(-74.05844726562,
      -8.726708984375,8.05),(-74.05844726562,-8.726708984375,8.07),(
      -74.05844726562,-7.585888671875,8.05),(-74.05844726562,
      -7.585888671875,8.07),(-74.05844726562,-8.726708984375,8.05),(
      -74.05844726562,-7.585888671875,8.05),(-74.05844726562,
      -8.726708984375,8.07),(-74.05844726562,-7.585888671875,8.07),(
      -74.05844726562,-7.585888671875,8.05),(-74.05844726562,
      -7.585888671875,8.07),(-73.88549804687,-7.585888671875,8.05),(
      -73.88549804687,-7.585888671875,8.07),(-74.05844726562,
      -7.585888671875,8.05),(-73.88549804687,-7.585888671875,8.05),(
      -74.05844726562,-7.585888671875,8.07),(-73.88549804687,
      -7.585888671875,8.07),(-73.88549804687,-7.585888671875,8.05),(
      -73.88549804687,-7.585888671875,8.07),(-73.88549804687,
      -7.745947265625,8.05),(-73.88549804687,-7.745947265625,8.07),(
      -73.88549804687,-7.585888671875,8.05),(-73.88549804687,
      -7.745947265625,8.05),(-73.88549804687,-7.585888671875,8.07),(
      -73.88549804687,-7.745947265625,8.07),(-73.88549804687,
      -7.745947265625,8.05),(-73.88549804687,-7.745947265625,8.07),(
      -73.74262695312,-7.6111328125,8.05),(-73.74262695312,-7.6111328125
      ,8.07),(-73.88549804687,-7.745947265625,8.05),(-73.83178710937,
      -7.662158203125,8.05),(-73.74262695312,-7.6111328125,8.05),(
      -73.88549804687,-7.745947265625,8.07),(-73.83178710937,
      -7.662158203125,8.07),(-73.74262695312,-7.6111328125,8.07),(
      -73.74262695312,-7.6111328125,8.05),(-73.74262695312,-7.6111328125
      ,8.07),(-73.53959960937,-7.560107421875,8.05),(-73.53959960937,
      -7.560107421875,8.07),(-73.74262695312,-7.6111328125,8.05),(
      -73.65346679687,-7.560107421875,8.05),(-73.53959960937,
      -7.560107421875,8.05),(-73.74262695312,-7.6111328125,8.07),(
      -73.65346679687,-7.560107421875,8.07),(-73.53959960937,
      -7.560107421875,8.07),(-73.53959960937,-7.560107421875,8.05),(
      -73.53959960937,-7.560107421875,8.07),(-73.33173828125,
      -7.612744140625,8.05),(-73.33173828125,-7.612744140625,8.07),(
      -73.53959960937,-7.560107421875,8.05),(-73.41284179687,
      -7.560107421875,8.05),(-73.33173828125,-7.612744140625,8.05),(
      -73.53959960937,-7.560107421875,8.07),(-73.41284179687,
      -7.560107421875,8.07),(-73.33173828125,-7.612744140625,8.07),(
      -73.33173828125,-7.612744140625,8.05),(-73.33173828125,
      -7.612744140625,8.07),(-73.21733398437,-7.759912109375,8.05),(
      -73.21733398437,-7.759912109375,8.07),(-73.33173828125,
      -7.612744140625,8.05),(-73.25063476562,-7.665380859375,8.05),(
      -73.21733398437,-7.759912109375,8.05),(-73.33173828125,
      -7.612744140625,8.07),(-73.25063476562,-7.665380859375,8.07),(
      -73.21733398437,-7.759912109375,8.07),(-73.21733398437,
      -7.759912109375,8.05),(-73.21733398437,-7.759912109375,8.07),(
      -72.86499023437,-7.560107421875,8.05),(-72.86499023437,
      -7.560107421875,8.07),(-73.21733398437,-7.759912109375,8.05),(
      -73.08198242187,-7.560107421875,8.05),(-72.86499023437,
      -7.560107421875,8.05),(-73.21733398437,-7.759912109375,8.07),(
      -73.08198242187,-7.560107421875,8.07),(-72.86499023437,
      -7.560107421875,8.07),(-72.86499023437,-7.560107421875,8.05),(
      -72.86499023437,-7.560107421875,8.07),(-72.60395507812,
      -7.6541015625,8.05),(-72.60395507812,-7.6541015625,8.07),(
      -72.86499023437,-7.560107421875,8.05),(-72.69526367187,
      -7.560107421875,8.05),(-72.60395507812,-7.6541015625,8.05),(
      -72.86499023437,-7.560107421875,8.07),(-72.69526367187,
      -7.560107421875,8.07),(-72.60395507812,-7.6541015625,8.07),(
      -72.60395507812,-7.6541015625,8.05),(-72.60395507812,-7.6541015625
      ,8.07),(-72.51264648437,-7.943603515625,8.05),(-72.51264648437,
      -7.943603515625,8.07),(-72.60395507812,-7.6541015625,8.05),(
      -72.51264648437,-7.748095703125,8.05),(-72.51264648437,
      -7.943603515625,8.05),(-72.60395507812,-7.6541015625,8.07),(
      -72.51264648437,-7.748095703125,8.07),(-72.51264648437,
      -7.943603515625,8.07),(-72.51264648437,-7.943603515625,8.05),(
      -72.51264648437,-7.943603515625,8.07),(-72.51264648437,
      -8.726708984375,8.05),(-72.51264648437,-8.726708984375,8.07),(
      -72.51264648437,-7.943603515625,8.05),(-72.51264648437,
      -8.726708984375,8.05),(-72.51264648437,-7.943603515625,8.07),(
      -72.51264648437,-8.726708984375,8.07),(-72.51264648437,
      -8.726708984375,8.05),(-72.51264648437,-8.726708984375,8.07),(
      -72.70493164062,-8.726708984375,8.05),(-72.70493164062,
      -8.726708984375,8.07),(-72.51264648437,-8.726708984375,8.05),(
      -72.70493164062,-8.726708984375,8.05),(-72.51264648437,
      -8.726708984375,8.07),(-72.70493164062,-8.726708984375,8.07),(
      -72.70493164062,-8.726708984375,8.05),(-72.70493164062,
      -8.726708984375,8.07),(-72.70493164062,-8.008056640625,8.05),(
      -72.70493164062,-8.008056640625,8.07),(-72.70493164062,
      -8.726708984375,8.05),(-72.70493164062,-8.008056640625,8.05),(
      -72.70493164062,-8.726708984375,8.07),(-72.70493164062,
      -8.008056640625,8.07),(-72.70493164062,-8.008056640625,8.05),(
      -72.70493164062,-8.008056640625,8.07),(-72.72373046875,
      -7.841015625,8.05),(-72.72373046875,-7.841015625,8.07),(
      -72.70493164062,-8.008056640625,8.05),(-72.70493164062,
      -7.892041015625,8.05),(-72.72373046875,-7.841015625,8.05),(
      -72.70493164062,-8.008056640625,8.07),(-72.70493164062,
      -7.892041015625,8.07),(-72.72373046875,-7.841015625,8.07),(
      -72.72373046875,-7.841015625,8.05),(-72.72373046875,-7.841015625,
      8.07),(-72.79194335937,-7.758837890625,8.05),(-72.79194335937,
      -7.758837890625,8.07),(-72.72373046875,-7.841015625,8.05),(
      -72.74252929687,-7.789990234375,8.05),(-72.79194335937,
      -7.758837890625,8.05),(-72.72373046875,-7.841015625,8.07),(
      -72.74252929687,-7.789990234375,8.07),(-72.79194335937,
      -7.758837890625,8.07),(-72.79194335937,-7.758837890625,8.05),(
      -72.79194335937,-7.758837890625,8.07),(-72.90795898437,
      -7.727685546875,8.05),(-72.90795898437,-7.727685546875,8.07),(
      -72.79194335937,-7.758837890625,8.05),(-72.84135742187,
      -7.727685546875,8.05),(-72.90795898437,-7.727685546875,8.05),(
      -72.79194335937,-7.758837890625,8.07),(-72.84135742187,
      -7.727685546875,8.07),(-72.90795898437,-7.727685546875,8.07),(
      -72.90795898437,-7.727685546875,8.05),(-72.90795898437,
      -7.727685546875,8.07),(-73.10776367187,-7.80771484375,8.05),(
      -73.10776367187,-7.80771484375,8.07),(-72.90795898437,
      -7.727685546875,8.05),(-73.02827148437,-7.727685546875,8.05),(
      -73.10776367187,-7.80771484375,8.05),(-72.90795898437,
      -7.727685546875,8.07),(-73.02827148437,-7.727685546875,8.07),(
      -73.10776367187,-7.80771484375,8.07),(-73.10776367187,
      -7.80771484375,8.05),(-73.10776367187,-7.80771484375,8.07),(
      -73.18725585937,-8.063916015625,8.05),(-73.18725585937,
      -8.063916015625,8.07),(-73.10776367187,-7.80771484375,8.05),(
      -73.18725585937,-7.887744140625,8.05),(-73.18725585937,
      -8.063916015625,8.05),(-73.10776367187,-7.80771484375,8.07),(
      -73.18725585937,-7.887744140625,8.07),(-73.18725585937,
      -8.063916015625,8.07),(-73.18725585937,-8.063916015625,8.05),(
      -73.18725585937,-8.063916015625,8.07),(-73.18725585937,
      -8.726708984375,8.05),(-73.18725585937,-8.726708984375,8.07),(
      -73.18725585937,-8.063916015625,8.05),(-73.18725585937,
      -8.726708984375,8.05),(-73.18725585937,-8.063916015625,8.07),(
      -73.18725585937,-8.726708984375,8.07),(-73.18725585937,
      -8.726708984375,8.05),(-73.18725585937,-8.726708984375,8.07),(
      -73.38061523437,-8.726708984375,8.05),(-73.38061523437,
      -8.726708984375,8.07),(-73.18725585937,-8.726708984375,8.05),(
      -73.38061523437,-8.726708984375,8.05),(-73.18725585937,
      -8.726708984375,8.07),(-73.38061523437,-8.726708984375,8.07),(
      -73.38061523437,-8.726708984375,8.05),(-73.38061523437,
      -8.726708984375,8.07),(-73.38061523437,-7.985498046875,8.05),(
      -73.38061523437,-7.985498046875,8.07),(-73.38061523437,
      -8.726708984375,8.05),(-73.38061523437,-7.985498046875,8.05),(
      -73.38061523437,-8.726708984375,8.07),(-73.38061523437,
      -7.985498046875,8.07),(-73.38061523437,-7.985498046875,8.05),(
      -73.38061523437,-7.985498046875,8.07),(-73.42788085937,
      -7.792138671875,8.05),(-73.42788085937,-7.792138671875,8.07),(
      -73.38061523437,-7.985498046875,8.05),(-73.38061523437,
      -7.856591796875,8.05),(-73.42788085937,-7.792138671875,8.05),(
      -73.38061523437,-7.985498046875,8.07),(-73.38061523437,
      -7.856591796875,8.07),(-73.42788085937,-7.792138671875,8.07),(
      -73.42788085937,-7.792138671875,8.05),(-73.42788085937,
      -7.792138671875,8.07),(-73.58256835937,-7.727685546875,8.05),(
      -73.58256835937,-7.727685546875,8.07),(-73.42788085937,
      -7.792138671875,8.05),(-73.47514648437,-7.727685546875,8.05),(
      -73.58256835937,-7.727685546875,8.05),(-73.42788085937,
      -7.792138671875,8.07),(-73.47514648437,-7.727685546875,8.07),(
      -73.58256835937,-7.727685546875,8.07),(-73.58256835937,
      -7.727685546875,8.05),(-73.58256835937,-7.727685546875,8.07),(
      -73.73349609375,-7.770654296875,8.05),(-73.73349609375,
      -7.770654296875,8.07),(-73.58256835937,-7.727685546875,8.05),(
      -73.66420898437,-7.727685546875,8.05),(-73.73349609375,
      -7.770654296875,8.05),(-73.58256835937,-7.727685546875,8.07),(
      -73.66420898437,-7.727685546875,8.07),(-73.73349609375,
      -7.770654296875,8.07),(-73.73349609375,-7.770654296875,8.05),(
      -73.73349609375,-7.770654296875,8.07),(-73.83393554687,
      -7.896337890625,8.05),(-73.83393554687,-7.896337890625,8.07),(
      -73.73349609375,-7.770654296875,8.05),(-73.80278320312,
      -7.813623046875,8.05),(-73.83393554687,-7.896337890625,8.05),(
      -73.73349609375,-7.770654296875,8.07),(-73.80278320312,
      -7.813623046875,8.07),(-73.83393554687,-7.896337890625,8.07),(
      -73.83393554687,-7.896337890625,8.05),(-73.83393554687,
      -7.896337890625,8.07),(-73.86508789062,-8.134814453125,8.05),(
      -73.86508789062,-8.134814453125,8.07),(-73.83393554687,
      -7.896337890625,8.05),(-73.86508789062,-7.979052734375,8.05),(
      -73.86508789062,-8.134814453125,8.05),(-73.83393554687,
      -7.896337890625,8.07),(-73.86508789062,-7.979052734375,8.07),(
      -73.86508789062,-8.134814453125,8.07),(-73.86508789062,
      -8.134814453125,8.05),(-73.86508789062,-8.134814453125,8.07),(
      -73.86508789062,-8.726708984375,8.05),(-73.86508789062,
      -8.726708984375,8.07),(-73.86508789062,-8.134814453125,8.05),(
      -73.86508789062,-8.726708984375,8.05),(-73.86508789062,
      -8.134814453125,8.07),(-73.86508789062,-8.726708984375,8.07),(
      -73.86508789062,-8.726708984375,8.05),(-74.05844726562,
      -8.726708984375,8.05),(-74.05844726562,-8.726708984375,8.05),(
      -74.05844726562,-7.585888671875,8.05),(-74.05844726562,
      -7.585888671875,8.05),(-73.88549804687,-7.585888671875,8.05),(
      -73.88549804687,-7.585888671875,8.05),(-73.88549804687,
      -7.745947265625,8.05),(-73.88549804687,-7.745947265625,8.05),(
      -73.83178710937,-7.662158203125,8.05),(-73.74262695312,
      -7.6111328125,8.05),(-73.74262695312,-7.6111328125,8.05),(
      -73.65346679687,-7.560107421875,8.05),(-73.53959960937,
      -7.560107421875,8.05),(-73.53959960937,-7.560107421875,8.05),(
      -73.41284179687,-7.560107421875,8.05),(-73.33173828125,
      -7.612744140625,8.05),(-73.33173828125,-7.612744140625,8.05),(
      -73.25063476562,-7.665380859375,8.05),(-73.21733398437,
      -7.759912109375,8.05),(-73.21733398437,-7.759912109375,8.05),(
      -73.08198242187,-7.560107421875,8.05),(-72.86499023437,
      -7.560107421875,8.05),(-72.86499023437,-7.560107421875,8.05),(
      -72.69526367187,-7.560107421875,8.05),(-72.60395507812,
      -7.6541015625,8.05),(-72.60395507812,-7.6541015625,8.05),(
      -72.51264648437,-7.748095703125,8.05),(-72.51264648437,
      -7.943603515625,8.05),(-72.51264648437,-7.943603515625,8.05),(
      -72.51264648437,-8.726708984375,8.05),(-72.51264648437,
      -8.726708984375,8.05),(-72.70493164062,-8.726708984375,8.05),(
      -72.70493164062,-8.726708984375,8.05),(-72.70493164062,
      -8.008056640625,8.05),(-72.70493164062,-8.008056640625,8.05),(
      -72.70493164062,-7.892041015625,8.05),(-72.72373046875,
      -7.841015625,8.05),(-72.72373046875,-7.841015625,8.05),(
      -72.74252929687,-7.789990234375,8.05),(-72.79194335937,
      -7.758837890625,8.05),(-72.79194335937,-7.758837890625,8.05),(
      -72.84135742187,-7.727685546875,8.05),(-72.90795898437,
      -7.727685546875,8.05),(-72.90795898437,-7.727685546875,8.05),(
      -73.02827148437,-7.727685546875,8.05),(-73.10776367187,
      -7.80771484375,8.05),(-73.10776367187,-7.80771484375,8.05),(
      -73.18725585937,-7.887744140625,8.05),(-73.18725585937,
      -8.063916015625,8.05),(-73.18725585937,-8.063916015625,8.05),(
      -73.18725585937,-8.726708984375,8.05),(-73.18725585937,
      -8.726708984375,8.05),(-73.38061523437,-8.726708984375,8.05),(
      -73.38061523437,-8.726708984375,8.05),(-73.38061523437,
      -7.985498046875,8.05),(-73.38061523437,-7.985498046875,8.05),(
      -73.38061523437,-7.856591796875,8.05),(-73.42788085937,
      -7.792138671875,8.05),(-73.42788085937,-7.792138671875,8.05),(
      -73.47514648437,-7.727685546875,8.05),(-73.58256835937,
      -7.727685546875,8.05),(-73.58256835937,-7.727685546875,8.05),(
      -73.66420898437,-7.727685546875,8.05),(-73.73349609375,
      -7.770654296875,8.05),(-73.73349609375,-7.770654296875,8.05),(
      -73.80278320312,-7.813623046875,8.05),(-73.83393554687,
      -7.896337890625,8.05),(-73.83393554687,-7.896337890625,8.05),(
      -73.86508789062,-7.979052734375,8.05),(-73.86508789062,
      -8.134814453125,8.05),(-73.86508789062,-8.134814453125,8.05),(
      -73.86508789062,-8.726708984375,8.05),(-73.86508789062,
      -8.726708984375,8.07),(-74.05844726562,-8.726708984375,8.07),(
      -74.05844726562,-8.726708984375,8.07),(-74.05844726562,
      -7.585888671875,8.07),(-74.05844726562,-7.585888671875,8.07),(
      -73.88549804687,-7.585888671875,8.07),(-73.88549804687,
      -7.585888671875,8.07),(-73.88549804687,-7.745947265625,8.07),(
      -73.88549804687,-7.745947265625,8.07),(-73.83178710937,
      -7.662158203125,8.07),(-73.74262695312,-7.6111328125,8.07),(
      -73.74262695312,-7.6111328125,8.07),(-73.65346679687,
      -7.560107421875,8.07),(-73.53959960937,-7.560107421875,8.07),(
      -73.53959960937,-7.560107421875,8.07),(-73.41284179687,
      -7.560107421875,8.07),(-73.33173828125,-7.612744140625,8.07),(
      -73.33173828125,-7.612744140625,8.07),(-73.25063476562,
      -7.665380859375,8.07),(-73.21733398437,-7.759912109375,8.07),(
      -73.21733398437,-7.759912109375,8.07),(-73.08198242187,
      -7.560107421875,8.07),(-72.86499023437,-7.560107421875,8.07),(
      -72.86499023437,-7.560107421875,8.07),(-72.69526367187,
      -7.560107421875,8.07),(-72.60395507812,-7.6541015625,8.07),(
      -72.60395507812,-7.6541015625,8.07),(-72.51264648437,
      -7.748095703125,8.07),(-72.51264648437,-7.943603515625,8.07),(
      -72.51264648437,-7.943603515625,8.07),(-72.51264648437,
      -8.726708984375,8.07),(-72.51264648437,-8.726708984375,8.07),(
      -72.70493164062,-8.726708984375,8.07),(-72.70493164062,
      -8.726708984375,8.07),(-72.70493164062,-8.008056640625,8.07),(
      -72.70493164062,-8.008056640625,8.07),(-72.70493164062,
      -7.892041015625,8.07),(-72.72373046875,-7.841015625,8.07),(
      -72.72373046875,-7.841015625,8.07),(-72.74252929687,
      -7.789990234375,8.07),(-72.79194335937,-7.758837890625,8.07),(
      -72.79194335937,-7.758837890625,8.07),(-72.84135742187,
      -7.727685546875,8.07),(-72.90795898437,-7.727685546875,8.07),(
      -72.90795898437,-7.727685546875,8.07),(-73.02827148437,
      -7.727685546875,8.07),(-73.10776367187,-7.80771484375,8.07),(
      -73.10776367187,-7.80771484375,8.07),(-73.18725585937,
      -7.887744140625,8.07),(-73.18725585937,-8.063916015625,8.07),(
      -73.18725585937,-8.063916015625,8.07),(-73.18725585937,
      -8.726708984375,8.07),(-73.18725585937,-8.726708984375,8.07),(
      -73.38061523437,-8.726708984375,8.07),(-73.38061523437,
      -8.726708984375,8.07),(-73.38061523437,-7.985498046875,8.07),(
      -73.38061523437,-7.985498046875,8.07),(-73.38061523437,
      -7.856591796875,8.07),(-73.42788085937,-7.792138671875,8.07),(
      -73.42788085937,-7.792138671875,8.07),(-73.47514648437,
      -7.727685546875,8.07),(-73.58256835937,-7.727685546875,8.07),(
      -73.58256835937,-7.727685546875,8.07),(-73.66420898437,
      -7.727685546875,8.07),(-73.73349609375,-7.770654296875,8.07),(
      -73.73349609375,-7.770654296875,8.07),(-73.80278320312,
      -7.813623046875,8.07),(-73.83393554687,-7.896337890625,8.07),(
      -73.83393554687,-7.896337890625,8.07),(-73.86508789062,
      -7.979052734375,8.07),(-73.86508789062,-8.134814453125,8.07),(
      -73.86508789062,-8.134814453125,8.07),(-73.86508789062,
      -8.726708984375,8.07),(-72.03247070312,-8.726708984375,8.05),(
      -72.03247070312,-8.726708984375,8.07),(-72.22583007812,
      -8.726708984375,8.05),(-72.22583007812,-8.726708984375,8.07),(
      -72.03247070312,-8.726708984375,8.05),(-72.22583007812,
      -8.726708984375,8.05),(-72.03247070312,-8.726708984375,8.07),(
      -72.22583007812,-8.726708984375,8.07),(-72.22583007812,
      -8.726708984375,8.05),(-72.22583007812,-8.726708984375,8.07),(
      -72.22583007812,-7.585888671875,8.05),(-72.22583007812,
      -7.585888671875,8.07),(-72.22583007812,-8.726708984375,8.05),(
      -72.22583007812,-7.585888671875,8.05),(-72.22583007812,
      -8.726708984375,8.07),(-72.22583007812,-7.585888671875,8.07),(
      -72.22583007812,-7.585888671875,8.05),(-72.22583007812,
      -7.585888671875,8.07),(-72.05288085937,-7.585888671875,8.05),(
      -72.05288085937,-7.585888671875,8.07),(-72.22583007812,
      -7.585888671875,8.05),(-72.05288085937,-7.585888671875,8.05),(
      -72.22583007812,-7.585888671875,8.07),(-72.05288085937,
      -7.585888671875,8.07),(-72.05288085937,-7.585888671875,8.05),(
      -72.05288085937,-7.585888671875,8.07),(-72.05288085937,
      -7.745947265625,8.05),(-72.05288085937,-7.745947265625,8.07),(
      -72.05288085937,-7.585888671875,8.05),(-72.05288085937,
      -7.745947265625,8.05),(-72.05288085937,-7.585888671875,8.07),(
      -72.05288085937,-7.745947265625,8.07),(-72.05288085937,
      -7.745947265625,8.05),(-72.05288085937,-7.745947265625,8.07),(
      -71.91000976562,-7.6111328125,8.05),(-71.91000976562,-7.6111328125
      ,8.07),(-72.05288085937,-7.745947265625,8.05),(-71.99916992187,
      -7.662158203125,8.05),(-71.91000976562,-7.6111328125,8.05),(
      -72.05288085937,-7.745947265625,8.07),(-71.99916992187,
      -7.662158203125,8.07),(-71.91000976562,-7.6111328125,8.07),(
      -71.91000976562,-7.6111328125,8.05),(-71.91000976562,-7.6111328125
      ,8.07),(-71.70698242187,-7.560107421875,8.05),(-71.70698242187,
      -7.560107421875,8.07),(-71.91000976562,-7.6111328125,8.05),(
      -71.82084960937,-7.560107421875,8.05),(-71.70698242187,
      -7.560107421875,8.05),(-71.91000976562,-7.6111328125,8.07),(
      -71.82084960937,-7.560107421875,8.07),(-71.70698242187,
      -7.560107421875,8.07),(-71.70698242187,-7.560107421875,8.05),(
      -71.70698242187,-7.560107421875,8.07),(-71.49912109375,
      -7.612744140625,8.05),(-71.49912109375,-7.612744140625,8.07),(
      -71.70698242187,-7.560107421875,8.05),(-71.58022460937,
      -7.560107421875,8.05),(-71.49912109375,-7.612744140625,8.05),(
      -71.70698242187,-7.560107421875,8.07),(-71.58022460937,
      -7.560107421875,8.07),(-71.49912109375,-7.612744140625,8.07),(
      -71.49912109375,-7.612744140625,8.05),(-71.49912109375,
      -7.612744140625,8.07),(-71.38471679687,-7.759912109375,8.05),(
      -71.38471679687,-7.759912109375,8.07),(-71.49912109375,
      -7.612744140625,8.05),(-71.41801757812,-7.665380859375,8.05),(
      -71.38471679687,-7.759912109375,8.05),(-71.49912109375,
      -7.612744140625,8.07),(-71.41801757812,-7.665380859375,8.07),(
      -71.38471679687,-7.759912109375,8.07),(-71.38471679687,
      -7.759912109375,8.05),(-71.38471679687,-7.759912109375,8.07),(
      -71.03237304687,-7.560107421875,8.05),(-71.03237304687,
      -7.560107421875,8.07),(-71.38471679687,-7.759912109375,8.05),(
      -71.24936523437,-7.560107421875,8.05),(-71.03237304687,
      -7.560107421875,8.05),(-71.38471679687,-7.759912109375,8.07),(
      -71.24936523437,-7.560107421875,8.07),(-71.03237304687,
      -7.560107421875,8.07),(-71.03237304687,-7.560107421875,8.05),(
      -71.03237304687,-7.560107421875,8.07),(-70.77133789062,
      -7.6541015625,8.05),(-70.77133789062,-7.6541015625,8.07),(
      -71.03237304687,-7.560107421875,8.05),(-70.86264648437,
      -7.560107421875,8.05),(-70.77133789062,-7.6541015625,8.05),(
      -71.03237304687,-7.560107421875,8.07),(-70.86264648437,
      -7.560107421875,8.07),(-70.77133789062,-7.6541015625,8.07),(
      -70.77133789062,-7.6541015625,8.05),(-70.77133789062,-7.6541015625
      ,8.07),(-70.68002929687,-7.943603515625,8.05),(-70.68002929687,
      -7.943603515625,8.07),(-70.77133789062,-7.6541015625,8.05),(
      -70.68002929687,-7.748095703125,8.05),(-70.68002929687,
      -7.943603515625,8.05),(-70.77133789062,-7.6541015625,8.07),(
      -70.68002929687,-7.748095703125,8.07),(-70.68002929687,
      -7.943603515625,8.07),(-70.68002929687,-7.943603515625,8.05),(
      -70.68002929687,-7.943603515625,8.07),(-70.68002929687,
      -8.726708984375,8.05),(-70.68002929687,-8.726708984375,8.07),(
      -70.68002929687,-7.943603515625,8.05),(-70.68002929687,
      -8.726708984375,8.05),(-70.68002929687,-7.943603515625,8.07),(
      -70.68002929687,-8.726708984375,8.07),(-70.68002929687,
      -8.726708984375,8.05),(-70.68002929687,-8.726708984375,8.07),(
      -70.87231445312,-8.726708984375,8.05),(-70.87231445312,
      -8.726708984375,8.07),(-70.68002929687,-8.726708984375,8.05),(
      -70.87231445312,-8.726708984375,8.05),(-70.68002929687,
      -8.726708984375,8.07),(-70.87231445312,-8.726708984375,8.07),(
      -70.87231445312,-8.726708984375,8.05),(-70.87231445312,
      -8.726708984375,8.07),(-70.87231445312,-8.008056640625,8.05),(
      -70.87231445312,-8.008056640625,8.07),(-70.87231445312,
      -8.726708984375,8.05),(-70.87231445312,-8.008056640625,8.05),(
      -70.87231445312,-8.726708984375,8.07),(-70.87231445312,
      -8.008056640625,8.07),(-70.87231445312,-8.008056640625,8.05),(
      -70.87231445312,-8.008056640625,8.07),(-70.89111328125,
      -7.841015625,8.05),(-70.89111328125,-7.841015625,8.07),(
      -70.87231445312,-8.008056640625,8.05),(-70.87231445312,
      -7.892041015625,8.05),(-70.89111328125,-7.841015625,8.05),(
      -70.87231445312,-8.008056640625,8.07),(-70.87231445312,
      -7.892041015625,8.07),(-70.89111328125,-7.841015625,8.07),(
      -70.89111328125,-7.841015625,8.05),(-70.89111328125,-7.841015625,
      8.07),(-70.95932617187,-7.758837890625,8.05),(-70.95932617187,
      -7.758837890625,8.07),(-70.89111328125,-7.841015625,8.05),(
      -70.90991210937,-7.789990234375,8.05),(-70.95932617187,
      -7.758837890625,8.05),(-70.89111328125,-7.841015625,8.07),(
      -70.90991210937,-7.789990234375,8.07),(-70.95932617187,
      -7.758837890625,8.07),(-70.95932617187,-7.758837890625,8.05),(
      -70.95932617187,-7.758837890625,8.07),(-71.07534179687,
      -7.727685546875,8.05),(-71.07534179687,-7.727685546875,8.07),(
      -70.95932617187,-7.758837890625,8.05),(-71.00874023437,
      -7.727685546875,8.05),(-71.07534179687,-7.727685546875,8.05),(
      -70.95932617187,-7.758837890625,8.07),(-71.00874023437,
      -7.727685546875,8.07),(-71.07534179687,-7.727685546875,8.07),(
      -71.07534179687,-7.727685546875,8.05),(-71.07534179687,
      -7.727685546875,8.07),(-71.27514648437,-7.80771484375,8.05),(
      -71.27514648437,-7.80771484375,8.07),(-71.07534179687,
      -7.727685546875,8.05),(-71.19565429687,-7.727685546875,8.05),(
      -71.27514648437,-7.80771484375,8.05),(-71.07534179687,
      -7.727685546875,8.07),(-71.19565429687,-7.727685546875,8.07),(
      -71.27514648437,-7.80771484375,8.07),(-71.27514648437,
      -7.80771484375,8.05),(-71.27514648437,-7.80771484375,8.07),(
      -71.35463867187,-8.063916015625,8.05),(-71.35463867187,
      -8.063916015625,8.07),(-71.27514648437,-7.80771484375,8.05),(
      -71.35463867187,-7.887744140625,8.05),(-71.35463867187,
      -8.063916015625,8.05),(-71.27514648437,-7.80771484375,8.07),(
      -71.35463867187,-7.887744140625,8.07),(-71.35463867187,
      -8.063916015625,8.07),(-71.35463867187,-8.063916015625,8.05),(
      -71.35463867187,-8.063916015625,8.07),(-71.35463867187,
      -8.726708984375,8.05),(-71.35463867187,-8.726708984375,8.07),(
      -71.35463867187,-8.063916015625,8.05),(-71.35463867187,
      -8.726708984375,8.05),(-71.35463867187,-8.063916015625,8.07),(
      -71.35463867187,-8.726708984375,8.07),(-71.35463867187,
      -8.726708984375,8.05),(-71.35463867187,-8.726708984375,8.07),(
      -71.54799804687,-8.726708984375,8.05),(-71.54799804687,
      -8.726708984375,8.07),(-71.35463867187,-8.726708984375,8.05),(
      -71.54799804687,-8.726708984375,8.05),(-71.35463867187,
      -8.726708984375,8.07),(-71.54799804687,-8.726708984375,8.07),(
      -71.54799804687,-8.726708984375,8.05),(-71.54799804687,
      -8.726708984375,8.07),(-71.54799804687,-7.985498046875,8.05),(
      -71.54799804687,-7.985498046875,8.07),(-71.54799804687,
      -8.726708984375,8.05),(-71.54799804687,-7.985498046875,8.05),(
      -71.54799804687,-8.726708984375,8.07),(-71.54799804687,
      -7.985498046875,8.07),(-71.54799804687,-7.985498046875,8.05),(
      -71.54799804687,-7.985498046875,8.07),(-71.59526367187,
      -7.792138671875,8.05),(-71.59526367187,-7.792138671875,8.07),(
      -71.54799804687,-7.985498046875,8.05),(-71.54799804687,
      -7.856591796875,8.05),(-71.59526367187,-7.792138671875,8.05),(
      -71.54799804687,-7.985498046875,8.07),(-71.54799804687,
      -7.856591796875,8.07),(-71.59526367187,-7.792138671875,8.07),(
      -71.59526367187,-7.792138671875,8.05),(-71.59526367187,
      -7.792138671875,8.07),(-71.74995117187,-7.727685546875,8.05),(
      -71.74995117187,-7.727685546875,8.07),(-71.59526367187,
      -7.792138671875,8.05),(-71.64252929687,-7.727685546875,8.05),(
      -71.74995117187,-7.727685546875,8.05),(-71.59526367187,
      -7.792138671875,8.07),(-71.64252929687,-7.727685546875,8.07),(
      -71.74995117187,-7.727685546875,8.07),(-71.74995117187,
      -7.727685546875,8.05),(-71.74995117187,-7.727685546875,8.07),(
      -71.90087890625,-7.770654296875,8.05),(-71.90087890625,
      -7.770654296875,8.07),(-71.74995117187,-7.727685546875,8.05),(
      -71.83159179687,-7.727685546875,8.05),(-71.90087890625,
      -7.770654296875,8.05),(-71.74995117187,-7.727685546875,8.07),(
      -71.83159179687,-7.727685546875,8.07),(-71.90087890625,
      -7.770654296875,8.07),(-71.90087890625,-7.770654296875,8.05),(
      -71.90087890625,-7.770654296875,8.07),(-72.00131835937,
      -7.896337890625,8.05),(-72.00131835937,-7.896337890625,8.07),(
      -71.90087890625,-7.770654296875,8.05),(-71.97016601562,
      -7.813623046875,8.05),(-72.00131835937,-7.896337890625,8.05),(
      -71.90087890625,-7.770654296875,8.07),(-71.97016601562,
      -7.813623046875,8.07),(-72.00131835937,-7.896337890625,8.07),(
      -72.00131835937,-7.896337890625,8.05),(-72.00131835937,
      -7.896337890625,8.07),(-72.03247070312,-8.134814453125,8.05),(
      -72.03247070312,-8.134814453125,8.07),(-72.00131835937,
      -7.896337890625,8.05),(-72.03247070312,-7.979052734375,8.05),(
      -72.03247070312,-8.134814453125,8.05),(-72.00131835937,
      -7.896337890625,8.07),(-72.03247070312,-7.979052734375,8.07),(
      -72.03247070312,-8.134814453125,8.07),(-72.03247070312,
      -8.134814453125,8.05),(-72.03247070312,-8.134814453125,8.07),(
      -72.03247070312,-8.726708984375,8.05),(-72.03247070312,
      -8.726708984375,8.07),(-72.03247070312,-8.134814453125,8.05),(
      -72.03247070312,-8.726708984375,8.05),(-72.03247070312,
      -8.134814453125,8.07),(-72.03247070312,-8.726708984375,8.07),(
      -72.03247070312,-8.726708984375,8.05),(-72.22583007812,
      -8.726708984375,8.05),(-72.22583007812,-8.726708984375,8.05),(
      -72.22583007812,-7.585888671875,8.05),(-72.22583007812,
      -7.585888671875,8.05),(-72.05288085937,-7.585888671875,8.05),(
      -72.05288085937,-7.585888671875,8.05),(-72.05288085937,
      -7.745947265625,8.05),(-72.05288085937,-7.745947265625,8.05),(
      -71.99916992187,-7.662158203125,8.05),(-71.91000976562,
      -7.6111328125,8.05),(-71.91000976562,-7.6111328125,8.05),(
      -71.82084960937,-7.560107421875,8.05),(-71.70698242187,
      -7.560107421875,8.05),(-71.70698242187,-7.560107421875,8.05),(
      -71.58022460937,-7.560107421875,8.05),(-71.49912109375,
      -7.612744140625,8.05),(-71.49912109375,-7.612744140625,8.05),(
      -71.41801757812,-7.665380859375,8.05),(-71.38471679687,
      -7.759912109375,8.05),(-71.38471679687,-7.759912109375,8.05),(
      -71.24936523437,-7.560107421875,8.05),(-71.03237304687,
      -7.560107421875,8.05),(-71.03237304687,-7.560107421875,8.05),(
      -70.86264648437,-7.560107421875,8.05),(-70.77133789062,
      -7.6541015625,8.05),(-70.77133789062,-7.6541015625,8.05),(
      -70.68002929687,-7.748095703125,8.05),(-70.68002929687,
      -7.943603515625,8.05),(-70.68002929687,-7.943603515625,8.05),(
      -70.68002929687,-8.726708984375,8.05),(-70.68002929687,
      -8.726708984375,8.05),(-70.87231445312,-8.726708984375,8.05),(
      -70.87231445312,-8.726708984375,8.05),(-70.87231445312,
      -8.008056640625,8.05),(-70.87231445312,-8.008056640625,8.05),(
      -70.87231445312,-7.892041015625,8.05),(-70.89111328125,
      -7.841015625,8.05),(-70.89111328125,-7.841015625,8.05),(
      -70.90991210937,-7.789990234375,8.05),(-70.95932617187,
      -7.758837890625,8.05),(-70.95932617187,-7.758837890625,8.05),(
      -71.00874023437,-7.727685546875,8.05),(-71.07534179687,
      -7.727685546875,8.05),(-71.07534179687,-7.727685546875,8.05),(
      -71.19565429687,-7.727685546875,8.05),(-71.27514648437,
      -7.80771484375,8.05),(-71.27514648437,-7.80771484375,8.05),(
      -71.35463867187,-7.887744140625,8.05),(-71.35463867187,
      -8.063916015625,8.05),(-71.35463867187,-8.063916015625,8.05),(
      -71.35463867187,-8.726708984375,8.05),(-71.35463867187,
      -8.726708984375,8.05),(-71.54799804687,-8.726708984375,8.05),(
      -71.54799804687,-8.726708984375,8.05),(-71.54799804687,
      -7.985498046875,8.05),(-71.54799804687,-7.985498046875,8.05),(
      -71.54799804687,-7.856591796875,8.05),(-71.59526367187,
      -7.792138671875,8.05),(-71.59526367187,-7.792138671875,8.05),(
      -71.64252929687,-7.727685546875,8.05),(-71.74995117187,
      -7.727685546875,8.05),(-71.74995117187,-7.727685546875,8.05),(
      -71.83159179687,-7.727685546875,8.05),(-71.90087890625,
      -7.770654296875,8.05),(-71.90087890625,-7.770654296875,8.05),(
      -71.97016601562,-7.813623046875,8.05),(-72.00131835937,
      -7.896337890625,8.05),(-72.00131835937,-7.896337890625,8.05),(
      -72.03247070312,-7.979052734375,8.05),(-72.03247070312,
      -8.134814453125,8.05),(-72.03247070312,-8.134814453125,8.05),(
      -72.03247070312,-8.726708984375,8.05),(-72.03247070312,
      -8.726708984375,8.07),(-72.22583007812,-8.726708984375,8.07),(
      -72.22583007812,-8.726708984375,8.07),(-72.22583007812,
      -7.585888671875,8.07),(-72.22583007812,-7.585888671875,8.07),(
      -72.05288085937,-7.585888671875,8.07),(-72.05288085937,
      -7.585888671875,8.07),(-72.05288085937,-7.745947265625,8.07),(
      -72.05288085937,-7.745947265625,8.07),(-71.99916992187,
      -7.662158203125,8.07),(-71.91000976562,-7.6111328125,8.07),(
      -71.91000976562,-7.6111328125,8.07),(-71.82084960937,
      -7.560107421875,8.07),(-71.70698242187,-7.560107421875,8.07),(
      -71.70698242187,-7.560107421875,8.07),(-71.58022460937,
      -7.560107421875,8.07),(-71.49912109375,-7.612744140625,8.07),(
      -71.49912109375,-7.612744140625,8.07),(-71.41801757812,
      -7.665380859375,8.07),(-71.38471679687,-7.759912109375,8.07),(
      -71.38471679687,-7.759912109375,8.07),(-71.24936523437,
      -7.560107421875,8.07),(-71.03237304687,-7.560107421875,8.07),(
      -71.03237304687,-7.560107421875,8.07),(-70.86264648437,
      -7.560107421875,8.07),(-70.77133789062,-7.6541015625,8.07),(
      -70.77133789062,-7.6541015625,8.07),(-70.68002929687,
      -7.748095703125,8.07),(-70.68002929687,-7.943603515625,8.07),(
      -70.68002929687,-7.943603515625,8.07),(-70.68002929687,
      -8.726708984375,8.07),(-70.68002929687,-8.726708984375,8.07),(
      -70.87231445312,-8.726708984375,8.07),(-70.87231445312,
      -8.726708984375,8.07),(-70.87231445312,-8.008056640625,8.07),(
      -70.87231445312,-8.008056640625,8.07),(-70.87231445312,
      -7.892041015625,8.07),(-70.89111328125,-7.841015625,8.07),(
      -70.89111328125,-7.841015625,8.07),(-70.90991210937,
      -7.789990234375,8.07),(-70.95932617187,-7.758837890625,8.07),(
      -70.95932617187,-7.758837890625,8.07),(-71.00874023437,
      -7.727685546875,8.07),(-71.07534179687,-7.727685546875,8.07),(
      -71.07534179687,-7.727685546875,8.07),(-71.19565429687,
      -7.727685546875,8.07),(-71.27514648437,-7.80771484375,8.07),(
      -71.27514648437,-7.80771484375,8.07),(-71.35463867187,
      -7.887744140625,8.07),(-71.35463867187,-8.063916015625,8.07),(
      -71.35463867187,-8.063916015625,8.07),(-71.35463867187,
      -8.726708984375,8.07),(-71.35463867187,-8.726708984375,8.07),(
      -71.54799804687,-8.726708984375,8.07),(-71.54799804687,
      -8.726708984375,8.07),(-71.54799804687,-7.985498046875,8.07),(
      -71.54799804687,-7.985498046875,8.07),(-71.54799804687,
      -7.856591796875,8.07),(-71.59526367187,-7.792138671875,8.07),(
      -71.59526367187,-7.792138671875,8.07),(-71.64252929687,
      -7.727685546875,8.07),(-71.74995117187,-7.727685546875,8.07),(
      -71.74995117187,-7.727685546875,8.07),(-71.83159179687,
      -7.727685546875,8.07),(-71.90087890625,-7.770654296875,8.07),(
      -71.90087890625,-7.770654296875,8.07),(-71.97016601562,
      -7.813623046875,8.07),(-72.00131835937,-7.896337890625,8.07),(
      -72.00131835937,-7.896337890625,8.07),(-72.03247070312,
      -7.979052734375,8.07),(-72.03247070312,-8.134814453125,8.07),(
      -72.03247070312,-8.134814453125,8.07),(-72.03247070312,
      -8.726708984375,8.07)));
#3270 = ANNOTATION_PLANE('',(#3271),#3273,(#3265));
#3271 = PRESENTATION_STYLE_ASSIGNMENT((NULL_STYLE(.NULL.)));
#3273 = PLANE('',#3274);
#3274 = AXIS2_PLACEMENT_3D('',#3275,#3276,#3277);
#3275 = CARTESIAN_POINT('',(-75.,-8.,8.));
#3276 = DIRECTION('',(0.,0.,1.));
#3277 = DIRECTION('',(1.,0.,-0.));
#3278 = CONSTRUCTIVE_GEOMETRY_REPRESENTATION_RELATIONSHIP('','',#10,
  #3279);
#3279 = CONSTRUCTIVE_GEOMETRY_REPRESENTATION('',(#3065,#3069,#3104,#3108
    ,#3134,#3138,#3164,#3168,#3194,#3198,#3224,#3228,#3254,#3258),#3053
  );
#3280 = DRAUGHTING_MODEL('',(#3076,#3090,#3115,#3120,#3145,#3150,#3175,
    #3180,#3205,#3210,#3235,#3240,#3265,#3270),#3053);
ENDSEC;
END-ISO-10303-21;
